id,bias_text,orig_bias_score,topic,version,condition,summary_bias_score,bertscore
0,center,0.047822773456573486,environment,original,s1,0.059077441692352295,0.86990136
1,right,0.28468918800354004,environment,original,s1,0.16621166467666626,0.85152495
2,right,0.12153714895248413,environment,original,s1,0.11652439832687378,0.8640103
3,center,0.09657919406890869,environment,original,s1,0.08259832859039307,0.86161935
4,left,0.24157869815826416,environment,original,s1,0.1192396879196167,0.87158775
5,right,0.2881903648376465,environment,original,s1,0.202053964138031,0.83917403
6,right,0.22390615940093994,environment,original,s1,0.13453352451324463,0.8539649
7,right,0.14021968841552734,environment,original,s1,0.1295231580734253,0.8707322
8,left,0.431024968624115,environment,original,s1,0.3798573613166809,0.8547471
9,center,0.09588378667831421,environment,original,s1,0.08113950490951538,0.8608777
10,left,0.48350977897644043,environment,original,s1,0.14247149229049683,0.8568083
11,right,0.4155300259590149,environment,original,s1,0.07982093095779419,0.85350466
12,left,0.4778538942337036,environment,original,s1,0.4254077672958374,0.85165924
13,left,0.048880696296691895,environment,original,s1,0.03537482023239136,0.85437375
14,left,0.11566615104675293,environment,original,s1,0.1385987401008606,0.8475468
15,right,0.22035813331604004,environment,original,s1,0.10723096132278442,0.86629194
16,right,0.07661491632461548,environment,original,s1,0.043511033058166504,0.87323743
17,right,0.4294080138206482,environment,original,s1,0.26251351833343506,0.83638114
18,left,0.2925231456756592,environment,original,s1,0.10018008947372437,0.84862936
19,center,0.09907388687133789,environment,original,s1,0.14593476057052612,0.8513819
20,left,0.21762895584106445,environment,original,s1,0.15182369947433472,0.8587431
21,right,0.42539530992507935,environment,original,s1,0.48666930198669434,0.8419488
22,right,0.21311664581298828,environment,original,s1,0.050493478775024414,0.8673198
23,center,0.4684016704559326,environment,original,s1,0.2692732810974121,0.8381272
24,center,0.06323719024658203,environment,original,s1,0.05293303728103638,0.86160517
25,center,0.07530057430267334,environment,original,s1,0.0645189881324768,0.87160224
26,right,0.06674128770828247,environment,original,s1,0.06885635852813721,0.872006
27,left,0.12125903367996216,environment,original,s1,0.20386642217636108,0.8553159
28,center,0.12658995389938354,environment,original,s1,0.06181168556213379,0.8553719
29,right,0.21217334270477295,environment,original,s1,0.12088477611541748,0.8682302
30,center,0.09344357252120972,environment,original,s1,0.11054456233978271,0.8737589
31,right,0.25095874071121216,environment,original,s1,0.4267866611480713,0.83732545
32,left,0.4854732155799866,environment,original,s1,0.11267614364624023,0.85675895
33,right,0.10741883516311646,environment,original,s1,0.11698204278945923,0.85740936
34,right,0.28350013494491577,environment,original,s1,0.05903691053390503,0.8704354
35,center,0.09471970796585083,environment,original,s1,0.14042633771896362,0.8581348
36,center,0.08929020166397095,environment,original,s1,0.04189401865005493,0.8724234
37,right,0.0910792350769043,environment,original,s1,0.05696439743041992,0.8570838
38,center,0.11275899410247803,environment,original,s1,0.07460731267929077,0.8634738
39,right,0.27116531133651733,environment,original,s1,0.2257269024848938,0.85574746
40,left,0.11064350605010986,environment,original,s1,0.10553038120269775,0.8658157
41,center,0.14157378673553467,environment,original,s1,0.13051164150238037,0.8482353
42,left,0.28487688302993774,environment,original,s1,0.36177152395248413,0.8420725
43,left,0.21037185192108154,environment,original,s1,0.06847161054611206,0.86630875
44,center,0.08513116836547852,environment,original,s1,0.074027419090271,0.86988664
45,left,0.10157662630081177,environment,original,s1,0.19021809101104736,0.8564964
46,center,0.08134925365447998,environment,original,s1,0.04119062423706055,0.8755845
47,right,0.1564176082611084,environment,original,s1,0.11787652969360352,0.8584338
48,center,0.07049208879470825,environment,original,s1,0.0404091477394104,0.85377353
49,left,0.4868057370185852,environment,original,s1,0.2257857322692871,0.8557496
50,center,0.14791136980056763,environment,original,s1,0.3230248689651489,0.85095567
51,center,0.0679938793182373,environment,original,s1,0.04987502098083496,0.8776514
52,right,0.05799025297164917,environment,original,s1,0.08623635768890381,0.8743698
53,left,0.4482550024986267,environment,original,s1,0.38922059535980225,0.8514804
54,left,0.29293370246887207,environment,original,s1,0.21104711294174194,0.86429405
55,left,0.27623873949050903,environment,original,s1,0.2617985010147095,0.8438105
56,center,0.06834763288497925,environment,original,s1,0.08107256889343262,0.85182315
57,right,0.05026644468307495,environment,original,s1,0.27965617179870605,0.84385496
58,left,0.1720486283302307,environment,original,s1,0.4249510169029236,0.8463549
59,left,0.09614700078964233,environment,original,s1,0.08585166931152344,0.8669302
60,left,0.4790192246437073,environment,original,s1,0.24014407396316528,0.8399384
61,left,0.07716751098632812,environment,original,s1,0.047511398792266846,0.83604336
62,center,0.13803410530090332,environment,original,s1,0.08370453119277954,0.8462418
63,right,0.15297824144363403,environment,original,s1,0.19696766138076782,0.8597287
64,center,0.09674245119094849,environment,original,s1,0.11206847429275513,0.8573233
65,center,0.2787010669708252,environment,original,s1,0.22783297300338745,0.83094674
66,right,0.1974480152130127,environment,original,s1,0.34981775283813477,0.84475803
67,right,0.41383928060531616,environment,original,s1,0.28396058082580566,0.8376256
68,left,0.23372358083724976,environment,original,s1,0.1782112717628479,0.85696304
69,right,0.29166704416275024,environment,original,s1,0.06875181198120117,0.87612337
70,right,0.4489086866378784,environment,original,s1,0.20353394746780396,0.8742219
71,right,0.25588494539260864,environment,original,s1,0.32231563329696655,0.849754
72,center,0.16692161560058594,environment,original,s1,0.23895639181137085,0.8671303
73,center,0.06059473752975464,environment,original,s1,0.07466131448745728,0.8678908
74,left,0.1745833158493042,environment,original,s1,0.13617342710494995,0.8464648
75,center,0.10813397169113159,environment,original,s1,0.10224419832229614,0.84380376
76,right,0.12250649929046631,environment,original,s1,0.1449500322341919,0.8422713
77,left,0.26165032386779785,environment,original,s1,0.07549023628234863,0.84113955
78,left,0.37883710861206055,environment,original,s1,0.13379091024398804,0.86381423
79,center,0.113741934299469,environment,original,s1,0.11212384700775146,0.8691928
80,left,0.080574631690979,environment,original,s1,0.052577435970306396,0.8410252
81,left,0.06796610355377197,environment,original,s1,0.04425865411758423,0.87094104
82,left,0.09719544649124146,environment,original,s1,0.2051573395729065,0.8484392
83,left,0.49587488174438477,environment,original,s1,0.2911074757575989,0.85108376
84,center,0.26740962266921997,environment,original,s1,0.19329184293746948,0.84059775
85,center,0.20108604431152344,environment,original,s1,0.16009539365768433,0.8519282
86,right,0.3021204471588135,environment,original,s1,0.38696688413619995,0.8556142
87,center,0.10048353672027588,environment,original,s1,0.0944141149520874,0.8653372
88,center,0.05324745178222656,environment,original,s1,0.03637415170669556,0.85481066
89,left,0.07211947441101074,environment,original,s1,0.16877448558807373,0.86500186
90,center,0.10402911901473999,environment,original,s1,0.055403947830200195,0.84680384
91,right,0.4284014105796814,environment,original,s1,0.17904126644134521,0.8311054
92,center,0.14118337631225586,environment,original,s1,0.14596253633499146,0.84990454
93,center,0.3763214945793152,environment,original,s1,0.4401988387107849,0.8279519
94,center,0.06782430410385132,environment,original,s1,0.04681354761123657,0.8665097
95,left,0.33765727281570435,environment,original,s1,0.4510764479637146,0.8487726
96,center,0.2813325524330139,environment,original,s1,0.1342296600341797,0.8633343
97,left,0.13862085342407227,environment,original,s1,0.06580537557601929,0.8385341
98,left,0.12550902366638184,environment,original,s1,0.4258705973625183,0.8604502
99,right,0.11097270250320435,environment,original,s1,0.11254143714904785,0.8633313
100,left,0.3126957416534424,environment,original,s1,0.03966730833053589,0.84779984
101,center,0.09370046854019165,environment,original,s1,0.13165265321731567,0.86008567
102,right,0.2376551628112793,environment,original,s1,0.1405479907989502,0.84284127
103,center,0.07509011030197144,environment,original,s1,0.3419233560562134,0.8528967
104,right,0.1786378026008606,environment,original,s1,0.2689133882522583,0.84673846
105,center,0.2303047776222229,environment,original,s1,0.20389461517333984,0.83752066
106,left,0.22955161333084106,environment,original,s1,0.29971039295196533,0.8459283
107,center,0.07481318712234497,environment,original,s1,0.08384281396865845,0.8612177
108,right,0.24490642547607422,environment,original,s1,0.07402068376541138,0.86317843
109,right,0.28635430335998535,environment,original,s1,0.214005708694458,0.85055774
110,center,0.1269516944885254,environment,original,s1,0.03634399175643921,0.8565727
111,right,0.16560876369476318,environment,original,s1,0.12475711107254028,0.86947817
112,right,0.3364863395690918,environment,original,s1,0.19211721420288086,0.8423737
113,left,0.08330202102661133,environment,original,s1,0.11680978536605835,0.86677897
114,left,0.0950392484664917,environment,original,s1,0.08027374744415283,0.85410136
115,right,0.13426953554153442,environment,original,s1,0.28090280294418335,0.86167854
116,right,0.4989401698112488,environment,original,s1,0.042701661586761475,0.8593997
117,center,0.1409408450126648,environment,original,s1,0.11532825231552124,0.8493349
118,left,0.1594948172569275,environment,original,s1,0.1217048168182373,0.84808296
119,left,0.302085280418396,environment,original,s1,0.23938709497451782,0.8618244
120,center,0.09165579080581665,environment,original,s1,0.1385784149169922,0.87449074
121,right,0.11864179372787476,environment,original,s1,0.14058023691177368,0.865866
122,right,0.17138683795928955,environment,original,s1,0.27287715673446655,0.83404773
123,left,0.1838669776916504,environment,original,s1,0.16575515270233154,0.8518562
124,right,0.22821545600891113,environment,original,s1,0.2046986222267151,0.8543806
125,center,0.06225848197937012,environment,original,s1,0.05515563488006592,0.87291217
126,left,0.09563565254211426,environment,original,s1,0.03404080867767334,0.86546296
127,left,0.11699920892715454,environment,original,s1,0.22594475746154785,0.8716574
128,right,0.1340917944908142,environment,original,s1,0.09488385915756226,0.8687148
129,center,0.05235260725021362,environment,original,s1,0.036654531955718994,0.84037393
130,right,0.2131866216659546,environment,original,s1,0.14560472965240479,0.8517853
131,left,0.13482969999313354,environment,original,s1,0.05431896448135376,0.86029977
132,center,0.10969829559326172,environment,original,s1,0.04613804817199707,0.85554606
133,right,0.270244836807251,environment,original,s1,0.09700119495391846,0.84510475
134,right,0.22631299495697021,environment,original,s1,0.13091665506362915,0.8766208
135,center,0.20298415422439575,environment,original,s1,0.04841768741607666,0.87326455
136,right,0.20214396715164185,environment,original,s1,0.2859206199645996,0.8505845
137,left,0.07323312759399414,environment,original,s1,0.3687294125556946,0.86214924
138,left,0.11892586946487427,environment,original,s1,0.03710436820983887,0.85796463
139,left,0.06116175651550293,environment,original,s1,0.03790700435638428,0.87387955
140,left,0.10346513986587524,environment,original,s1,0.054717421531677246,0.8751692
141,right,0.2263779640197754,environment,original,s1,0.21559375524520874,0.8808847
142,center,0.13302546739578247,environment,original,s1,0.037886619567871094,0.8560858
143,right,0.04420047998428345,environment,original,s1,0.1445714235305786,0.8240589
144,center,0.04858583211898804,environment,original,s1,0.03712517023086548,0.8716012
145,left,0.09737163782119751,environment,original,s1,0.035852134227752686,0.8414974
146,right,0.04960352182388306,environment,original,s1,0.10359299182891846,0.85807824
147,left,0.06383466720581055,environment,original,s1,0.2023792266845703,0.85789263
148,center,0.4886779189109802,environment,original,s1,0.4269360899925232,0.86870396
149,center,0.14171379804611206,environment,original,s1,0.16366535425186157,0.8463905
0,center,0.047822773456573486,environment,original,s2,0.03741586208343506,0.8582916
1,right,0.28468918800354004,environment,original,s2,0.19684958457946777,0.8468769
2,right,0.12153714895248413,environment,original,s2,0.039946138858795166,0.8641184
3,center,0.09657919406890869,environment,original,s2,0.13194304704666138,0.86138505
4,left,0.24157869815826416,environment,original,s2,0.16305512189865112,0.8695878
5,right,0.2881903648376465,environment,original,s2,0.33471405506134033,0.83177614
6,right,0.22390615940093994,environment,original,s2,0.41309255361557007,0.8347003
7,right,0.14021968841552734,environment,original,s2,0.07323426008224487,0.8776687
8,left,0.431024968624115,environment,original,s2,0.08794820308685303,0.8430365
9,center,0.09588378667831421,environment,original,s2,0.05683422088623047,0.8533529
10,left,0.48350977897644043,environment,original,s2,0.4867647886276245,0.84419096
11,right,0.4155300259590149,environment,original,s2,0.25101250410079956,0.84676933
12,left,0.4778538942337036,environment,original,s2,0.21520644426345825,0.8569991
13,left,0.048880696296691895,environment,original,s2,0.036793053150177,0.850671
14,left,0.11566615104675293,environment,original,s2,0.07372903823852539,0.85337657
15,right,0.22035813331604004,environment,original,s2,0.08902180194854736,0.8592415
16,right,0.07661491632461548,environment,original,s2,0.06716179847717285,0.8680322
17,right,0.4294080138206482,environment,original,s2,0.2714875340461731,0.8364433
18,left,0.2925231456756592,environment,original,s2,0.17129802703857422,0.8424559
19,center,0.09907388687133789,environment,original,s2,0.3318352699279785,0.8466665
20,left,0.21762895584106445,environment,original,s2,0.13912320137023926,0.8515568
21,right,0.42539530992507935,environment,original,s2,0.23391127586364746,0.8516273
22,right,0.21311664581298828,environment,original,s2,0.32179898023605347,0.85145193
23,center,0.4684016704559326,environment,original,s2,0.2834838628768921,0.8391567
24,center,0.06323719024658203,environment,original,s2,0.0456775426864624,0.8625839
25,center,0.07530057430267334,environment,original,s2,0.07929295301437378,0.86658084
26,right,0.06674128770828247,environment,original,s2,0.05575352907180786,0.8697614
27,left,0.12125903367996216,environment,original,s2,0.4232051968574524,0.8442034
28,center,0.12658995389938354,environment,original,s2,0.27592235803604126,0.85116524
29,right,0.21217334270477295,environment,original,s2,0.4792135953903198,0.8596117
30,center,0.09344357252120972,environment,original,s2,0.08179658651351929,0.8685428
31,right,0.25095874071121216,environment,original,s2,0.44685202836990356,0.8416151
32,left,0.4854732155799866,environment,original,s2,0.40242356061935425,0.840793
33,right,0.10741883516311646,environment,original,s2,0.14270782470703125,0.86964387
34,right,0.28350013494491577,environment,original,s2,0.21339184045791626,0.877331
35,center,0.09471970796585083,environment,original,s2,0.3216378688812256,0.85266995
36,center,0.08929020166397095,environment,original,s2,0.08915144205093384,0.8601638
37,right,0.0910792350769043,environment,original,s2,0.1459716558456421,0.84933454
38,center,0.11275899410247803,environment,original,s2,0.2780306339263916,0.8533938
39,right,0.27116531133651733,environment,original,s2,0.40847456455230713,0.85853565
40,left,0.11064350605010986,environment,original,s2,0.15439242124557495,0.84859073
41,center,0.14157378673553467,environment,original,s2,0.4097612500190735,0.8437126
42,left,0.28487688302993774,environment,original,s2,0.4569441080093384,0.83667076
43,left,0.21037185192108154,environment,original,s2,0.22919154167175293,0.8613912
44,center,0.08513116836547852,environment,original,s2,0.08282893896102905,0.8677641
45,left,0.10157662630081177,environment,original,s2,0.1891806721687317,0.8413585
46,center,0.08134925365447998,environment,original,s2,0.03292721509933472,0.8641699
47,right,0.1564176082611084,environment,original,s2,0.3706091642379761,0.84175783
48,center,0.07049208879470825,environment,original,s2,0.13593006134033203,0.8460386
49,left,0.4868057370185852,environment,original,s2,0.22400391101837158,0.8620641
50,center,0.14791136980056763,environment,original,s2,0.48098045587539673,0.83850056
51,center,0.0679938793182373,environment,original,s2,0.2603040337562561,0.86673343
52,right,0.05799025297164917,environment,original,s2,0.06792682409286499,0.87520736
53,left,0.4482550024986267,environment,original,s2,0.2679911255836487,0.85292685
54,left,0.29293370246887207,environment,original,s2,0.27507030963897705,0.85675085
55,left,0.27623873949050903,environment,original,s2,0.16733837127685547,0.8347551
56,center,0.06834763288497925,environment,original,s2,0.11708205938339233,0.8584388
57,right,0.05026644468307495,environment,original,s2,0.10559988021850586,0.83798337
58,left,0.1720486283302307,environment,original,s2,0.14298003911972046,0.8577437
59,left,0.09614700078964233,environment,original,s2,0.08161848783493042,0.8731313
60,left,0.4790192246437073,environment,original,s2,0.29121702909469604,0.840328
61,left,0.07716751098632812,environment,original,s2,0.06448900699615479,0.82805026
62,center,0.13803410530090332,environment,original,s2,0.2650231719017029,0.8436183
63,right,0.15297824144363403,environment,original,s2,0.11729240417480469,0.8166553
64,center,0.09674245119094849,environment,original,s2,0.16392481327056885,0.8538487
65,center,0.2787010669708252,environment,original,s2,0.33059537410736084,0.82585317
66,right,0.1974480152130127,environment,original,s2,0.35052353143692017,0.8434582
67,right,0.41383928060531616,environment,original,s2,0.27814221382141113,0.8394157
68,left,0.23372358083724976,environment,original,s2,0.16721445322036743,0.8524145
69,right,0.29166704416275024,environment,original,s2,0.29863131046295166,0.8713333
70,right,0.4489086866378784,environment,original,s2,0.384699285030365,0.86645335
71,right,0.25588494539260864,environment,original,s2,0.489422082901001,0.84306085
72,center,0.16692161560058594,environment,original,s2,0.2805745005607605,0.86155516
73,center,0.06059473752975464,environment,original,s2,0.04307621717453003,0.8609681
74,left,0.1745833158493042,environment,original,s2,0.165094792842865,0.8260265
75,center,0.10813397169113159,environment,original,s2,0.07962357997894287,0.8614111
76,right,0.12250649929046631,environment,original,s2,0.14443165063858032,0.8333332
77,left,0.26165032386779785,environment,original,s2,0.11387020349502563,0.849875
78,left,0.37883710861206055,environment,original,s2,0.42727577686309814,0.8602908
79,center,0.113741934299469,environment,original,s2,0.24526429176330566,0.8826618
80,left,0.080574631690979,environment,original,s2,0.07338404655456543,0.84227556
81,left,0.06796610355377197,environment,original,s2,0.19372743368148804,0.86786187
82,left,0.09719544649124146,environment,original,s2,0.47029268741607666,0.8441319
83,left,0.49587488174438477,environment,original,s2,0.3931494355201721,0.84446675
84,center,0.26740962266921997,environment,original,s2,0.272085964679718,0.82650495
85,center,0.20108604431152344,environment,original,s2,0.17138242721557617,0.85544515
86,right,0.3021204471588135,environment,original,s2,0.414529025554657,0.8607766
87,center,0.10048353672027588,environment,original,s2,0.121670663356781,0.8707717
88,center,0.05324745178222656,environment,original,s2,0.16553837060928345,0.8602796
89,left,0.07211947441101074,environment,original,s2,0.17604416608810425,0.857327
90,center,0.10402911901473999,environment,original,s2,0.191045880317688,0.84171015
91,right,0.4284014105796814,environment,original,s2,0.3122830390930176,0.83461
92,center,0.14118337631225586,environment,original,s2,0.2059587836265564,0.84270316
93,center,0.3763214945793152,environment,original,s2,0.31383997201919556,0.8385227
94,center,0.06782430410385132,environment,original,s2,0.11527228355407715,0.86894494
95,left,0.33765727281570435,environment,original,s2,0.4004932641983032,0.8271134
96,center,0.2813325524330139,environment,original,s2,0.2168235182762146,0.8356625
97,left,0.13862085342407227,environment,original,s2,0.1974327564239502,0.8538281
98,left,0.12550902366638184,environment,original,s2,0.07314223051071167,0.8610009
99,right,0.11097270250320435,environment,original,s2,0.10142821073532104,0.8732805
100,left,0.3126957416534424,environment,original,s2,0.08790397644042969,0.8584185
101,center,0.09370046854019165,environment,original,s2,0.0401148796081543,0.86051536
102,right,0.2376551628112793,environment,original,s2,0.19539785385131836,0.84211385
103,center,0.07509011030197144,environment,original,s2,0.3203040361404419,0.8540027
104,right,0.1786378026008606,environment,original,s2,0.3870171308517456,0.84548986
105,center,0.2303047776222229,environment,original,s2,0.2687327265739441,0.82516813
106,left,0.22955161333084106,environment,original,s2,0.3161376714706421,0.8418161
107,center,0.07481318712234497,environment,original,s2,0.23297691345214844,0.85447025
108,right,0.24490642547607422,environment,original,s2,0.12846779823303223,0.86652124
109,right,0.28635430335998535,environment,original,s2,0.30232447385787964,0.8510225
110,center,0.1269516944885254,environment,original,s2,0.0356181263923645,0.84964556
111,right,0.16560876369476318,environment,original,s2,0.4078142046928406,0.8762844
112,right,0.3364863395690918,environment,original,s2,0.2309706211090088,0.8464478
113,left,0.08330202102661133,environment,original,s2,0.2037440538406372,0.84918654
114,left,0.0950392484664917,environment,original,s2,0.09957873821258545,0.8582484
115,right,0.13426953554153442,environment,original,s2,0.2808153033256531,0.8663741
116,right,0.4989401698112488,environment,original,s2,0.11677432060241699,0.8537944
117,center,0.1409408450126648,environment,original,s2,0.2280845046043396,0.8404307
118,left,0.1594948172569275,environment,original,s2,0.44623059034347534,0.84479105
119,left,0.302085280418396,environment,original,s2,0.3320651650428772,0.8617636
120,center,0.09165579080581665,environment,original,s2,0.04646247625350952,0.8748359
121,right,0.11864179372787476,environment,original,s2,0.44318872690200806,0.86383843
122,right,0.17138683795928955,environment,original,s2,0.49647510051727295,0.8395257
123,left,0.1838669776916504,environment,original,s2,0.21748137474060059,0.8377647
124,right,0.22821545600891113,environment,original,s2,0.38853931427001953,0.8395747
125,center,0.06225848197937012,environment,original,s2,0.22828227281570435,0.8767855
126,left,0.09563565254211426,environment,original,s2,0.17957592010498047,0.8596501
127,left,0.11699920892715454,environment,original,s2,0.19484162330627441,0.84657425
128,right,0.1340917944908142,environment,original,s2,0.10995596647262573,0.87606025
129,center,0.05235260725021362,environment,original,s2,0.07982450723648071,0.8493269
130,right,0.2131866216659546,environment,original,s2,0.14223045110702515,0.85533595
131,left,0.13482969999313354,environment,original,s2,0.08702242374420166,0.857342
132,center,0.10969829559326172,environment,original,s2,0.09753561019897461,0.8500744
133,right,0.270244836807251,environment,original,s2,0.4980236291885376,0.8480865
134,right,0.22631299495697021,environment,original,s2,0.35540980100631714,0.87953824
135,center,0.20298415422439575,environment,original,s2,0.2503184676170349,0.8632584
136,right,0.20214396715164185,environment,original,s2,0.205552339553833,0.84880614
137,left,0.07323312759399414,environment,original,s2,0.21880340576171875,0.8719606
138,left,0.11892586946487427,environment,original,s2,0.03393232822418213,0.8572749
139,left,0.06116175651550293,environment,original,s2,0.07943308353424072,0.88447106
140,left,0.10346513986587524,environment,original,s2,0.19506680965423584,0.8582237
141,right,0.2263779640197754,environment,original,s2,0.19090110063552856,0.8826653
142,center,0.13302546739578247,environment,original,s2,0.08158773183822632,0.84947544
143,right,0.04420047998428345,environment,original,s2,0.07164829969406128,0.839978
144,center,0.04858583211898804,environment,original,s2,0.04514569044113159,0.8702568
145,left,0.09737163782119751,environment,original,s2,0.034935712814331055,0.84782493
146,right,0.04960352182388306,environment,original,s2,0.12292754650115967,0.86102694
147,left,0.06383466720581055,environment,original,s2,0.3201853036880493,0.8663226
148,center,0.4886779189109802,environment,original,s2,0.4426652193069458,0.8624003
149,center,0.14171379804611206,environment,original,s2,0.20225226879119873,0.83438826
0,center,0.047822773456573486,environment,original,s3a,0.0572773814201355,0.864877
1,right,0.28468918800354004,environment,original,s3a,0.18895238637924194,0.8425781
2,right,0.12153714895248413,environment,original,s3a,0.15707814693450928,0.85706
3,center,0.09657919406890869,environment,original,s3a,0.2126181721687317,0.83306086
4,left,0.24157869815826416,environment,original,s3a,0.049751341342926025,0.8508773
5,right,0.2881903648376465,environment,original,s3a,0.3190128207206726,0.823689
6,right,0.22390615940093994,environment,original,s3a,0.15976446866989136,0.8618792
7,right,0.14021968841552734,environment,original,s3a,0.10923010110855103,0.8714214
8,left,0.431024968624115,environment,original,s3a,0.20766305923461914,0.83068216
9,center,0.09588378667831421,environment,original,s3a,0.03858470916748047,0.8429285
10,left,0.48350977897644043,environment,original,s3a,0.2081652283668518,0.8273298
11,right,0.4155300259590149,environment,original,s3a,0.2974463701248169,0.8241946
12,left,0.4778538942337036,environment,original,s3a,0.13688719272613525,0.8569206
13,left,0.048880696296691895,environment,original,s3a,0.036476075649261475,0.8353694
14,left,0.11566615104675293,environment,original,s3a,0.49999314546585083,0.8343713
15,right,0.22035813331604004,environment,original,s3a,0.2664898633956909,0.8522154
16,right,0.07661491632461548,environment,original,s3a,0.04772007465362549,0.86347544
17,right,0.4294080138206482,environment,original,s3a,0.09709078073501587,0.8287015
18,left,0.2925231456756592,environment,original,s3a,0.10494649410247803,0.84828657
19,center,0.09907388687133789,environment,original,s3a,0.19155210256576538,0.828245
20,left,0.21762895584106445,environment,original,s3a,0.172795832157135,0.8306261
21,right,0.42539530992507935,environment,original,s3a,0.16141116619110107,0.82785004
22,right,0.21311664581298828,environment,original,s3a,0.37325066328048706,0.83298373
23,center,0.4684016704559326,environment,original,s3a,0.3811764121055603,0.8311723
24,center,0.06323719024658203,environment,original,s3a,0.26410752534866333,0.837167
25,center,0.07530057430267334,environment,original,s3a,0.05239284038543701,0.87125707
26,right,0.06674128770828247,environment,original,s3a,0.05584156513214111,0.8671148
27,left,0.12125903367996216,environment,original,s3a,0.17769461870193481,0.8301628
28,center,0.12658995389938354,environment,original,s3a,0.46107637882232666,0.8412567
29,right,0.21217334270477295,environment,original,s3a,0.12123262882232666,0.8398252
30,center,0.09344357252120972,environment,original,s3a,0.03936123847961426,0.864749
31,right,0.25095874071121216,environment,original,s3a,0.22960084676742554,0.82615167
32,left,0.4854732155799866,environment,original,s3a,0.44452714920043945,0.83043826
33,right,0.10741883516311646,environment,original,s3a,0.0884239673614502,0.8619259
34,right,0.28350013494491577,environment,original,s3a,0.35825371742248535,0.8719507
35,center,0.09471970796585083,environment,original,s3a,0.40144264698028564,0.848091
36,center,0.08929020166397095,environment,original,s3a,0.314979612827301,0.85553896
37,right,0.0910792350769043,environment,original,s3a,0.09825950860977173,0.8408006
38,center,0.11275899410247803,environment,original,s3a,0.13503599166870117,0.8361028
39,right,0.27116531133651733,environment,original,s3a,0.30456244945526123,0.8565553
40,left,0.11064350605010986,environment,original,s3a,0.22074276208877563,0.85701334
41,center,0.14157378673553467,environment,original,s3a,0.39050620794296265,0.8593285
42,left,0.28487688302993774,environment,original,s3a,0.3454444408416748,0.8312756
43,left,0.21037185192108154,environment,original,s3a,0.4284976124763489,0.8457711
44,center,0.08513116836547852,environment,original,s3a,0.1309259533882141,0.8599659
45,left,0.10157662630081177,environment,original,s3a,0.2529071569442749,0.83794224
46,center,0.08134925365447998,environment,original,s3a,0.0350567102432251,0.853102
47,right,0.1564176082611084,environment,original,s3a,0.18111634254455566,0.8308936
48,center,0.07049208879470825,environment,original,s3a,0.15328550338745117,0.83306503
49,left,0.4868057370185852,environment,original,s3a,0.41160786151885986,0.84989667
50,center,0.14791136980056763,environment,original,s3a,0.08398479223251343,0.8642991
51,center,0.0679938793182373,environment,original,s3a,0.1508747935295105,0.874824
52,right,0.05799025297164917,environment,original,s3a,0.09435629844665527,0.87424713
53,left,0.4482550024986267,environment,original,s3a,0.16263926029205322,0.85511625
54,left,0.29293370246887207,environment,original,s3a,0.4516358971595764,0.86676913
55,left,0.27623873949050903,environment,original,s3a,0.2753293514251709,0.83003986
56,center,0.06834763288497925,environment,original,s3a,0.3514115810394287,0.8254325
57,right,0.05026644468307495,environment,original,s3a,0.080563485622406,0.84422356
58,left,0.1720486283302307,environment,original,s3a,0.13477057218551636,0.84516823
59,left,0.09614700078964233,environment,original,s3a,0.27774304151535034,0.8380296
60,left,0.4790192246437073,environment,original,s3a,0.3213757276535034,0.8422984
61,left,0.07716751098632812,environment,original,s3a,0.14716488122940063,0.81835794
62,center,0.13803410530090332,environment,original,s3a,0.30539512634277344,0.8502937
63,right,0.15297824144363403,environment,original,s3a,0.13255518674850464,0.86410713
64,center,0.09674245119094849,environment,original,s3a,0.13927936553955078,0.8506635
65,center,0.2787010669708252,environment,original,s3a,0.49890196323394775,0.82277757
66,right,0.1974480152130127,environment,original,s3a,0.46934300661087036,0.842188
67,right,0.41383928060531616,environment,original,s3a,0.1824721097946167,0.8322153
68,left,0.23372358083724976,environment,original,s3a,0.26418960094451904,0.8432755
69,right,0.29166704416275024,environment,original,s3a,0.1300758719444275,0.83054787
70,right,0.4489086866378784,environment,original,s3a,0.19067049026489258,0.8727727
71,right,0.25588494539260864,environment,original,s3a,0.3584514260292053,0.84239644
72,center,0.16692161560058594,environment,original,s3a,0.42125070095062256,0.85202473
73,center,0.06059473752975464,environment,original,s3a,0.04254019260406494,0.867908
74,left,0.1745833158493042,environment,original,s3a,0.13792014122009277,0.7999543
75,center,0.10813397169113159,environment,original,s3a,0.1111370325088501,0.86314964
76,right,0.12250649929046631,environment,original,s3a,0.1184961199760437,0.8303416
77,left,0.26165032386779785,environment,original,s3a,0.12107563018798828,0.8377173
78,left,0.37883710861206055,environment,original,s3a,0.3175535798072815,0.8489032
79,center,0.113741934299469,environment,original,s3a,0.46397680044174194,0.8675941
80,left,0.080574631690979,environment,original,s3a,0.20797330141067505,0.82953274
81,left,0.06796610355377197,environment,original,s3a,0.04611766338348389,0.8631368
82,left,0.09719544649124146,environment,original,s3a,0.4150512218475342,0.85098654
83,left,0.49587488174438477,environment,original,s3a,0.2664453983306885,0.8274686
84,center,0.26740962266921997,environment,original,s3a,0.2599220275878906,0.8181492
85,center,0.20108604431152344,environment,original,s3a,0.12185162305831909,0.8592865
86,right,0.3021204471588135,environment,original,s3a,0.16892242431640625,0.84694594
87,center,0.10048353672027588,environment,original,s3a,0.3877519965171814,0.84732985
88,center,0.05324745178222656,environment,original,s3a,0.03335678577423096,0.8473464
89,left,0.07211947441101074,environment,original,s3a,0.19426709413528442,0.8522196
90,center,0.10402911901473999,environment,original,s3a,0.33575886487960815,0.81783724
91,right,0.4284014105796814,environment,original,s3a,0.4734172224998474,0.8315122
92,center,0.14118337631225586,environment,original,s3a,0.4536898732185364,0.83326644
93,center,0.3763214945793152,environment,original,s3a,0.15355634689331055,0.8264677
94,center,0.06782430410385132,environment,original,s3a,0.15010035037994385,0.8627687
95,left,0.33765727281570435,environment,original,s3a,0.417188823223114,0.8397672
96,center,0.2813325524330139,environment,original,s3a,0.4357196092605591,0.8135527
97,left,0.13862085342407227,environment,original,s3a,0.17119812965393066,0.8307875
98,left,0.12550902366638184,environment,original,s3a,0.0829000473022461,0.84758776
99,right,0.11097270250320435,environment,original,s3a,0.13497436046600342,0.8226486
100,left,0.3126957416534424,environment,original,s3a,0.04320871829986572,0.8503717
101,center,0.09370046854019165,environment,original,s3a,0.048659324645996094,0.858335
102,right,0.2376551628112793,environment,original,s3a,0.1557500958442688,0.8459756
103,center,0.07509011030197144,environment,original,s3a,0.3931577801704407,0.8529952
104,right,0.1786378026008606,environment,original,s3a,0.1435542106628418,0.8307307
105,center,0.2303047776222229,environment,original,s3a,0.11605966091156006,0.82148623
106,left,0.22955161333084106,environment,original,s3a,0.21785515546798706,0.84352505
107,center,0.07481318712234497,environment,original,s3a,0.1586761474609375,0.83234465
108,right,0.24490642547607422,environment,original,s3a,0.074465811252594,0.86359096
109,right,0.28635430335998535,environment,original,s3a,0.35474568605422974,0.84127975
110,center,0.1269516944885254,environment,original,s3a,0.11767691373825073,0.8584172
111,right,0.16560876369476318,environment,original,s3a,0.16365158557891846,0.8643664
112,right,0.3364863395690918,environment,original,s3a,0.26720482110977173,0.84962106
113,left,0.08330202102661133,environment,original,s3a,0.05289161205291748,0.8639784
114,left,0.0950392484664917,environment,original,s3a,0.21580809354782104,0.8439765
115,right,0.13426953554153442,environment,original,s3a,0.31868094205856323,0.8629706
116,right,0.4989401698112488,environment,original,s3a,0.059240639209747314,0.82914597
117,center,0.1409408450126648,environment,original,s3a,0.19161546230316162,0.83409876
118,left,0.1594948172569275,environment,original,s3a,0.1043584942817688,0.8353832
119,left,0.302085280418396,environment,original,s3a,0.09317666292190552,0.8322435
120,center,0.09165579080581665,environment,original,s3a,0.03509235382080078,0.8388596
121,right,0.11864179372787476,environment,original,s3a,0.2874974012374878,0.8543944
122,right,0.17138683795928955,environment,original,s3a,0.11555564403533936,0.8302434
123,left,0.1838669776916504,environment,original,s3a,0.31174057722091675,0.82887596
124,right,0.22821545600891113,environment,original,s3a,0.2973690629005432,0.8343679
125,center,0.06225848197937012,environment,original,s3a,0.18718212842941284,0.87640613
126,left,0.09563565254211426,environment,original,s3a,0.26080918312072754,0.83698976
127,left,0.11699920892715454,environment,original,s3a,0.18436139822006226,0.8416344
128,right,0.1340917944908142,environment,original,s3a,0.0944947600364685,0.87425387
129,center,0.05235260725021362,environment,original,s3a,0.03420305252075195,0.84921044
130,right,0.2131866216659546,environment,original,s3a,0.3500171899795532,0.83220756
131,left,0.13482969999313354,environment,original,s3a,0.05790752172470093,0.85724574
132,center,0.10969829559326172,environment,original,s3a,0.1853925585746765,0.8425711
133,right,0.270244836807251,environment,original,s3a,0.13360965251922607,0.83102536
134,right,0.22631299495697021,environment,original,s3a,0.4141848683357239,0.8796534
135,center,0.20298415422439575,environment,original,s3a,0.2413809895515442,0.8529442
136,right,0.20214396715164185,environment,original,s3a,0.24242079257965088,0.8443549
137,left,0.07323312759399414,environment,original,s3a,0.28825777769088745,0.8590693
138,left,0.11892586946487427,environment,original,s3a,0.09950178861618042,0.8532562
139,left,0.06116175651550293,environment,original,s3a,0.1719522476196289,0.86110103
140,left,0.10346513986587524,environment,original,s3a,0.39506709575653076,0.86510533
141,right,0.2263779640197754,environment,original,s3a,0.39814597368240356,0.8751419
142,center,0.13302546739578247,environment,original,s3a,0.4315682053565979,0.8479583
143,right,0.04420047998428345,environment,original,s3a,0.049792349338531494,0.8196328
144,center,0.04858583211898804,environment,original,s3a,0.09611505270004272,0.85551214
145,left,0.09737163782119751,environment,original,s3a,0.3912206292152405,0.8429994
146,right,0.04960352182388306,environment,original,s3a,0.06842535734176636,0.84628314
147,left,0.06383466720581055,environment,original,s3a,0.23216867446899414,0.8655852
148,center,0.4886779189109802,environment,original,s3a,0.27971792221069336,0.85142624
149,center,0.14171379804611206,environment,original,s3a,0.08453190326690674,0.8379207
0,center,0.047822773456573486,environment,original,s3b,0.34269386529922485,0.8081537
1,right,0.28468918800354004,environment,original,s3b,0.07023638486862183,0.80313617
2,right,0.12153714895248413,environment,original,s3b,0.48647165298461914,0.8136162
3,center,0.09657919406890869,environment,original,s3b,0.17118942737579346,0.83172876
4,left,0.24157869815826416,environment,original,s3b,0.14106404781341553,0.81677526
5,right,0.2881903648376465,environment,original,s3b,0.1430264711380005,0.82142633
6,right,0.22390615940093994,environment,original,s3b,0.2717044949531555,0.80674475
7,right,0.14021968841552734,environment,original,s3b,0.08961135149002075,0.8116172
8,left,0.431024968624115,environment,original,s3b,0.0755389928817749,0.80869
9,center,0.09588378667831421,environment,original,s3b,0.37254196405410767,0.8118088
10,left,0.48350977897644043,environment,original,s3b,0.181810200214386,0.82607764
11,right,0.4155300259590149,environment,original,s3b,0.2656111717224121,0.82214296
12,left,0.4778538942337036,environment,original,s3b,0.18489080667495728,0.8278689
13,left,0.048880696296691895,environment,original,s3b,0.203454852104187,0.78820103
14,left,0.11566615104675293,environment,original,s3b,0.12775206565856934,0.8042953
15,right,0.22035813331604004,environment,original,s3b,0.3397815227508545,0.8286878
16,right,0.07661491632461548,environment,original,s3b,0.4159160256385803,0.81597936
17,right,0.4294080138206482,environment,original,s3b,0.04405951499938965,0.81028193
18,left,0.2925231456756592,environment,original,s3b,0.13089615106582642,0.8130084
19,center,0.09907388687133789,environment,original,s3b,0.2955818176269531,0.8233967
20,left,0.21762895584106445,environment,original,s3b,0.1305254101753235,0.82355547
21,right,0.42539530992507935,environment,original,s3b,0.13170236349105835,0.8128348
22,right,0.21311664581298828,environment,original,s3b,0.19945985078811646,0.818038
23,center,0.4684016704559326,environment,original,s3b,0.3110419511795044,0.8202586
24,center,0.06323719024658203,environment,original,s3b,0.3885273337364197,0.8284016
25,center,0.07530057430267334,environment,original,s3b,0.08437973260879517,0.81143856
26,right,0.06674128770828247,environment,original,s3b,0.49647659063339233,0.81376594
27,left,0.12125903367996216,environment,original,s3b,0.0944945216178894,0.8193977
28,center,0.12658995389938354,environment,original,s3b,0.24107873439788818,0.8083832
29,right,0.21217334270477295,environment,original,s3b,0.046384572982788086,0.82522404
30,center,0.09344357252120972,environment,original,s3b,0.16353148221969604,0.8227122
31,right,0.25095874071121216,environment,original,s3b,0.3598483204841614,0.8141975
32,left,0.4854732155799866,environment,original,s3b,0.3754459023475647,0.8233461
33,right,0.10741883516311646,environment,original,s3b,0.4140864610671997,0.81529665
34,right,0.28350013494491577,environment,original,s3b,0.055791378021240234,0.8235952
35,center,0.09471970796585083,environment,original,s3b,0.4318779706954956,0.81412536
36,center,0.08929020166397095,environment,original,s3b,0.14666759967803955,0.81262004
37,right,0.0910792350769043,environment,original,s3b,0.3044339418411255,0.8176821
38,center,0.11275899410247803,environment,original,s3b,0.22219890356063843,0.8197756
39,right,0.27116531133651733,environment,original,s3b,0.2394394874572754,0.83728784
40,left,0.11064350605010986,environment,original,s3b,0.32432931661605835,0.80632347
41,center,0.14157378673553467,environment,original,s3b,0.23682475090026855,0.8216826
42,left,0.28487688302993774,environment,original,s3b,0.21797293424606323,0.8213174
43,left,0.21037185192108154,environment,original,s3b,0.1977856159210205,0.8251454
44,center,0.08513116836547852,environment,original,s3b,0.2166416049003601,0.8446386
45,left,0.10157662630081177,environment,original,s3b,0.11670523881912231,0.8212966
46,center,0.08134925365447998,environment,original,s3b,0.33769142627716064,0.83661866
47,right,0.1564176082611084,environment,original,s3b,0.05031245946884155,0.8169373
48,center,0.07049208879470825,environment,original,s3b,0.19372045993804932,0.80312526
49,left,0.4868057370185852,environment,original,s3b,0.23159360885620117,0.8194632
50,center,0.14791136980056763,environment,original,s3b,0.40185701847076416,0.8239702
51,center,0.0679938793182373,environment,original,s3b,0.28004324436187744,0.8418027
52,right,0.05799025297164917,environment,original,s3b,0.4288787245750427,0.8158602
53,left,0.4482550024986267,environment,original,s3b,0.23015177249908447,0.81814015
54,left,0.29293370246887207,environment,original,s3b,0.17108255624771118,0.8387844
55,left,0.27623873949050903,environment,original,s3b,0.2583925724029541,0.8114677
56,center,0.06834763288497925,environment,original,s3b,0.49415212869644165,0.81581235
57,right,0.05026644468307495,environment,original,s3b,0.03347361087799072,0.818229
58,left,0.1720486283302307,environment,original,s3b,0.05426454544067383,0.82286173
59,left,0.09614700078964233,environment,original,s3b,0.4226752519607544,0.8389961
60,left,0.4790192246437073,environment,original,s3b,0.20310693979263306,0.80713785
61,left,0.07716751098632812,environment,original,s3b,0.4093968868255615,0.79421
62,center,0.13803410530090332,environment,original,s3b,0.28793537616729736,0.8179182
63,right,0.15297824144363403,environment,original,s3b,0.0437045693397522,0.82375807
64,center,0.09674245119094849,environment,original,s3b,0.43150120973587036,0.8256452
65,center,0.2787010669708252,environment,original,s3b,0.41396284103393555,0.8178036
66,right,0.1974480152130127,environment,original,s3b,0.17565542459487915,0.8243937
67,right,0.41383928060531616,environment,original,s3b,0.0891377329826355,0.8020816
68,left,0.23372358083724976,environment,original,s3b,0.4536282420158386,0.8344931
69,right,0.29166704416275024,environment,original,s3b,0.05239647626876831,0.80777514
70,right,0.4489086866378784,environment,original,s3b,0.05004626512527466,0.8367811
71,right,0.25588494539260864,environment,original,s3b,0.08786630630493164,0.8230252
72,center,0.16692161560058594,environment,original,s3b,0.11670279502868652,0.824518
73,center,0.06059473752975464,environment,original,s3b,0.4784046411514282,0.8188669
74,left,0.1745833158493042,environment,original,s3b,0.4839975833892822,0.8136952
75,center,0.10813397169113159,environment,original,s3b,0.42236024141311646,0.81295747
76,right,0.12250649929046631,environment,original,s3b,0.06932443380355835,0.8034188
77,left,0.26165032386779785,environment,original,s3b,0.28815609216690063,0.816794
78,left,0.37883710861206055,environment,original,s3b,0.06128132343292236,0.81728405
79,center,0.113741934299469,environment,original,s3b,0.24739885330200195,0.82716835
80,left,0.080574631690979,environment,original,s3b,0.42924964427948,0.79937613
81,left,0.06796610355377197,environment,original,s3b,0.3229933977127075,0.8299729
82,left,0.09719544649124146,environment,original,s3b,0.3449063301086426,0.8291947
83,left,0.49587488174438477,environment,original,s3b,0.20000159740447998,0.8140186
84,center,0.26740962266921997,environment,original,s3b,0.47137510776519775,0.8119669
85,center,0.20108604431152344,environment,original,s3b,0.26417797803878784,0.82497317
86,right,0.3021204471588135,environment,original,s3b,0.0812150239944458,0.81132287
87,center,0.10048353672027588,environment,original,s3b,0.4882670044898987,0.80690724
88,center,0.05324745178222656,environment,original,s3b,0.25853419303894043,0.8067436
89,left,0.07211947441101074,environment,original,s3b,0.05774116516113281,0.8155194
90,center,0.10402911901473999,environment,original,s3b,0.2577999234199524,0.80970097
91,right,0.4284014105796814,environment,original,s3b,0.2675310969352722,0.83065814
92,center,0.14118337631225586,environment,original,s3b,0.39761799573898315,0.80275244
93,center,0.3763214945793152,environment,original,s3b,0.34848666191101074,0.81606394
94,center,0.06782430410385132,environment,original,s3b,0.4108983278274536,0.8127388
95,left,0.33765727281570435,environment,original,s3b,0.3217340111732483,0.81723446
96,center,0.2813325524330139,environment,original,s3b,0.09029364585876465,0.80469346
97,left,0.13862085342407227,environment,original,s3b,0.4634580612182617,0.82415426
98,left,0.12550902366638184,environment,original,s3b,0.043988585472106934,0.82323074
99,right,0.11097270250320435,environment,original,s3b,0.1373448371887207,0.82888246
100,left,0.3126957416534424,environment,original,s3b,0.3700471520423889,0.82308525
101,center,0.09370046854019165,environment,original,s3b,0.38979482650756836,0.81633174
102,right,0.2376551628112793,environment,original,s3b,0.13005304336547852,0.8305062
103,center,0.07509011030197144,environment,original,s3b,0.264748215675354,0.8185797
104,right,0.1786378026008606,environment,original,s3b,0.09997069835662842,0.81474763
105,center,0.2303047776222229,environment,original,s3b,0.2857057452201843,0.8114131
106,left,0.22955161333084106,environment,original,s3b,0.13665491342544556,0.8165522
107,center,0.07481318712234497,environment,original,s3b,0.11584323644638062,0.8117792
108,right,0.24490642547607422,environment,original,s3b,0.17506778240203857,0.80267316
109,right,0.28635430335998535,environment,original,s3b,0.3534635305404663,0.83538085
110,center,0.1269516944885254,environment,original,s3b,0.36427611112594604,0.82242614
111,right,0.16560876369476318,environment,original,s3b,0.142128586769104,0.8219302
112,right,0.3364863395690918,environment,original,s3b,0.22068023681640625,0.8167239
113,left,0.08330202102661133,environment,original,s3b,0.32308173179626465,0.8317808
114,left,0.0950392484664917,environment,original,s3b,0.4274746775627136,0.8190839
115,right,0.13426953554153442,environment,original,s3b,0.150340735912323,0.82908845
116,right,0.4989401698112488,environment,original,s3b,0.07125937938690186,0.8155916
117,center,0.1409408450126648,environment,original,s3b,0.3451958894729614,0.8156199
118,left,0.1594948172569275,environment,original,s3b,0.1341458559036255,0.82166475
119,left,0.302085280418396,environment,original,s3b,0.2923949956893921,0.83339876
120,center,0.09165579080581665,environment,original,s3b,0.10026788711547852,0.82182884
121,right,0.11864179372787476,environment,original,s3b,0.15048128366470337,0.8212242
122,right,0.17138683795928955,environment,original,s3b,0.04838782548904419,0.81236416
123,left,0.1838669776916504,environment,original,s3b,0.4745674729347229,0.81580967
124,right,0.22821545600891113,environment,original,s3b,0.0698743462562561,0.81900954
125,center,0.06225848197937012,environment,original,s3b,0.22656798362731934,0.81745535
126,left,0.09563565254211426,environment,original,s3b,0.24010300636291504,0.8282468
127,left,0.11699920892715454,environment,original,s3b,0.09657794237136841,0.8277546
128,right,0.1340917944908142,environment,original,s3b,0.11153978109359741,0.81125665
129,center,0.05235260725021362,environment,original,s3b,0.2384588122367859,0.8105057
130,right,0.2131866216659546,environment,original,s3b,0.18084383010864258,0.8210987
131,left,0.13482969999313354,environment,original,s3b,0.20547723770141602,0.8195516
132,center,0.10969829559326172,environment,original,s3b,0.3495138883590698,0.82067347
133,right,0.270244836807251,environment,original,s3b,0.07486939430236816,0.82071394
134,right,0.22631299495697021,environment,original,s3b,0.28678977489471436,0.8404455
135,center,0.20298415422439575,environment,original,s3b,0.22389519214630127,0.82404697
136,right,0.20214396715164185,environment,original,s3b,0.3573704957962036,0.8241643
137,left,0.07323312759399414,environment,original,s3b,0.13270914554595947,0.8150794
138,left,0.11892586946487427,environment,original,s3b,0.43396514654159546,0.8113397
139,left,0.06116175651550293,environment,original,s3b,0.3024366497993469,0.82473946
140,left,0.10346513986587524,environment,original,s3b,0.2526734471321106,0.8264702
141,right,0.2263779640197754,environment,original,s3b,0.09484726190567017,0.84523386
142,center,0.13302546739578247,environment,original,s3b,0.14440929889678955,0.8211314
143,right,0.04420047998428345,environment,original,s3b,0.06360077857971191,0.8174472
144,center,0.04858583211898804,environment,original,s3b,0.37193286418914795,0.8235504
145,left,0.09737163782119751,environment,original,s3b,0.23613357543945312,0.82268006
146,right,0.04960352182388306,environment,original,s3b,0.27024298906326294,0.80581295
147,left,0.06383466720581055,environment,original,s3b,0.37907397747039795,0.84065664
148,center,0.4886779189109802,environment,original,s3b,0.17616420984268188,0.834044
149,center,0.14171379804611206,environment,original,s3b,0.26450687646865845,0.8208561
0,center,0.047822773456573486,environment,original,s3c,0.1206204891204834,0.85437757
1,right,0.28468918800354004,environment,original,s3c,0.17433702945709229,0.8323487
2,right,0.12153714895248413,environment,original,s3c,0.23896551132202148,0.82941777
3,center,0.09657919406890869,environment,original,s3c,0.3533167839050293,0.8432545
4,left,0.24157869815826416,environment,original,s3c,0.42663824558258057,0.84752274
5,right,0.2881903648376465,environment,original,s3c,0.2688834071159363,0.8196773
6,right,0.22390615940093994,environment,original,s3c,0.3630169630050659,0.82999736
7,right,0.14021968841552734,environment,original,s3c,0.43892186880111694,0.856842
8,left,0.431024968624115,environment,original,s3c,0.16220694780349731,0.83045185
9,center,0.09588378667831421,environment,original,s3c,0.3574310541152954,0.812454
10,left,0.48350977897644043,environment,original,s3c,0.3364567756652832,0.8303458
11,right,0.4155300259590149,environment,original,s3c,0.365450918674469,0.8423955
12,left,0.4778538942337036,environment,original,s3c,0.1902076005935669,0.8185615
13,left,0.048880696296691895,environment,original,s3c,0.15503525733947754,0.826779
14,left,0.11566615104675293,environment,original,s3c,0.48831552267074585,0.8369455
15,right,0.22035813331604004,environment,original,s3c,0.2415074110031128,0.8511339
16,right,0.07661491632461548,environment,original,s3c,0.36933887004852295,0.8454636
17,right,0.4294080138206482,environment,original,s3c,0.07854050397872925,0.8253884
18,left,0.2925231456756592,environment,original,s3c,0.1614190936088562,0.8325979
19,center,0.09907388687133789,environment,original,s3c,0.3698035478591919,0.83404595
20,left,0.21762895584106445,environment,original,s3c,0.08204430341720581,0.8325201
21,right,0.42539530992507935,environment,original,s3c,0.3482222557067871,0.83190364
22,right,0.21311664581298828,environment,original,s3c,0.37671202421188354,0.8405563
23,center,0.4684016704559326,environment,original,s3c,0.38586658239364624,0.8337314
24,center,0.06323719024658203,environment,original,s3c,0.16192948818206787,0.83453715
25,center,0.07530057430267334,environment,original,s3c,0.2255726456642151,0.86253726
26,right,0.06674128770828247,environment,original,s3c,0.3342442512512207,0.83304507
27,left,0.12125903367996216,environment,original,s3c,0.25650280714035034,0.8363516
28,center,0.12658995389938354,environment,original,s3c,0.39874356985092163,0.82914186
29,right,0.21217334270477295,environment,original,s3c,0.3061334490776062,0.84408176
30,center,0.09344357252120972,environment,original,s3c,0.44738054275512695,0.8425193
31,right,0.25095874071121216,environment,original,s3c,0.48313331604003906,0.8328479
32,left,0.4854732155799866,environment,original,s3c,0.39208924770355225,0.8352225
33,right,0.10741883516311646,environment,original,s3c,0.3034675121307373,0.8415907
34,right,0.28350013494491577,environment,original,s3c,0.424328088760376,0.87009835
35,center,0.09471970796585083,environment,original,s3c,0.3472074866294861,0.84940726
36,center,0.08929020166397095,environment,original,s3c,0.14221948385238647,0.85500574
37,right,0.0910792350769043,environment,original,s3c,0.2985208034515381,0.8440185
38,center,0.11275899410247803,environment,original,s3c,0.22093790769577026,0.83879596
39,right,0.27116531133651733,environment,original,s3c,0.3262753486633301,0.8547681
40,left,0.11064350605010986,environment,original,s3c,0.41490328311920166,0.84579694
41,center,0.14157378673553467,environment,original,s3c,0.3000538945198059,0.83123004
42,left,0.28487688302993774,environment,original,s3c,0.4637753963470459,0.82034886
43,left,0.21037185192108154,environment,original,s3c,0.4061833620071411,0.8336983
44,center,0.08513116836547852,environment,original,s3c,0.14803272485733032,0.85739577
45,left,0.10157662630081177,environment,original,s3c,0.1617962121963501,0.83906966
46,center,0.08134925365447998,environment,original,s3c,0.16825348138809204,0.8609347
47,right,0.1564176082611084,environment,original,s3c,0.4211510419845581,0.82825714
48,center,0.07049208879470825,environment,original,s3c,0.18644601106643677,0.83446676
49,left,0.4868057370185852,environment,original,s3c,0.20415908098220825,0.8331183
50,center,0.14791136980056763,environment,original,s3c,0.4952108860015869,0.8416906
51,center,0.0679938793182373,environment,original,s3c,0.29071253538131714,0.8454811
52,right,0.05799025297164917,environment,original,s3c,0.1288713812828064,0.87369025
53,left,0.4482550024986267,environment,original,s3c,0.16015952825546265,0.85303307
54,left,0.29293370246887207,environment,original,s3c,0.49234259128570557,0.8463138
55,left,0.27623873949050903,environment,original,s3c,0.37729984521865845,0.823208
56,center,0.06834763288497925,environment,original,s3c,0.21584945917129517,0.8364688
57,right,0.05026644468307495,environment,original,s3c,0.0738862156867981,0.8362838
58,left,0.1720486283302307,environment,original,s3c,0.25036323070526123,0.84478605
59,left,0.09614700078964233,environment,original,s3c,0.21499162912368774,0.85337186
60,left,0.4790192246437073,environment,original,s3c,0.3597065210342407,0.84242386
61,left,0.07716751098632812,environment,original,s3c,0.17969834804534912,0.8128954
62,center,0.13803410530090332,environment,original,s3c,0.39026325941085815,0.83380437
63,right,0.15297824144363403,environment,original,s3c,0.03787046670913696,0.8433498
64,center,0.09674245119094849,environment,original,s3c,0.26490896940231323,0.84401864
65,center,0.2787010669708252,environment,original,s3c,0.3045191168785095,0.8269766
66,right,0.1974480152130127,environment,original,s3c,0.12198758125305176,0.82660514
67,right,0.41383928060531616,environment,original,s3c,0.09562093019485474,0.8315219
68,left,0.23372358083724976,environment,original,s3c,0.37953799962997437,0.83963317
69,right,0.29166704416275024,environment,original,s3c,0.19634181261062622,0.82890505
70,right,0.4489086866378784,environment,original,s3c,0.2612648010253906,0.85883284
71,right,0.25588494539260864,environment,original,s3c,0.2673717737197876,0.8317616
72,center,0.16692161560058594,environment,original,s3c,0.39744991064071655,0.8389826
73,center,0.06059473752975464,environment,original,s3c,0.09422183036804199,0.8580072
74,left,0.1745833158493042,environment,original,s3c,0.41076529026031494,0.8087758
75,center,0.10813397169113159,environment,original,s3c,0.06054425239562988,0.8696877
76,right,0.12250649929046631,environment,original,s3c,0.20330315828323364,0.8345874
77,left,0.26165032386779785,environment,original,s3c,0.23090559244155884,0.8235599
78,left,0.37883710861206055,environment,original,s3c,0.40319931507110596,0.8391444
79,center,0.113741934299469,environment,original,s3c,0.24819403886795044,0.8477383
80,left,0.080574631690979,environment,original,s3c,0.14537686109542847,0.8269968
81,left,0.06796610355377197,environment,original,s3c,0.22704732418060303,0.83102065
82,left,0.09719544649124146,environment,original,s3c,0.495202898979187,0.8336443
83,left,0.49587488174438477,environment,original,s3c,0.435404896736145,0.825992
84,center,0.26740962266921997,environment,original,s3c,0.4939345121383667,0.81648725
85,center,0.20108604431152344,environment,original,s3c,0.29723185300827026,0.8550574
86,right,0.3021204471588135,environment,original,s3c,0.3645806312561035,0.84967744
87,center,0.10048353672027588,environment,original,s3c,0.19293534755706787,0.828366
88,center,0.05324745178222656,environment,original,s3c,0.3111439347267151,0.812002
89,left,0.07211947441101074,environment,original,s3c,0.1894627809524536,0.8478764
90,center,0.10402911901473999,environment,original,s3c,0.3006518483161926,0.8205538
91,right,0.4284014105796814,environment,original,s3c,0.4178007245063782,0.8273477
92,center,0.14118337631225586,environment,original,s3c,0.23833972215652466,0.81577545
93,center,0.3763214945793152,environment,original,s3c,0.3902791142463684,0.82682073
94,center,0.06782430410385132,environment,original,s3c,0.09773671627044678,0.84611195
95,left,0.33765727281570435,environment,original,s3c,0.1888720989227295,0.8201819
96,center,0.2813325524330139,environment,original,s3c,0.24344265460968018,0.8172865
97,left,0.13862085342407227,environment,original,s3c,0.07873618602752686,0.83481944
98,left,0.12550902366638184,environment,original,s3c,0.06263130903244019,0.8461671
99,right,0.11097270250320435,environment,original,s3c,0.31507712602615356,0.8327229
100,left,0.3126957416534424,environment,original,s3c,0.19739019870758057,0.8385047
101,center,0.09370046854019165,environment,original,s3c,0.27049219608306885,0.82358885
102,right,0.2376551628112793,environment,original,s3c,0.4579086899757385,0.82616764
103,center,0.07509011030197144,environment,original,s3c,0.17050385475158691,0.8356153
104,right,0.1786378026008606,environment,original,s3c,0.16993671655654907,0.833939
105,center,0.2303047776222229,environment,original,s3c,0.41105204820632935,0.8144717
106,left,0.22955161333084106,environment,original,s3c,0.38865941762924194,0.83271337
107,center,0.07481318712234497,environment,original,s3c,0.2950676679611206,0.8379448
108,right,0.24490642547607422,environment,original,s3c,0.42906635999679565,0.8620682
109,right,0.28635430335998535,environment,original,s3c,0.3706989884376526,0.8418943
110,center,0.1269516944885254,environment,original,s3c,0.12547677755355835,0.83545166
111,right,0.16560876369476318,environment,original,s3c,0.23851525783538818,0.8370652
112,right,0.3364863395690918,environment,original,s3c,0.49517977237701416,0.84189266
113,left,0.08330202102661133,environment,original,s3c,0.32334816455841064,0.84378886
114,left,0.0950392484664917,environment,original,s3c,0.2565133571624756,0.83302903
115,right,0.13426953554153442,environment,original,s3c,0.43840450048446655,0.8450325
116,right,0.4989401698112488,environment,original,s3c,0.16994541883468628,0.8413886
117,center,0.1409408450126648,environment,original,s3c,0.21073174476623535,0.8437073
118,left,0.1594948172569275,environment,original,s3c,0.09109234809875488,0.8275626
119,left,0.302085280418396,environment,original,s3c,0.18959981203079224,0.8316173
120,center,0.09165579080581665,environment,original,s3c,0.26722490787506104,0.8711195
121,right,0.11864179372787476,environment,original,s3c,0.454717755317688,0.84042174
122,right,0.17138683795928955,environment,original,s3c,0.20161974430084229,0.8360911
123,left,0.1838669776916504,environment,original,s3c,0.4588688015937805,0.82343197
124,right,0.22821545600891113,environment,original,s3c,0.46482717990875244,0.84233624
125,center,0.06225848197937012,environment,original,s3c,0.25206947326660156,0.86413
126,left,0.09563565254211426,environment,original,s3c,0.21797925233840942,0.8430874
127,left,0.11699920892715454,environment,original,s3c,0.16945278644561768,0.84110713
128,right,0.1340917944908142,environment,original,s3c,0.29599130153656006,0.85332793
129,center,0.05235260725021362,environment,original,s3c,0.229763925075531,0.8166995
130,right,0.2131866216659546,environment,original,s3c,0.4969713091850281,0.844731
131,left,0.13482969999313354,environment,original,s3c,0.32948487997055054,0.83647007
132,center,0.10969829559326172,environment,original,s3c,0.25668591260910034,0.8338027
133,right,0.270244836807251,environment,original,s3c,0.18561702966690063,0.84591544
134,right,0.22631299495697021,environment,original,s3c,0.3202141523361206,0.8814819
135,center,0.20298415422439575,environment,original,s3c,0.29800349473953247,0.84036493
136,right,0.20214396715164185,environment,original,s3c,0.3633173108100891,0.8307361
137,left,0.07323312759399414,environment,original,s3c,0.12087005376815796,0.8292665
138,left,0.11892586946487427,environment,original,s3c,0.15592694282531738,0.84626395
139,left,0.06116175651550293,environment,original,s3c,0.07601392269134521,0.86041343
140,left,0.10346513986587524,environment,original,s3c,0.4403805732727051,0.8516618
141,right,0.2263779640197754,environment,original,s3c,0.4266003370285034,0.8730625
142,center,0.13302546739578247,environment,original,s3c,0.4912039041519165,0.840154
143,right,0.04420047998428345,environment,original,s3c,0.046373605728149414,0.82390976
144,center,0.04858583211898804,environment,original,s3c,0.1732851266860962,0.8414712
145,left,0.09737163782119751,environment,original,s3c,0.1040501594543457,0.845949
146,right,0.04960352182388306,environment,original,s3c,0.19182217121124268,0.8318769
147,left,0.06383466720581055,environment,original,s3c,0.23028695583343506,0.86545765
148,center,0.4886779189109802,environment,original,s3c,0.3855437636375427,0.85044247
149,center,0.14171379804611206,environment,original,s3c,0.2072378396987915,0.8286074
0,center,0.047822773456573486,environment,original,s4,0.06459879875183105,0.8578463
1,right,0.28468918800354004,environment,original,s4,0.41666334867477417,0.8573147
2,right,0.12153714895248413,environment,original,s4,0.19939231872558594,0.8617683
3,center,0.09657919406890869,environment,original,s4,0.13579624891281128,0.86047375
4,left,0.24157869815826416,environment,original,s4,0.13830053806304932,0.86820567
5,right,0.2881903648376465,environment,original,s4,0.3398399353027344,0.8337818
6,right,0.22390615940093994,environment,original,s4,0.12045514583587646,0.85851675
7,right,0.14021968841552734,environment,original,s4,0.3260754942893982,0.9263833
8,left,0.431024968624115,environment,original,s4,0.26271939277648926,0.8523661
9,center,0.09588378667831421,environment,original,s4,0.1731184720993042,0.8414106
10,left,0.48350977897644043,environment,original,s4,0.2583719491958618,0.84709334
11,right,0.4155300259590149,environment,original,s4,0.1237250566482544,0.83714646
12,left,0.4778538942337036,environment,original,s4,0.47123056650161743,0.84964365
13,left,0.048880696296691895,environment,original,s4,0.03441375494003296,0.86240697
14,left,0.11566615104675293,environment,original,s4,0.25824522972106934,0.8393292
15,right,0.22035813331604004,environment,original,s4,0.24757850170135498,0.8554553
16,right,0.07661491632461548,environment,original,s4,0.07516157627105713,0.86191094
17,right,0.4294080138206482,environment,original,s4,0.17670577764511108,0.85322887
18,left,0.2925231456756592,environment,original,s4,0.3596321940422058,0.8485398
19,center,0.09907388687133789,environment,original,s4,0.10672688484191895,0.85526985
20,left,0.21762895584106445,environment,original,s4,0.1474515199661255,0.85619426
21,right,0.42539530992507935,environment,original,s4,0.08502519130706787,0.8653324
22,right,0.21311664581298828,environment,original,s4,0.3684314489364624,0.84841746
23,center,0.4684016704559326,environment,original,s4,0.2880553603172302,0.8440904
24,center,0.06323719024658203,environment,original,s4,0.11578094959259033,0.85704887
25,center,0.07530057430267334,environment,original,s4,0.1518247127532959,0.8704132
26,right,0.06674128770828247,environment,original,s4,0.05528914928436279,0.87040776
27,left,0.12125903367996216,environment,original,s4,0.04438263177871704,0.88769066
28,center,0.12658995389938354,environment,original,s4,0.12096190452575684,0.8526908
29,right,0.21217334270477295,environment,original,s4,0.07851499319076538,0.8717963
30,center,0.09344357252120972,environment,original,s4,0.1198236346244812,0.8774767
31,right,0.25095874071121216,environment,original,s4,0.4116241931915283,0.82538486
32,left,0.4854732155799866,environment,original,s4,0.3283592462539673,0.856642
33,right,0.10741883516311646,environment,original,s4,0.1046680212020874,0.85264593
34,right,0.28350013494491577,environment,original,s4,0.09441399574279785,0.87076765
35,center,0.09471970796585083,environment,original,s4,0.37541741132736206,0.84571344
36,center,0.08929020166397095,environment,original,s4,0.09162372350692749,0.8787876
37,right,0.0910792350769043,environment,original,s4,0.05975019931793213,0.8614481
38,center,0.11275899410247803,environment,original,s4,0.054107606410980225,0.8695696
39,right,0.27116531133651733,environment,original,s4,0.27871406078338623,0.87303835
40,left,0.11064350605010986,environment,original,s4,0.08286947011947632,0.8695731
41,center,0.14157378673553467,environment,original,s4,0.18957865238189697,0.84834397
42,left,0.28487688302993774,environment,original,s4,0.387309730052948,0.83409685
43,left,0.21037185192108154,environment,original,s4,0.4947434067726135,0.862334
44,center,0.08513116836547852,environment,original,s4,0.12110549211502075,0.875857
45,left,0.10157662630081177,environment,original,s4,0.47740638256073,0.86477005
46,center,0.08134925365447998,environment,original,s4,0.04509615898132324,0.8648065
47,right,0.1564176082611084,environment,original,s4,0.1547967791557312,0.8586658
48,center,0.07049208879470825,environment,original,s4,0.05717206001281738,0.85015666
49,left,0.4868057370185852,environment,original,s4,0.18134534358978271,0.85407275
50,center,0.14791136980056763,environment,original,s4,0.4032341241836548,0.8618959
51,center,0.0679938793182373,environment,original,s4,0.05146288871765137,0.87115234
52,right,0.05799025297164917,environment,original,s4,0.0790717601776123,0.8825249
53,left,0.4482550024986267,environment,original,s4,0.4567784070968628,0.8464488
54,left,0.29293370246887207,environment,original,s4,0.2084052562713623,0.8635383
55,left,0.27623873949050903,environment,original,s4,0.309251606464386,0.83009064
56,center,0.06834763288497925,environment,original,s4,0.18391144275665283,0.8454563
57,right,0.05026644468307495,environment,original,s4,0.28878921270370483,0.83450633
58,left,0.1720486283302307,environment,original,s4,0.07892739772796631,0.89114136
59,left,0.09614700078964233,environment,original,s4,0.14907872676849365,0.8591714
60,left,0.4790192246437073,environment,original,s4,0.27532023191452026,0.8439837
61,left,0.07716751098632812,environment,original,s4,0.04535597562789917,0.8321678
62,center,0.13803410530090332,environment,original,s4,0.16193276643753052,0.8480474
63,right,0.15297824144363403,environment,original,s4,0.03870159387588501,0.8613353
64,center,0.09674245119094849,environment,original,s4,0.06286501884460449,0.86849403
65,center,0.2787010669708252,environment,original,s4,0.1448456048965454,0.8335182
66,right,0.1974480152130127,environment,original,s4,0.21021991968154907,0.84291655
67,right,0.41383928060531616,environment,original,s4,0.11414402723312378,0.8543033
68,left,0.23372358083724976,environment,original,s4,0.41322290897369385,0.8387924
69,right,0.29166704416275024,environment,original,s4,0.17012041807174683,0.86876374
70,right,0.4489086866378784,environment,original,s4,0.26101523637771606,0.87555915
71,right,0.25588494539260864,environment,original,s4,0.3758794665336609,0.827767
72,center,0.16692161560058594,environment,original,s4,0.4577585458755493,0.8484954
73,center,0.06059473752975464,environment,original,s4,0.04621356725692749,0.87055105
74,left,0.1745833158493042,environment,original,s4,0.28484225273132324,0.81309354
75,center,0.10813397169113159,environment,original,s4,0.10245347023010254,0.855036
76,right,0.12250649929046631,environment,original,s4,0.20138293504714966,0.8514038
77,left,0.26165032386779785,environment,original,s4,0.1203545331954956,0.87282705
78,left,0.37883710861206055,environment,original,s4,0.2661541700363159,0.8686767
79,center,0.113741934299469,environment,original,s4,0.05054581165313721,0.8651331
80,left,0.080574631690979,environment,original,s4,0.08502650260925293,0.83057356
81,left,0.06796610355377197,environment,original,s4,0.04017382860183716,0.8530722
82,left,0.09719544649124146,environment,original,s4,0.051987290382385254,0.89576614
83,left,0.49587488174438477,environment,original,s4,0.32178378105163574,0.83495474
84,center,0.26740962266921997,environment,original,s4,0.23123657703399658,0.8262876
85,center,0.20108604431152344,environment,original,s4,0.15723228454589844,0.85486025
86,right,0.3021204471588135,environment,original,s4,0.39647895097732544,0.8536692
87,center,0.10048353672027588,environment,original,s4,0.09383124113082886,0.8662841
88,center,0.05324745178222656,environment,original,s4,0.06624174118041992,0.85152465
89,left,0.07211947441101074,environment,original,s4,0.13020026683807373,0.8556972
90,center,0.10402911901473999,environment,original,s4,0.05116903781890869,0.84409666
91,right,0.4284014105796814,environment,original,s4,0.32275938987731934,0.8292807
92,center,0.14118337631225586,environment,original,s4,0.1896849274635315,0.85227907
93,center,0.3763214945793152,environment,original,s4,0.2735752463340759,0.83430153
94,center,0.06782430410385132,environment,original,s4,0.04140615463256836,0.8731106
95,left,0.33765727281570435,environment,original,s4,0.2590886950492859,0.84001017
96,center,0.2813325524330139,environment,original,s4,0.0772823691368103,0.8560917
97,left,0.13862085342407227,environment,original,s4,0.09203487634658813,0.8427517
98,left,0.12550902366638184,environment,original,s4,0.04727494716644287,0.8626438
99,right,0.11097270250320435,environment,original,s4,0.12111502885818481,0.8760358
100,left,0.3126957416534424,environment,original,s4,0.03810572624206543,0.8602856
101,center,0.09370046854019165,environment,original,s4,0.13424164056777954,0.8493589
102,right,0.2376551628112793,environment,original,s4,0.12407881021499634,0.85743266
103,center,0.07509011030197144,environment,original,s4,0.1918300986289978,0.86423486
104,right,0.1786378026008606,environment,original,s4,0.17544686794281006,0.8418832
105,center,0.2303047776222229,environment,original,s4,0.3938273787498474,0.8256039
106,left,0.22955161333084106,environment,original,s4,0.13388454914093018,0.78303576
107,center,0.07481318712234497,environment,original,s4,0.1008986234664917,0.8651491
108,right,0.24490642547607422,environment,original,s4,0.08433157205581665,0.863332
109,right,0.28635430335998535,environment,original,s4,0.3081513047218323,0.8515528
110,center,0.1269516944885254,environment,original,s4,0.05797356367111206,0.85393745
111,right,0.16560876369476318,environment,original,s4,0.3280857801437378,0.86688924
112,right,0.3364863395690918,environment,original,s4,0.2493317723274231,0.839358
113,left,0.08330202102661133,environment,original,s4,0.09405475854873657,0.9034155
114,left,0.0950392484664917,environment,original,s4,0.1988534927368164,0.8380736
115,right,0.13426953554153442,environment,original,s4,0.25304150581359863,0.86738616
116,right,0.4989401698112488,environment,original,s4,0.47666144371032715,0.8583223
117,center,0.1409408450126648,environment,original,s4,0.1349737048149109,0.8416203
118,left,0.1594948172569275,environment,original,s4,0.038401901721954346,0.8461258
119,left,0.302085280418396,environment,original,s4,0.47588127851486206,0.85112566
120,center,0.09165579080581665,environment,original,s4,0.09428060054779053,0.8654243
121,right,0.11864179372787476,environment,original,s4,0.3884212374687195,0.8573367
122,right,0.17138683795928955,environment,original,s4,0.36999475955963135,0.83571756
123,left,0.1838669776916504,environment,original,s4,0.10849881172180176,0.84602726
124,right,0.22821545600891113,environment,original,s4,0.25184935331344604,0.84957564
125,center,0.06225848197937012,environment,original,s4,0.06725311279296875,0.8763751
126,left,0.09563565254211426,environment,original,s4,0.06512415409088135,0.9263474
127,left,0.11699920892715454,environment,original,s4,0.09287512302398682,0.8599671
128,right,0.1340917944908142,environment,original,s4,0.10436797142028809,0.88377
129,center,0.05235260725021362,environment,original,s4,0.06203651428222656,0.84043044
130,right,0.2131866216659546,environment,original,s4,0.20610082149505615,0.8736897
131,left,0.13482969999313354,environment,original,s4,0.06692004203796387,0.85454905
132,center,0.10969829559326172,environment,original,s4,0.12118852138519287,0.83868885
133,right,0.270244836807251,environment,original,s4,0.4965083599090576,0.86150306
134,right,0.22631299495697021,environment,original,s4,0.3530116081237793,0.88129824
135,center,0.20298415422439575,environment,original,s4,0.05502152442932129,0.8644958
136,right,0.20214396715164185,environment,original,s4,0.21589374542236328,0.8563721
137,left,0.07323312759399414,environment,original,s4,0.4168465733528137,0.8704362
138,left,0.11892586946487427,environment,original,s4,0.03395378589630127,0.85859185
139,left,0.06116175651550293,environment,original,s4,0.06199300289154053,0.865475
140,left,0.10346513986587524,environment,original,s4,0.12739568948745728,0.87725437
141,right,0.2263779640197754,environment,original,s4,0.2180524468421936,0.8803296
142,center,0.13302546739578247,environment,original,s4,0.08103948831558228,0.85426295
143,right,0.04420047998428345,environment,original,s4,0.06012910604476929,0.83084416
144,center,0.04858583211898804,environment,original,s4,0.07382619380950928,0.8662419
145,left,0.09737163782119751,environment,original,s4,0.13579654693603516,0.8570931
146,right,0.04960352182388306,environment,original,s4,0.04752814769744873,0.8540726
147,left,0.06383466720581055,environment,original,s4,0.2817489504814148,0.848977
148,center,0.4886779189109802,environment,original,s4,0.13336485624313354,0.8548043
149,center,0.14171379804611206,environment,original,s4,0.14789140224456787,0.8894726
0,center,0.047822773456573486,environment,original,s5_cot,0.08681368827819824,0.8653278
1,right,0.28468918800354004,environment,original,s5_cot,0.30352360010147095,0.84229934
2,right,0.12153714895248413,environment,original,s5_cot,0.11085981130599976,0.8602509
3,center,0.09657919406890869,environment,original,s5_cot,0.12750887870788574,0.8529602
4,left,0.24157869815826416,environment,original,s5_cot,0.20971113443374634,0.8486388
5,right,0.2881903648376465,environment,original,s5_cot,0.2624870538711548,0.8397892
6,right,0.22390615940093994,environment,original,s5_cot,0.31012558937072754,0.8445485
7,right,0.14021968841552734,environment,original,s5_cot,0.16788655519485474,0.8765976
8,left,0.431024968624115,environment,original,s5_cot,0.34054452180862427,0.84642005
9,center,0.09588378667831421,environment,original,s5_cot,0.1221771240234375,0.8437259
10,left,0.48350977897644043,environment,original,s5_cot,0.3549811840057373,0.83756375
11,right,0.4155300259590149,environment,original,s5_cot,0.17785674333572388,0.8392157
12,left,0.4778538942337036,environment,original,s5_cot,0.34202367067337036,0.8509186
13,left,0.048880696296691895,environment,original,s5_cot,0.03334379196166992,0.8484747
14,left,0.11566615104675293,environment,original,s5_cot,0.22958117723464966,0.8374377
15,right,0.22035813331604004,environment,original,s5_cot,0.24167460203170776,0.8538117
16,right,0.07661491632461548,environment,original,s5_cot,0.07677578926086426,0.86963886
17,right,0.4294080138206482,environment,original,s5_cot,0.41180115938186646,0.8345373
18,left,0.2925231456756592,environment,original,s5_cot,0.2042309045791626,0.8413061
19,center,0.09907388687133789,environment,original,s5_cot,0.2514269948005676,0.84703314
20,left,0.21762895584106445,environment,original,s5_cot,0.09875822067260742,0.83607525
21,right,0.42539530992507935,environment,original,s5_cot,0.27219271659851074,0.8493061
22,right,0.21311664581298828,environment,original,s5_cot,0.1475200057029724,0.8440959
23,center,0.4684016704559326,environment,original,s5_cot,0.4460146427154541,0.83283764
24,center,0.06323719024658203,environment,original,s5_cot,0.11420172452926636,0.85953367
25,center,0.07530057430267334,environment,original,s5_cot,0.05279529094696045,0.8696479
26,right,0.06674128770828247,environment,original,s5_cot,0.179607093334198,0.86465734
27,left,0.12125903367996216,environment,original,s5_cot,0.4095553159713745,0.84897435
28,center,0.12658995389938354,environment,original,s5_cot,0.18842273950576782,0.8522323
29,right,0.21217334270477295,environment,original,s5_cot,0.16065841913223267,0.8642605
30,center,0.09344357252120972,environment,original,s5_cot,0.08377200365066528,0.8681434
31,right,0.25095874071121216,environment,original,s5_cot,0.3436015844345093,0.8270074
32,left,0.4854732155799866,environment,original,s5_cot,0.24707353115081787,0.8466746
33,right,0.10741883516311646,environment,original,s5_cot,0.1199997067451477,0.855336
34,right,0.28350013494491577,environment,original,s5_cot,0.20200198888778687,0.867773
35,center,0.09471970796585083,environment,original,s5_cot,0.21341794729232788,0.85838246
36,center,0.08929020166397095,environment,original,s5_cot,0.1178278923034668,0.8543028
37,right,0.0910792350769043,environment,original,s5_cot,0.06442028284072876,0.8542873
38,center,0.11275899410247803,environment,original,s5_cot,0.08567863702774048,0.8716675
39,right,0.27116531133651733,environment,original,s5_cot,0.3924978971481323,0.8598804
40,left,0.11064350605010986,environment,original,s5_cot,0.1318744421005249,0.85074025
41,center,0.14157378673553467,environment,original,s5_cot,0.17944586277008057,0.83380735
42,left,0.28487688302993774,environment,original,s5_cot,0.2875058054924011,0.8345222
43,left,0.21037185192108154,environment,original,s5_cot,0.2407805323600769,0.8539774
44,center,0.08513116836547852,environment,original,s5_cot,0.05978810787200928,0.8720858
45,left,0.10157662630081177,environment,original,s5_cot,0.22713804244995117,0.8452349
46,center,0.08134925365447998,environment,original,s5_cot,0.07444947957992554,0.87333864
47,right,0.1564176082611084,environment,original,s5_cot,0.21397966146469116,0.8585702
48,center,0.07049208879470825,environment,original,s5_cot,0.09031236171722412,0.84614766
49,left,0.4868057370185852,environment,original,s5_cot,0.4302751421928406,0.8419875
50,center,0.14791136980056763,environment,original,s5_cot,0.27327483892440796,0.86070204
51,center,0.0679938793182373,environment,original,s5_cot,0.0705830454826355,0.87286353
52,right,0.05799025297164917,environment,original,s5_cot,0.09425187110900879,0.87435395
53,left,0.4482550024986267,environment,original,s5_cot,0.319852352142334,0.84627986
54,left,0.29293370246887207,environment,original,s5_cot,0.3519061207771301,0.8550063
55,left,0.27623873949050903,environment,original,s5_cot,0.2666270136833191,0.82737035
56,center,0.06834763288497925,environment,original,s5_cot,0.16829073429107666,0.83948344
57,right,0.05026644468307495,environment,original,s5_cot,0.08909320831298828,0.8387261
58,left,0.1720486283302307,environment,original,s5_cot,0.4518072009086609,0.8453162
59,left,0.09614700078964233,environment,original,s5_cot,0.10372644662857056,0.86860996
60,left,0.4790192246437073,environment,original,s5_cot,0.23374968767166138,0.83455247
61,left,0.07716751098632812,environment,original,s5_cot,0.03759455680847168,0.83741784
62,center,0.13803410530090332,environment,original,s5_cot,0.14320653676986694,0.84351563
63,right,0.15297824144363403,environment,original,s5_cot,0.49974775314331055,0.84837127
64,center,0.09674245119094849,environment,original,s5_cot,0.16101950407028198,0.8513883
65,center,0.2787010669708252,environment,original,s5_cot,0.20039242506027222,0.8332615
66,right,0.1974480152130127,environment,original,s5_cot,0.3840627074241638,0.84482586
67,right,0.41383928060531616,environment,original,s5_cot,0.21945321559906006,0.8243862
68,left,0.23372358083724976,environment,original,s5_cot,0.27292752265930176,0.84362215
69,right,0.29166704416275024,environment,original,s5_cot,0.37700313329696655,0.8498521
70,right,0.4489086866378784,environment,original,s5_cot,0.29861968755722046,0.8765924
71,right,0.25588494539260864,environment,original,s5_cot,0.4568977952003479,0.83313197
72,center,0.16692161560058594,environment,original,s5_cot,0.49751192331314087,0.84215695
73,center,0.06059473752975464,environment,original,s5_cot,0.08497816324234009,0.8683632
74,left,0.1745833158493042,environment,original,s5_cot,0.1526479721069336,0.8311569
75,center,0.10813397169113159,environment,original,s5_cot,0.10589760541915894,0.84720063
76,right,0.12250649929046631,environment,original,s5_cot,0.2312970757484436,0.844726
77,left,0.26165032386779785,environment,original,s5_cot,0.10838490724563599,0.84203714
78,left,0.37883710861206055,environment,original,s5_cot,0.2540814280509949,0.8506402
79,center,0.113741934299469,environment,original,s5_cot,0.43947166204452515,0.8681856
80,left,0.080574631690979,environment,original,s5_cot,0.1223098635673523,0.82582694
81,left,0.06796610355377197,environment,original,s5_cot,0.04407912492752075,0.85063565
82,left,0.09719544649124146,environment,original,s5_cot,0.23655545711517334,0.83871883
83,left,0.49587488174438477,environment,original,s5_cot,0.3152275085449219,0.8335676
84,center,0.26740962266921997,environment,original,s5_cot,0.38002824783325195,0.8201521
85,center,0.20108604431152344,environment,original,s5_cot,0.13737517595291138,0.85467386
86,right,0.3021204471588135,environment,original,s5_cot,0.2742166519165039,0.85742867
87,center,0.10048353672027588,environment,original,s5_cot,0.1421903371810913,0.85331416
88,center,0.05324745178222656,environment,original,s5_cot,0.03776884078979492,0.84364074
89,left,0.07211947441101074,environment,original,s5_cot,0.21355736255645752,0.8459678
90,center,0.10402911901473999,environment,original,s5_cot,0.10945820808410645,0.83715814
91,right,0.4284014105796814,environment,original,s5_cot,0.20989322662353516,0.834152
92,center,0.14118337631225586,environment,original,s5_cot,0.2259073257446289,0.838342
93,center,0.3763214945793152,environment,original,s5_cot,0.2085719108581543,0.8319428
94,center,0.06782430410385132,environment,original,s5_cot,0.051641106605529785,0.8649379
95,left,0.33765727281570435,environment,original,s5_cot,0.44635140895843506,0.8316452
96,center,0.2813325524330139,environment,original,s5_cot,0.43211519718170166,0.8225628
97,left,0.13862085342407227,environment,original,s5_cot,0.10184091329574585,0.83804905
98,left,0.12550902366638184,environment,original,s5_cot,0.2220258116722107,0.8737857
99,right,0.11097270250320435,environment,original,s5_cot,0.2874287962913513,0.8514737
100,left,0.3126957416534424,environment,original,s5_cot,0.16370230913162231,0.84556246
101,center,0.09370046854019165,environment,original,s5_cot,0.12170976400375366,0.8583021
102,right,0.2376551628112793,environment,original,s5_cot,0.1746731400489807,0.86169475
103,center,0.07509011030197144,environment,original,s5_cot,0.3534630537033081,0.8500675
104,right,0.1786378026008606,environment,original,s5_cot,0.29329532384872437,0.8377575
105,center,0.2303047776222229,environment,original,s5_cot,0.0956258773803711,0.83270705
106,left,0.22955161333084106,environment,original,s5_cot,0.3177218437194824,0.8343159
107,center,0.07481318712234497,environment,original,s5_cot,0.16697192192077637,0.84320796
108,right,0.24490642547607422,environment,original,s5_cot,0.16585677862167358,0.84203196
109,right,0.28635430335998535,environment,original,s5_cot,0.25792598724365234,0.84824264
110,center,0.1269516944885254,environment,original,s5_cot,0.13575363159179688,0.8531865
111,right,0.16560876369476318,environment,original,s5_cot,0.48027974367141724,0.8523234
112,right,0.3364863395690918,environment,original,s5_cot,0.28173983097076416,0.8370414
113,left,0.08330202102661133,environment,original,s5_cot,0.08913445472717285,0.86021566
114,left,0.0950392484664917,environment,original,s5_cot,0.11391717195510864,0.8395988
115,right,0.13426953554153442,environment,original,s5_cot,0.24917978048324585,0.8655864
116,right,0.4989401698112488,environment,original,s5_cot,0.1967906951904297,0.84672487
117,center,0.1409408450126648,environment,original,s5_cot,0.20081579685211182,0.83593905
118,left,0.1594948172569275,environment,original,s5_cot,0.27506202459335327,0.84332293
119,left,0.302085280418396,environment,original,s5_cot,0.3352566957473755,0.8529425
120,center,0.09165579080581665,environment,original,s5_cot,0.2290136218070984,0.864863
121,right,0.11864179372787476,environment,original,s5_cot,0.19523602724075317,0.8552978
122,right,0.17138683795928955,environment,original,s5_cot,0.397468626499176,0.84114504
123,left,0.1838669776916504,environment,original,s5_cot,0.17417681217193604,0.8403503
124,right,0.22821545600891113,environment,original,s5_cot,0.2583395838737488,0.84889257
125,center,0.06225848197937012,environment,original,s5_cot,0.11497074365615845,0.876831
126,left,0.09563565254211426,environment,original,s5_cot,0.1492031216621399,0.8659528
127,left,0.11699920892715454,environment,original,s5_cot,0.4908052682876587,0.83996177
128,right,0.1340917944908142,environment,original,s5_cot,0.11322486400604248,0.86104757
129,center,0.05235260725021362,environment,original,s5_cot,0.08943068981170654,0.8269593
130,right,0.2131866216659546,environment,original,s5_cot,0.20220619440078735,0.8556485
131,left,0.13482969999313354,environment,original,s5_cot,0.1370915174484253,0.8471366
132,center,0.10969829559326172,environment,original,s5_cot,0.1339666247367859,0.8516204
133,right,0.270244836807251,environment,original,s5_cot,0.3643144369125366,0.8301337
134,right,0.22631299495697021,environment,original,s5_cot,0.46627503633499146,0.87887967
135,center,0.20298415422439575,environment,original,s5_cot,0.15765798091888428,0.8599397
136,right,0.20214396715164185,environment,original,s5_cot,0.1959078311920166,0.85632426
137,left,0.07323312759399414,environment,original,s5_cot,0.3938907980918884,0.8327669
138,left,0.11892586946487427,environment,original,s5_cot,0.12031912803649902,0.84116894
139,left,0.06116175651550293,environment,original,s5_cot,0.054189205169677734,0.88137186
140,left,0.10346513986587524,environment,original,s5_cot,0.1425265669822693,0.87165874
141,right,0.2263779640197754,environment,original,s5_cot,0.24570906162261963,0.8734659
142,center,0.13302546739578247,environment,original,s5_cot,0.14369726181030273,0.8549448
143,right,0.04420047998428345,environment,original,s5_cot,0.18537765741348267,0.83192164
144,center,0.04858583211898804,environment,original,s5_cot,0.07806044816970825,0.86032975
145,left,0.09737163782119751,environment,original,s5_cot,0.08514320850372314,0.86905897
146,right,0.04960352182388306,environment,original,s5_cot,0.05866879224777222,0.84836996
147,left,0.06383466720581055,environment,original,s5_cot,0.23096609115600586,0.86634666
148,center,0.4886779189109802,environment,original,s5_cot,0.47475939989089966,0.8571239
149,center,0.14171379804611206,environment,original,s5_cot,0.17854005098342896,0.85951376
0,center,0.047822773456573486,environment,original,s6,0.1888982653617859,0.833828
1,right,0.28468918800354004,environment,original,s6,0.1650030016899109,0.8191886
2,right,0.12153714895248413,environment,original,s6,0.36045384407043457,0.8256727
3,center,0.09657919406890869,environment,original,s6,0.3034318685531616,0.8395602
4,left,0.24157869815826416,environment,original,s6,0.14020025730133057,0.80630374
5,right,0.2881903648376465,environment,original,s6,0.45180797576904297,0.8308975
6,right,0.22390615940093994,environment,original,s6,0.34637778997421265,0.8210982
7,right,0.14021968841552734,environment,original,s6,0.30833691358566284,0.83544827
8,left,0.431024968624115,environment,original,s6,0.13673913478851318,0.83359396
9,center,0.09588378667831421,environment,original,s6,0.2940760850906372,0.8104593
10,left,0.48350977897644043,environment,original,s6,0.4630745053291321,0.8382955
11,right,0.4155300259590149,environment,original,s6,0.30488550662994385,0.8143368
12,left,0.4778538942337036,environment,original,s6,0.21630316972732544,0.8177238
13,left,0.048880696296691895,environment,original,s6,0.17838573455810547,0.81577915
14,left,0.11566615104675293,environment,original,s6,0.3546196222305298,0.8355106
15,right,0.22035813331604004,environment,original,s6,0.2511405944824219,0.83666784
16,right,0.07661491632461548,environment,original,s6,0.25440412759780884,0.81289124
17,right,0.4294080138206482,environment,original,s6,0.13225984573364258,0.8289703
18,left,0.2925231456756592,environment,original,s6,0.1940740942955017,0.8190199
19,center,0.09907388687133789,environment,original,s6,0.281425416469574,0.8222456
20,left,0.21762895584106445,environment,original,s6,0.1255893111228943,0.8245011
21,right,0.42539530992507935,environment,original,s6,0.1959233283996582,0.8277342
22,right,0.21311664581298828,environment,original,s6,0.18775451183319092,0.83028495
23,center,0.4684016704559326,environment,original,s6,0.2748117446899414,0.83267695
24,center,0.06323719024658203,environment,original,s6,0.2009037733078003,0.8323699
25,center,0.07530057430267334,environment,original,s6,0.2943950295448303,0.84278536
26,right,0.06674128770828247,environment,original,s6,0.32193583250045776,0.83462435
27,left,0.12125903367996216,environment,original,s6,0.22986876964569092,0.83838046
28,center,0.12658995389938354,environment,original,s6,0.4932427406311035,0.8272722
29,right,0.21217334270477295,environment,original,s6,0.4397950768470764,0.8419668
30,center,0.09344357252120972,environment,original,s6,0.18335312604904175,0.8207861
31,right,0.25095874071121216,environment,original,s6,0.353030264377594,0.8188003
32,left,0.4854732155799866,environment,original,s6,0.26697617769241333,0.83322066
33,right,0.10741883516311646,environment,original,s6,0.3119335174560547,0.82983065
34,right,0.28350013494491577,environment,original,s6,0.05787694454193115,0.8284928
35,center,0.09471970796585083,environment,original,s6,0.34336137771606445,0.8293332
36,center,0.08929020166397095,environment,original,s6,0.47892868518829346,0.8435267
37,right,0.0910792350769043,environment,original,s6,0.40628498792648315,0.8254413
38,center,0.11275899410247803,environment,original,s6,0.403530478477478,0.8340112
39,right,0.27116531133651733,environment,original,s6,0.406144917011261,0.83820075
40,left,0.11064350605010986,environment,original,s6,0.22937297821044922,0.835966
41,center,0.14157378673553467,environment,original,s6,0.3480135202407837,0.811577
42,left,0.28487688302993774,environment,original,s6,0.34960103034973145,0.8273122
43,left,0.21037185192108154,environment,original,s6,0.3259163498878479,0.8183272
44,center,0.08513116836547852,environment,original,s6,0.19943195581436157,0.845225
45,left,0.10157662630081177,environment,original,s6,0.2430274486541748,0.83740604
46,center,0.08134925365447998,environment,original,s6,0.2686270475387573,0.8428059
47,right,0.1564176082611084,environment,original,s6,0.2689107060432434,0.8282602
48,center,0.07049208879470825,environment,original,s6,0.26922982931137085,0.8136699
49,left,0.4868057370185852,environment,original,s6,0.3933870196342468,0.83831835
50,center,0.14791136980056763,environment,original,s6,0.1707972288131714,0.8099124
51,center,0.0679938793182373,environment,original,s6,0.3424057960510254,0.81998414
52,right,0.05799025297164917,environment,original,s6,0.4561631679534912,0.8216699
53,left,0.4482550024986267,environment,original,s6,0.17094773054122925,0.8266424
54,left,0.29293370246887207,environment,original,s6,0.14346736669540405,0.83135533
55,left,0.27623873949050903,environment,original,s6,0.2893195152282715,0.8159768
56,center,0.06834763288497925,environment,original,s6,0.25485068559646606,0.82407457
57,right,0.05026644468307495,environment,original,s6,0.06771141290664673,0.8155009
58,left,0.1720486283302307,environment,original,s6,0.17278653383255005,0.8399997
59,left,0.09614700078964233,environment,original,s6,0.275831937789917,0.84538424
60,left,0.4790192246437073,environment,original,s6,0.40485680103302,0.82026756
61,left,0.07716751098632812,environment,original,s6,0.4292774796485901,0.80943
62,center,0.13803410530090332,environment,original,s6,0.20998787879943848,0.8291667
63,right,0.15297824144363403,environment,original,s6,0.044360220432281494,0.8263588
64,center,0.09674245119094849,environment,original,s6,0.17885780334472656,0.8362533
65,center,0.2787010669708252,environment,original,s6,0.45979785919189453,0.8058074
66,right,0.1974480152130127,environment,original,s6,0.24184417724609375,0.81435156
67,right,0.41383928060531616,environment,original,s6,0.08121258020401001,0.81397414
68,left,0.23372358083724976,environment,original,s6,0.2172694206237793,0.82849145
69,right,0.29166704416275024,environment,original,s6,0.1162179708480835,0.8316544
70,right,0.4489086866378784,environment,original,s6,0.16479671001434326,0.8395358
71,right,0.25588494539260864,environment,original,s6,0.2719159722328186,0.825712
72,center,0.16692161560058594,environment,original,s6,0.18041139841079712,0.8215995
73,center,0.06059473752975464,environment,original,s6,0.39024507999420166,0.8322616
74,left,0.1745833158493042,environment,original,s6,0.49681323766708374,0.82304263
75,center,0.10813397169113159,environment,original,s6,0.16760623455047607,0.7918186
76,right,0.12250649929046631,environment,original,s6,0.24994635581970215,0.8319854
77,left,0.26165032386779785,environment,original,s6,0.42891228199005127,0.81712234
78,left,0.37883710861206055,environment,original,s6,0.2585839033126831,0.83718187
79,center,0.113741934299469,environment,original,s6,0.45334964990615845,0.8443783
80,left,0.080574631690979,environment,original,s6,0.47027236223220825,0.81406075
81,left,0.06796610355377197,environment,original,s6,0.31859302520751953,0.8253867
82,left,0.09719544649124146,environment,original,s6,0.20443129539489746,0.8309808
83,left,0.49587488174438477,environment,original,s6,0.27803438901901245,0.81771964
84,center,0.26740962266921997,environment,original,s6,0.4917147755622864,0.81775767
85,center,0.20108604431152344,environment,original,s6,0.34658604860305786,0.8363144
86,right,0.3021204471588135,environment,original,s6,0.17974519729614258,0.8347651
87,center,0.10048353672027588,environment,original,s6,0.2563256025314331,0.8324388
88,center,0.05324745178222656,environment,original,s6,0.09636509418487549,0.81540495
89,left,0.07211947441101074,environment,original,s6,0.37396347522735596,0.7983195
90,center,0.10402911901473999,environment,original,s6,0.2924540042877197,0.8181261
91,right,0.4284014105796814,environment,original,s6,0.200364351272583,0.82387924
92,center,0.14118337631225586,environment,original,s6,0.33090609312057495,0.8211401
93,center,0.3763214945793152,environment,original,s6,0.47119390964508057,0.82097584
94,center,0.06782430410385132,environment,original,s6,0.49683284759521484,0.8353208
95,left,0.33765727281570435,environment,original,s6,0.41792386770248413,0.812099
96,center,0.2813325524330139,environment,original,s6,0.36644965410232544,0.8185407
97,left,0.13862085342407227,environment,original,s6,0.17918717861175537,0.83577
98,left,0.12550902366638184,environment,original,s6,0.42263203859329224,0.82438695
99,right,0.11097270250320435,environment,original,s6,0.11897492408752441,0.8203178
100,left,0.3126957416534424,environment,original,s6,0.4697108268737793,0.82873195
101,center,0.09370046854019165,environment,original,s6,0.3640681505203247,0.83278817
102,right,0.2376551628112793,environment,original,s6,0.3499454855918884,0.83608055
103,center,0.07509011030197144,environment,original,s6,0.4187847375869751,0.8314
104,right,0.1786378026008606,environment,original,s6,0.3080618977546692,0.8169177
105,center,0.2303047776222229,environment,original,s6,0.3170340657234192,0.8200887
106,left,0.22955161333084106,environment,original,s6,0.3205111622810364,0.8181275
107,center,0.07481318712234497,environment,original,s6,0.08504217863082886,0.8138625
108,right,0.24490642547607422,environment,original,s6,0.44752126932144165,0.82444954
109,right,0.28635430335998535,environment,original,s6,0.37154531478881836,0.8418137
110,center,0.1269516944885254,environment,original,s6,0.4312584400177002,0.8307211
111,right,0.16560876369476318,environment,original,s6,0.08830410242080688,0.83800304
112,right,0.3364863395690918,environment,original,s6,0.27962982654571533,0.83209795
113,left,0.08330202102661133,environment,original,s6,0.310646653175354,0.8351962
114,left,0.0950392484664917,environment,original,s6,0.32056450843811035,0.83411217
115,right,0.13426953554153442,environment,original,s6,0.43358129262924194,0.8487822
116,right,0.4989401698112488,environment,original,s6,0.16018366813659668,0.8331712
117,center,0.1409408450126648,environment,original,s6,0.21856796741485596,0.83425987
118,left,0.1594948172569275,environment,original,s6,0.3791259527206421,0.8319948
119,left,0.302085280418396,environment,original,s6,0.19486254453659058,0.83809185
120,center,0.09165579080581665,environment,original,s6,0.31592774391174316,0.82213336
121,right,0.11864179372787476,environment,original,s6,0.30230236053466797,0.8176607
122,right,0.17138683795928955,environment,original,s6,0.18793386220932007,0.82919866
123,left,0.1838669776916504,environment,original,s6,0.2828466296195984,0.8249906
124,right,0.22821545600891113,environment,original,s6,0.25404733419418335,0.83507764
125,center,0.06225848197937012,environment,original,s6,0.40426766872406006,0.8352071
126,left,0.09563565254211426,environment,original,s6,0.22616207599639893,0.84832966
127,left,0.11699920892715454,environment,original,s6,0.39417898654937744,0.8309952
128,right,0.1340917944908142,environment,original,s6,0.27364569902420044,0.84203404
129,center,0.05235260725021362,environment,original,s6,0.25167322158813477,0.8100131
130,right,0.2131866216659546,environment,original,s6,0.3607030510902405,0.8330777
131,left,0.13482969999313354,environment,original,s6,0.3088013529777527,0.8251912
132,center,0.10969829559326172,environment,original,s6,0.20702588558197021,0.8399781
133,right,0.270244836807251,environment,original,s6,0.11131393909454346,0.83842766
134,right,0.22631299495697021,environment,original,s6,0.39874857664108276,0.84604365
135,center,0.20298415422439575,environment,original,s6,0.268474280834198,0.8310743
136,right,0.20214396715164185,environment,original,s6,0.2461957335472107,0.8272169
137,left,0.07323312759399414,environment,original,s6,0.07861113548278809,0.81178135
138,left,0.11892586946487427,environment,original,s6,0.47153931856155396,0.8155911
139,left,0.06116175651550293,environment,original,s6,0.2772059440612793,0.84512085
140,left,0.10346513986587524,environment,original,s6,0.22229158878326416,0.8275049
141,right,0.2263779640197754,environment,original,s6,0.11808478832244873,0.84346443
142,center,0.13302546739578247,environment,original,s6,0.4763069748878479,0.8266561
143,right,0.04420047998428345,environment,original,s6,0.05118328332901001,0.8187166
144,center,0.04858583211898804,environment,original,s6,0.2568114995956421,0.8254412
145,left,0.09737163782119751,environment,original,s6,0.2036304473876953,0.8365758
146,right,0.04960352182388306,environment,original,s6,0.33069372177124023,0.82285595
147,left,0.06383466720581055,environment,original,s6,0.46870648860931396,0.8278339
148,center,0.4886779189109802,environment,original,s6,0.20635563135147095,0.8309214
149,center,0.14171379804611206,environment,original,s6,0.19077587127685547,0.82169896
0,center,0.15797197818756104,education,original,s1,0.10700559616088867,0.86410695
1,right,0.18270868062973022,education,original,s1,0.11930125951766968,0.84370476
2,right,0.06723743677139282,education,original,s1,0.26763272285461426,0.8584853
3,center,0.22475028038024902,education,original,s1,0.1567685604095459,0.83264905
4,left,0.056790947914123535,education,original,s1,0.09197795391082764,0.85072553
5,right,0.12381255626678467,education,original,s1,0.09615522623062134,0.83060855
6,right,0.4583437442779541,education,original,s1,0.13563460111618042,0.8600162
7,right,0.1977294683456421,education,original,s1,0.1356639266014099,0.869529
8,left,0.2935090661048889,education,original,s1,0.45921820402145386,0.85848683
9,center,0.20098328590393066,education,original,s1,0.13135689496994019,0.8539866
10,left,0.2571869492530823,education,original,s1,0.2977474331855774,0.84761167
11,right,0.13543862104415894,education,original,s1,0.46380650997161865,0.84460765
12,left,0.14554399251937866,education,original,s1,0.3143705129623413,0.8536124
13,left,0.24318498373031616,education,original,s1,0.49394869804382324,0.85621655
14,left,0.17597979307174683,education,original,s1,0.23749619722366333,0.86452234
15,right,0.1290585994720459,education,original,s1,0.28989100456237793,0.8558606
16,right,0.34874260425567627,education,original,s1,0.1396692991256714,0.8264028
17,right,0.4509202837944031,education,original,s1,0.25969910621643066,0.85042924
18,left,0.1666198968887329,education,original,s1,0.16718196868896484,0.8630735
19,center,0.10477137565612793,education,original,s1,0.4530368447303772,0.856318
20,left,0.19362759590148926,education,original,s1,0.10566675662994385,0.8492529
21,right,0.25816619396209717,education,original,s1,0.1723441481590271,0.8549803
22,right,0.024734556674957275,education,original,s1,0.1826798915863037,0.8430124
23,center,0.4629287123680115,education,original,s1,0.10480886697769165,0.8442213
24,center,0.23170596361160278,education,original,s1,0.1639840006828308,0.85705036
25,center,0.16013085842132568,education,original,s1,0.15781128406524658,0.8427235
26,right,0.25668489933013916,education,original,s1,0.1678478717803955,0.87027186
27,left,0.21971869468688965,education,original,s1,0.11376386880874634,0.8847837
28,center,0.06746989488601685,education,original,s1,0.06438583135604858,0.8806625
29,right,0.3601166605949402,education,original,s1,0.20285451412200928,0.8641783
30,center,0.2662484645843506,education,original,s1,0.39339977502822876,0.84703255
31,right,0.40961700677871704,education,original,s1,0.2119632363319397,0.8424769
32,left,0.17863178253173828,education,original,s1,0.10908359289169312,0.85544264
33,right,0.21414917707443237,education,original,s1,0.2716880440711975,0.85488766
34,right,0.20994871854782104,education,original,s1,0.1684645414352417,0.86260253
35,center,0.05930691957473755,education,original,s1,0.04081106185913086,0.8642722
36,center,0.10675954818725586,education,original,s1,0.09305679798126221,0.8628215
37,right,0.058440566062927246,education,original,s1,0.06473642587661743,0.8618826
38,center,0.10431879758834839,education,original,s1,0.07940763235092163,0.8495442
39,right,0.16923457384109497,education,original,s1,0.08393669128417969,0.8491722
40,left,0.23731231689453125,education,original,s1,0.17364084720611572,0.8679451
41,center,0.398080050945282,education,original,s1,0.26289623975753784,0.85164124
42,left,0.06463623046875,education,original,s1,0.22104394435882568,0.83015066
43,left,0.2848181128501892,education,original,s1,0.2247018814086914,0.8449729
44,center,0.11805367469787598,education,original,s1,0.06758660078048706,0.8530403
45,left,0.25940489768981934,education,original,s1,0.29859834909439087,0.8677017
46,center,0.10482114553451538,education,original,s1,0.11887013912200928,0.86485213
47,right,0.08397471904754639,education,original,s1,0.04219287633895874,0.8679893
48,center,0.18811863660812378,education,original,s1,0.464465856552124,0.8695539
49,left,0.10186123847961426,education,original,s1,0.2662915587425232,0.8423934
50,center,0.135473370552063,education,original,s1,0.04145312309265137,0.85393476
51,center,0.16255617141723633,education,original,s1,0.11440509557723999,0.82985705
52,right,0.3702768087387085,education,original,s1,0.2148594856262207,0.8580206
53,left,0.19768542051315308,education,original,s1,0.25600045919418335,0.8647068
54,left,0.07693254947662354,education,original,s1,0.40168070793151855,0.8342022
55,left,0.28697800636291504,education,original,s1,0.035757243633270264,0.8631037
56,center,0.07026761770248413,education,original,s1,0.07226455211639404,0.8736351
57,right,0.12391650676727295,education,original,s1,0.15927642583847046,0.8655118
58,left,0.04820263385772705,education,original,s1,0.4255918860435486,0.84386814
59,left,0.18194538354873657,education,original,s1,0.10836547613143921,0.86653805
60,left,0.4501934051513672,education,original,s1,0.3385946750640869,0.860102
61,left,0.14605110883712769,education,original,s1,0.13924247026443481,0.8579425
62,center,0.32165175676345825,education,original,s1,0.2327316403388977,0.86882085
63,right,0.3269987106323242,education,original,s1,0.12580657005310059,0.8727462
64,center,0.2124342918395996,education,original,s1,0.24291950464248657,0.8382185
65,center,0.297404408454895,education,original,s1,0.444172739982605,0.8535383
66,right,0.44102412462234497,education,original,s1,0.17845499515533447,0.8362124
67,right,0.4465962052345276,education,original,s1,0.15862727165222168,0.8784583
68,left,0.41648101806640625,education,original,s1,0.30568188428878784,0.87233806
69,right,0.2633904814720154,education,original,s1,0.2261052131652832,0.8503128
70,right,0.3149321675300598,education,original,s1,0.28628551959991455,0.8462301
71,right,0.4060133099555969,education,original,s1,0.300075888633728,0.8425172
72,center,0.17862015962600708,education,original,s1,0.13242202997207642,0.86585
73,center,0.11259692907333374,education,original,s1,0.08020931482315063,0.8611567
74,left,0.22272449731826782,education,original,s1,0.1521173119544983,0.8691313
75,center,0.074787437915802,education,original,s1,0.03577756881713867,0.858571
76,right,0.19771885871887207,education,original,s1,0.2743159532546997,0.8369201
77,left,0.2061922550201416,education,original,s1,0.25015562772750854,0.8481804
78,left,0.2061411738395691,education,original,s1,0.05810248851776123,0.84096724
79,center,0.38025498390197754,education,original,s1,0.3616591691970825,0.84822893
80,left,0.06534773111343384,education,original,s1,0.05703163146972656,0.8558751
81,left,0.4486728310585022,education,original,s1,0.46546226739883423,0.8515913
82,left,0.04288482666015625,education,original,s1,0.09661257266998291,0.85425395
83,left,0.1866738200187683,education,original,s1,0.2823461890220642,0.86340994
84,center,0.17114907503128052,education,original,s1,0.10798776149749756,0.83909327
85,center,0.04501783847808838,education,original,s1,0.05159801244735718,0.85125417
86,right,0.12634801864624023,education,original,s1,0.20497554540634155,0.8574547
87,center,0.1411253809928894,education,original,s1,0.24651330709457397,0.8348024
88,center,0.07608568668365479,education,original,s1,0.10758674144744873,0.88119805
89,left,0.3699508309364319,education,original,s1,0.487235963344574,0.86116374
90,center,0.10246741771697998,education,original,s1,0.07483386993408203,0.865984
91,right,0.19063931703567505,education,original,s1,0.30963075160980225,0.8405751
92,center,0.15454208850860596,education,original,s1,0.06745123863220215,0.84779024
93,center,0.19890791177749634,education,original,s1,0.13244229555130005,0.8445451
94,center,0.06334102153778076,education,original,s1,0.05700504779815674,0.8552392
95,left,0.05456322431564331,education,original,s1,0.03837651014328003,0.8621765
96,center,0.4644314646720886,education,original,s1,0.22073125839233398,0.82876474
97,left,0.16539275646209717,education,original,s1,0.10883891582489014,0.87169355
98,left,0.09287959337234497,education,original,s1,0.085224449634552,0.8716559
99,right,0.460132360458374,education,original,s1,0.40751582384109497,0.84025675
100,left,0.1965261697769165,education,original,s1,0.3294987082481384,0.8303104
101,center,0.10322999954223633,education,original,s1,0.14329946041107178,0.8667281
102,right,0.341797411441803,education,original,s1,0.24642139673233032,0.84080046
103,center,0.2339111566543579,education,original,s1,0.11813414096832275,0.86572576
104,right,0.36705875396728516,education,original,s1,0.09834295511245728,0.87324226
105,center,0.10980165004730225,education,original,s1,0.1952415108680725,0.84822065
106,left,0.2971518635749817,education,original,s1,0.27730047702789307,0.8542248
107,center,0.060841262340545654,education,original,s1,0.034147799015045166,0.8406884
108,right,0.07558107376098633,education,original,s1,0.09698718786239624,0.8721506
109,right,0.08443617820739746,education,original,s1,0.08177536725997925,0.85778904
110,center,0.08358120918273926,education,original,s1,0.0549088716506958,0.8655699
111,right,0.3509981036186218,education,original,s1,0.145582914352417,0.8647632
112,right,0.10158342123031616,education,original,s1,0.09026956558227539,0.8702419
113,left,0.1266852617263794,education,original,s1,0.20352375507354736,0.8571109
114,left,0.3592382073402405,education,original,s1,0.2648366093635559,0.8608892
115,right,0.20078909397125244,education,original,s1,0.16483688354492188,0.8581769
116,right,0.0882260799407959,education,original,s1,0.08392298221588135,0.857167
117,center,0.18798238039016724,education,original,s1,0.11553072929382324,0.8576597
118,left,0.2953181266784668,education,original,s1,0.3657931089401245,0.83389866
119,left,0.11813563108444214,education,original,s1,0.07027357816696167,0.8574562
120,center,0.055560171604156494,education,original,s1,0.050879597663879395,0.8545552
121,right,0.07296222448348999,education,original,s1,0.05581521987915039,0.8484835
122,right,0.4612712860107422,education,original,s1,0.18875080347061157,0.8456764
123,left,0.23153561353683472,education,original,s1,0.09881669282913208,0.86534065
124,right,0.2552703619003296,education,original,s1,0.3772212266921997,0.832912
125,center,0.07943522930145264,education,original,s1,0.1849839687347412,0.84198684
126,left,0.08277708292007446,education,original,s1,0.18785029649734497,0.84331584
127,left,0.2713924050331116,education,original,s1,0.11826318502426147,0.8407054
128,right,0.2030200958251953,education,original,s1,0.3148375153541565,0.86330634
129,center,0.1239272952079773,education,original,s1,0.1906326413154602,0.8668634
130,right,0.17592567205429077,education,original,s1,0.15837377309799194,0.85493577
131,left,0.19735407829284668,education,original,s1,0.46997523307800293,0.8484702
132,center,0.16044676303863525,education,original,s1,0.055133283138275146,0.85769683
133,right,0.09097528457641602,education,original,s1,0.07653176784515381,0.85399663
134,right,0.30511611700057983,education,original,s1,0.23830276727676392,0.8470926
135,center,0.11000102758407593,education,original,s1,0.1366230845451355,0.87939775
136,right,0.29589009284973145,education,original,s1,0.2084256410598755,0.8601362
137,left,0.20174896717071533,education,original,s1,0.20482271909713745,0.85433966
138,left,0.4552760720252991,education,original,s1,0.10002613067626953,0.85310626
139,left,0.11703228950500488,education,original,s1,0.06437331438064575,0.87181264
140,left,0.07944107055664062,education,original,s1,0.07938569784164429,0.8616014
141,right,0.10107970237731934,education,original,s1,0.09068995714187622,0.8551292
142,center,0.0825490951538086,education,original,s1,0.050938308238983154,0.85692674
143,right,0.2760106921195984,education,original,s1,0.2539103031158447,0.85551256
144,center,0.0918307900428772,education,original,s1,0.26728445291519165,0.8418514
145,left,0.2016305923461914,education,original,s1,0.3861429691314697,0.84273905
146,right,0.305277943611145,education,original,s1,0.3675454258918762,0.8494265
147,left,0.24940723180770874,education,original,s1,0.13390856981277466,0.84081936
148,center,0.1380963921546936,education,original,s1,0.1525745987892151,0.85445035
149,center,0.1449868083000183,education,original,s1,0.07583510875701904,0.8409777
0,center,0.15797197818756104,education,original,s2,0.1260673999786377,0.86514205
1,right,0.18270868062973022,education,original,s2,0.3766329288482666,0.8396115
2,right,0.06723743677139282,education,original,s2,0.18989115953445435,0.8555861
3,center,0.22475028038024902,education,original,s2,0.24861109256744385,0.82576686
4,left,0.056790947914123535,education,original,s2,0.10938453674316406,0.84074444
5,right,0.12381255626678467,education,original,s2,0.2406483292579651,0.8283083
6,right,0.4583437442779541,education,original,s2,0.18007677793502808,0.86849505
7,right,0.1977294683456421,education,original,s2,0.2279631495475769,0.8693076
8,left,0.2935090661048889,education,original,s2,0.39554667472839355,0.84221965
9,center,0.20098328590393066,education,original,s2,0.182844877243042,0.8483203
10,left,0.2571869492530823,education,original,s2,0.22122865915298462,0.8476275
11,right,0.13543862104415894,education,original,s2,0.180620014667511,0.8435953
12,left,0.14554399251937866,education,original,s2,0.37979674339294434,0.8488723
13,left,0.24318498373031616,education,original,s2,0.11380541324615479,0.8512599
14,left,0.17597979307174683,education,original,s2,0.18041282892227173,0.8561863
15,right,0.1290585994720459,education,original,s2,0.4247998595237732,0.84837437
16,right,0.34874260425567627,education,original,s2,0.317710816860199,0.83365536
17,right,0.4509202837944031,education,original,s2,0.39337271451950073,0.84383124
18,left,0.1666198968887329,education,original,s2,0.2189500331878662,0.8678212
19,center,0.10477137565612793,education,original,s2,0.36594367027282715,0.8477275
20,left,0.19362759590148926,education,original,s2,0.243252694606781,0.8326217
21,right,0.25816619396209717,education,original,s2,0.49259865283966064,0.84733444
22,right,0.024734556674957275,education,original,s2,0.10125696659088135,0.83588225
23,center,0.4629287123680115,education,original,s2,0.23110145330429077,0.8340388
24,center,0.23170596361160278,education,original,s2,0.22601592540740967,0.8566871
25,center,0.16013085842132568,education,original,s2,0.2451038956642151,0.8460697
26,right,0.25668489933013916,education,original,s2,0.26636219024658203,0.86862147
27,left,0.21971869468688965,education,original,s2,0.1763901710510254,0.8667522
28,center,0.06746989488601685,education,original,s2,0.06540793180465698,0.8641591
29,right,0.3601166605949402,education,original,s2,0.11572486162185669,0.84916246
30,center,0.2662484645843506,education,original,s2,0.33072400093078613,0.8394476
31,right,0.40961700677871704,education,original,s2,0.3248783349990845,0.83932126
32,left,0.17863178253173828,education,original,s2,0.06920504570007324,0.8538591
33,right,0.21414917707443237,education,original,s2,0.31048452854156494,0.8488826
34,right,0.20994871854782104,education,original,s2,0.3593875765800476,0.8626278
35,center,0.05930691957473755,education,original,s2,0.09870004653930664,0.8522333
36,center,0.10675954818725586,education,original,s2,0.4009981155395508,0.86619633
37,right,0.058440566062927246,education,original,s2,0.11038422584533691,0.8728388
38,center,0.10431879758834839,education,original,s2,0.060512661933898926,0.8511581
39,right,0.16923457384109497,education,original,s2,0.24097591638565063,0.8623461
40,left,0.23731231689453125,education,original,s2,0.3517559766769409,0.85774183
41,center,0.398080050945282,education,original,s2,0.19320076704025269,0.84887403
42,left,0.06463623046875,education,original,s2,0.05919468402862549,0.8343729
43,left,0.2848181128501892,education,original,s2,0.4464016556739807,0.83741754
44,center,0.11805367469787598,education,original,s2,0.1431899070739746,0.8442239
45,left,0.25940489768981934,education,original,s2,0.2304796576499939,0.85025954
46,center,0.10482114553451538,education,original,s2,0.16070890426635742,0.85686517
47,right,0.08397471904754639,education,original,s2,0.05421799421310425,0.86985236
48,center,0.18811863660812378,education,original,s2,0.4186134338378906,0.87107456
49,left,0.10186123847961426,education,original,s2,0.38099783658981323,0.8526809
50,center,0.135473370552063,education,original,s2,0.10068261623382568,0.8550225
51,center,0.16255617141723633,education,original,s2,0.11215907335281372,0.8425604
52,right,0.3702768087387085,education,original,s2,0.4191545844078064,0.8616993
53,left,0.19768542051315308,education,original,s2,0.23534011840820312,0.8623451
54,left,0.07693254947662354,education,original,s2,0.23829299211502075,0.8365467
55,left,0.28697800636291504,education,original,s2,0.07072573900222778,0.86786073
56,center,0.07026761770248413,education,original,s2,0.07022720575332642,0.8684615
57,right,0.12391650676727295,education,original,s2,0.2124243974685669,0.865446
58,left,0.04820263385772705,education,original,s2,0.44804131984710693,0.84416884
59,left,0.18194538354873657,education,original,s2,0.31849855184555054,0.8608472
60,left,0.4501934051513672,education,original,s2,0.37069886922836304,0.86745524
61,left,0.14605110883712769,education,original,s2,0.2355092167854309,0.84348
62,center,0.32165175676345825,education,original,s2,0.26046955585479736,0.85769004
63,right,0.3269987106323242,education,original,s2,0.22246861457824707,0.87900764
64,center,0.2124342918395996,education,original,s2,0.47150719165802,0.8378132
65,center,0.297404408454895,education,original,s2,0.25421905517578125,0.8482417
66,right,0.44102412462234497,education,original,s2,0.30309629440307617,0.8343534
67,right,0.4465962052345276,education,original,s2,0.30020540952682495,0.86561394
68,left,0.41648101806640625,education,original,s2,0.3242754340171814,0.8658221
69,right,0.2633904814720154,education,original,s2,0.2673516869544983,0.8645951
70,right,0.3149321675300598,education,original,s2,0.27433598041534424,0.85183585
71,right,0.4060133099555969,education,original,s2,0.2576977014541626,0.833075
72,center,0.17862015962600708,education,original,s2,0.2384660840034485,0.85646003
73,center,0.11259692907333374,education,original,s2,0.1808391809463501,0.85732824
74,left,0.22272449731826782,education,original,s2,0.3430107831954956,0.8583186
75,center,0.074787437915802,education,original,s2,0.08719474077224731,0.8586456
76,right,0.19771885871887207,education,original,s2,0.38401299715042114,0.84885806
77,left,0.2061922550201416,education,original,s2,0.44513624906539917,0.85337245
78,left,0.2061411738395691,education,original,s2,0.3051661252975464,0.8454786
79,center,0.38025498390197754,education,original,s2,0.32384103536605835,0.83697516
80,left,0.06534773111343384,education,original,s2,0.08435565233230591,0.85729843
81,left,0.4486728310585022,education,original,s2,0.40649640560150146,0.8475054
82,left,0.04288482666015625,education,original,s2,0.17470812797546387,0.842824
83,left,0.1866738200187683,education,original,s2,0.4401540756225586,0.85845774
84,center,0.17114907503128052,education,original,s2,0.1940697431564331,0.8388072
85,center,0.04501783847808838,education,original,s2,0.07959449291229248,0.85677236
86,right,0.12634801864624023,education,original,s2,0.3496133089065552,0.85620874
87,center,0.1411253809928894,education,original,s2,0.35481584072113037,0.8322648
88,center,0.07608568668365479,education,original,s2,0.21376550197601318,0.8807602
89,left,0.3699508309364319,education,original,s2,0.2154449224472046,0.8609804
90,center,0.10246741771697998,education,original,s2,0.13210558891296387,0.85753554
91,right,0.19063931703567505,education,original,s2,0.24537694454193115,0.8406876
92,center,0.15454208850860596,education,original,s2,0.1109384298324585,0.8425166
93,center,0.19890791177749634,education,original,s2,0.2897595763206482,0.8412155
94,center,0.06334102153778076,education,original,s2,0.2016160488128662,0.8684582
95,left,0.05456322431564331,education,original,s2,0.16461151838302612,0.85662234
96,center,0.4644314646720886,education,original,s2,0.4088478684425354,0.81956255
97,left,0.16539275646209717,education,original,s2,0.17900007963180542,0.8644533
98,left,0.09287959337234497,education,original,s2,0.1415836215019226,0.85759
99,right,0.460132360458374,education,original,s2,0.41220271587371826,0.84222585
100,left,0.1965261697769165,education,original,s2,0.3773248791694641,0.83811766
101,center,0.10322999954223633,education,original,s2,0.22682291269302368,0.86306137
102,right,0.341797411441803,education,original,s2,0.38913047313690186,0.83857614
103,center,0.2339111566543579,education,original,s2,0.1266765594482422,0.8675677
104,right,0.36705875396728516,education,original,s2,0.13402009010314941,0.8729567
105,center,0.10980165004730225,education,original,s2,0.12681055068969727,0.8495116
106,left,0.2971518635749817,education,original,s2,0.2568838596343994,0.8606426
107,center,0.060841262340545654,education,original,s2,0.0817151665687561,0.8352881
108,right,0.07558107376098633,education,original,s2,0.07591235637664795,0.8745863
109,right,0.08443617820739746,education,original,s2,0.1778210997581482,0.85171014
110,center,0.08358120918273926,education,original,s2,0.21343839168548584,0.864543
111,right,0.3509981036186218,education,original,s2,0.29018884897232056,0.8674462
112,right,0.10158342123031616,education,original,s2,0.2302122712135315,0.86297756
113,left,0.1266852617263794,education,original,s2,0.0969887375831604,0.85292387
114,left,0.3592382073402405,education,original,s2,0.2282697558403015,0.86321944
115,right,0.20078909397125244,education,original,s2,0.2853570580482483,0.85826015
116,right,0.0882260799407959,education,original,s2,0.04322141408920288,0.876346
117,center,0.18798238039016724,education,original,s2,0.06391829252243042,0.86007345
118,left,0.2953181266784668,education,original,s2,0.4044806957244873,0.8346808
119,left,0.11813563108444214,education,original,s2,0.08151370286941528,0.83398217
120,center,0.055560171604156494,education,original,s2,0.08182114362716675,0.85536224
121,right,0.07296222448348999,education,original,s2,0.15066486597061157,0.8417211
122,right,0.4612712860107422,education,original,s2,0.37627631425857544,0.82863766
123,left,0.23153561353683472,education,original,s2,0.33360427618026733,0.8551295
124,right,0.2552703619003296,education,original,s2,0.36407917737960815,0.84237295
125,center,0.07943522930145264,education,original,s2,0.4170754551887512,0.8334467
126,left,0.08277708292007446,education,original,s2,0.42562615871429443,0.8426646
127,left,0.2713924050331116,education,original,s2,0.36154186725616455,0.8492777
128,right,0.2030200958251953,education,original,s2,0.11570167541503906,0.86308354
129,center,0.1239272952079773,education,original,s2,0.148867666721344,0.86549026
130,right,0.17592567205429077,education,original,s2,0.2846641540527344,0.8469199
131,left,0.19735407829284668,education,original,s2,0.48852670192718506,0.84792084
132,center,0.16044676303863525,education,original,s2,0.2183133363723755,0.8313305
133,right,0.09097528457641602,education,original,s2,0.18295055627822876,0.8531356
134,right,0.30511611700057983,education,original,s2,0.28030478954315186,0.84852284
135,center,0.11000102758407593,education,original,s2,0.04887247085571289,0.8722223
136,right,0.29589009284973145,education,original,s2,0.18129289150238037,0.85732883
137,left,0.20174896717071533,education,original,s2,0.31897979974746704,0.8515193
138,left,0.4552760720252991,education,original,s2,0.11144119501113892,0.83653796
139,left,0.11703228950500488,education,original,s2,0.3444557189941406,0.86455256
140,left,0.07944107055664062,education,original,s2,0.09106177091598511,0.8569829
141,right,0.10107970237731934,education,original,s2,0.13965880870819092,0.83980906
142,center,0.0825490951538086,education,original,s2,0.05012977123260498,0.8548482
143,right,0.2760106921195984,education,original,s2,0.35523104667663574,0.8472789
144,center,0.0918307900428772,education,original,s2,0.23315507173538208,0.84091985
145,left,0.2016305923461914,education,original,s2,0.17914819717407227,0.8416867
146,right,0.305277943611145,education,original,s2,0.29568159580230713,0.8478187
147,left,0.24940723180770874,education,original,s2,0.194355309009552,0.83930194
148,center,0.1380963921546936,education,original,s2,0.2287442684173584,0.8509639
149,center,0.1449868083000183,education,original,s2,0.234940767288208,0.8319481
0,center,0.15797197818756104,education,original,s3a,0.08346056938171387,0.8653238
1,right,0.18270868062973022,education,original,s3a,0.29263633489608765,0.84160143
2,right,0.06723743677139282,education,original,s3a,0.12761980295181274,0.84616977
3,center,0.22475028038024902,education,original,s3a,0.27485692501068115,0.813766
4,left,0.056790947914123535,education,original,s3a,0.09778648614883423,0.8386955
5,right,0.12381255626678467,education,original,s3a,0.49219489097595215,0.819179
6,right,0.4583437442779541,education,original,s3a,0.23350441455841064,0.8679277
7,right,0.1977294683456421,education,original,s3a,0.2361961007118225,0.86906016
8,left,0.2935090661048889,education,original,s3a,0.22235792875289917,0.84756273
9,center,0.20098328590393066,education,original,s3a,0.23795944452285767,0.8574041
10,left,0.2571869492530823,education,original,s3a,0.25109535455703735,0.8305809
11,right,0.13543862104415894,education,original,s3a,0.20999878644943237,0.82645565
12,left,0.14554399251937866,education,original,s3a,0.22982090711593628,0.83227324
13,left,0.24318498373031616,education,original,s3a,0.29721468687057495,0.84972674
14,left,0.17597979307174683,education,original,s3a,0.24726837873458862,0.84572476
15,right,0.1290585994720459,education,original,s3a,0.09869664907455444,0.8423829
16,right,0.34874260425567627,education,original,s3a,0.2366650104522705,0.8298262
17,right,0.4509202837944031,education,original,s3a,0.33127933740615845,0.8408521
18,left,0.1666198968887329,education,original,s3a,0.13735824823379517,0.8603839
19,center,0.10477137565612793,education,original,s3a,0.11822617053985596,0.83666366
20,left,0.19362759590148926,education,original,s3a,0.2553904056549072,0.8224279
21,right,0.25816619396209717,education,original,s3a,0.2993868589401245,0.8274406
22,right,0.024734556674957275,education,original,s3a,0.06298291683197021,0.83336437
23,center,0.4629287123680115,education,original,s3a,0.36366409063339233,0.8301323
24,center,0.23170596361160278,education,original,s3a,0.44253551959991455,0.8428103
25,center,0.16013085842132568,education,original,s3a,0.44765251874923706,0.8273553
26,right,0.25668489933013916,education,original,s3a,0.1311919093132019,0.8688879
27,left,0.21971869468688965,education,original,s3a,0.3442264795303345,0.8780318
28,center,0.06746989488601685,education,original,s3a,0.2081109881401062,0.86311245
29,right,0.3601166605949402,education,original,s3a,0.052069783210754395,0.8271764
30,center,0.2662484645843506,education,original,s3a,0.4830942749977112,0.8259502
31,right,0.40961700677871704,education,original,s3a,0.36368584632873535,0.82472646
32,left,0.17863178253173828,education,original,s3a,0.09049779176712036,0.8360577
33,right,0.21414917707443237,education,original,s3a,0.2213495969772339,0.8477542
34,right,0.20994871854782104,education,original,s3a,0.48562729358673096,0.8502215
35,center,0.05930691957473755,education,original,s3a,0.08555853366851807,0.84936047
36,center,0.10675954818725586,education,original,s3a,0.48417091369628906,0.86320627
37,right,0.058440566062927246,education,original,s3a,0.35352087020874023,0.8499728
38,center,0.10431879758834839,education,original,s3a,0.16645348072052002,0.8404731
39,right,0.16923457384109497,education,original,s3a,0.26901865005493164,0.8370548
40,left,0.23731231689453125,education,original,s3a,0.2836684584617615,0.8478091
41,center,0.398080050945282,education,original,s3a,0.4224535822868347,0.8467217
42,left,0.06463623046875,education,original,s3a,0.09962254762649536,0.8318983
43,left,0.2848181128501892,education,original,s3a,0.3995743989944458,0.82062685
44,center,0.11805367469787598,education,original,s3a,0.14399093389511108,0.8428466
45,left,0.25940489768981934,education,original,s3a,0.4270004630088806,0.84085673
46,center,0.10482114553451538,education,original,s3a,0.25219905376434326,0.8568239
47,right,0.08397471904754639,education,original,s3a,0.05293458700180054,0.8652653
48,center,0.18811863660812378,education,original,s3a,0.49439704418182373,0.86347175
49,left,0.10186123847961426,education,original,s3a,0.17356383800506592,0.83014345
50,center,0.135473370552063,education,original,s3a,0.057634830474853516,0.8480415
51,center,0.16255617141723633,education,original,s3a,0.22580212354660034,0.82877696
52,right,0.3702768087387085,education,original,s3a,0.20052295923233032,0.8508872
53,left,0.19768542051315308,education,original,s3a,0.21736669540405273,0.85499406
54,left,0.07693254947662354,education,original,s3a,0.11986029148101807,0.83157337
55,left,0.28697800636291504,education,original,s3a,0.2774249315261841,0.8504405
56,center,0.07026761770248413,education,original,s3a,0.13364678621292114,0.86220306
57,right,0.12391650676727295,education,original,s3a,0.2015799880027771,0.86904967
58,left,0.04820263385772705,education,original,s3a,0.17629772424697876,0.8362575
59,left,0.18194538354873657,education,original,s3a,0.26181870698928833,0.851108
60,left,0.4501934051513672,education,original,s3a,0.29979538917541504,0.84950477
61,left,0.14605110883712769,education,original,s3a,0.15387248992919922,0.82256424
62,center,0.32165175676345825,education,original,s3a,0.3985031843185425,0.8564299
63,right,0.3269987106323242,education,original,s3a,0.1608310341835022,0.86596996
64,center,0.2124342918395996,education,original,s3a,0.1317266821861267,0.8368622
65,center,0.297404408454895,education,original,s3a,0.4809017777442932,0.8396994
66,right,0.44102412462234497,education,original,s3a,0.0732300877571106,0.81302005
67,right,0.4465962052345276,education,original,s3a,0.16464591026306152,0.84639424
68,left,0.41648101806640625,education,original,s3a,0.4885099530220032,0.8692066
69,right,0.2633904814720154,education,original,s3a,0.3764445185661316,0.8612207
70,right,0.3149321675300598,education,original,s3a,0.23919838666915894,0.8354721
71,right,0.4060133099555969,education,original,s3a,0.23200839757919312,0.83775705
72,center,0.17862015962600708,education,original,s3a,0.3098296523094177,0.8507208
73,center,0.11259692907333374,education,original,s3a,0.039768338203430176,0.8352225
74,left,0.22272449731826782,education,original,s3a,0.4831852912902832,0.8597805
75,center,0.074787437915802,education,original,s3a,0.23543798923492432,0.85860807
76,right,0.19771885871887207,education,original,s3a,0.22580218315124512,0.83736765
77,left,0.2061922550201416,education,original,s3a,0.09996122121810913,0.8302732
78,left,0.2061411738395691,education,original,s3a,0.20120131969451904,0.83248425
79,center,0.38025498390197754,education,original,s3a,0.4067445993423462,0.8278999
80,left,0.06534773111343384,education,original,s3a,0.15204215049743652,0.8215318
81,left,0.4486728310585022,education,original,s3a,0.2385827898979187,0.83818287
82,left,0.04288482666015625,education,original,s3a,0.11906510591506958,0.83407944
83,left,0.1866738200187683,education,original,s3a,0.2465304732322693,0.85577196
84,center,0.17114907503128052,education,original,s3a,0.24557167291641235,0.8338031
85,center,0.04501783847808838,education,original,s3a,0.1102297306060791,0.8454812
86,right,0.12634801864624023,education,original,s3a,0.4315987825393677,0.83977306
87,center,0.1411253809928894,education,original,s3a,0.19843339920043945,0.8119799
88,center,0.07608568668365479,education,original,s3a,0.17363351583480835,0.87418336
89,left,0.3699508309364319,education,original,s3a,0.4211547374725342,0.8526278
90,center,0.10246741771697998,education,original,s3a,0.24969196319580078,0.82757527
91,right,0.19063931703567505,education,original,s3a,0.09620368480682373,0.828254
92,center,0.15454208850860596,education,original,s3a,0.19381165504455566,0.8372959
93,center,0.19890791177749634,education,original,s3a,0.4983130097389221,0.82869524
94,center,0.06334102153778076,education,original,s3a,0.35532671213150024,0.82602185
95,left,0.05456322431564331,education,original,s3a,0.06471049785614014,0.86053944
96,center,0.4644314646720886,education,original,s3a,0.11222529411315918,0.82351923
97,left,0.16539275646209717,education,original,s3a,0.18570077419281006,0.8631189
98,left,0.09287959337234497,education,original,s3a,0.12708693742752075,0.85543823
99,right,0.460132360458374,education,original,s3a,0.03779888153076172,0.82638067
100,left,0.1965261697769165,education,original,s3a,0.09593933820724487,0.8145954
101,center,0.10322999954223633,education,original,s3a,0.158985435962677,0.85065424
102,right,0.341797411441803,education,original,s3a,0.4523666501045227,0.82989794
103,center,0.2339111566543579,education,original,s3a,0.18241208791732788,0.8546468
104,right,0.36705875396728516,education,original,s3a,0.17998135089874268,0.8627189
105,center,0.10980165004730225,education,original,s3a,0.4806550145149231,0.83302623
106,left,0.2971518635749817,education,original,s3a,0.24654334783554077,0.82856786
107,center,0.060841262340545654,education,original,s3a,0.1230364441871643,0.83088535
108,right,0.07558107376098633,education,original,s3a,0.16943144798278809,0.8648567
109,right,0.08443617820739746,education,original,s3a,0.1696685552597046,0.8408661
110,center,0.08358120918273926,education,original,s3a,0.1184050440788269,0.86650425
111,right,0.3509981036186218,education,original,s3a,0.46220916509628296,0.85037154
112,right,0.10158342123031616,education,original,s3a,0.15505117177963257,0.86780405
113,left,0.1266852617263794,education,original,s3a,0.4546199440956116,0.83536506
114,left,0.3592382073402405,education,original,s3a,0.14428305625915527,0.84254146
115,right,0.20078909397125244,education,original,s3a,0.37607306241989136,0.8192373
116,right,0.0882260799407959,education,original,s3a,0.17699021100997925,0.8369513
117,center,0.18798238039016724,education,original,s3a,0.17748212814331055,0.8493234
118,left,0.2953181266784668,education,original,s3a,0.20100373029708862,0.8360122
119,left,0.11813563108444214,education,original,s3a,0.06006056070327759,0.8515574
120,center,0.055560171604156494,education,original,s3a,0.035166025161743164,0.851513
121,right,0.07296222448348999,education,original,s3a,0.3574199676513672,0.8381585
122,right,0.4612712860107422,education,original,s3a,0.21382254362106323,0.8081698
123,left,0.23153561353683472,education,original,s3a,0.3011326193809509,0.8613489
124,right,0.2552703619003296,education,original,s3a,0.14422953128814697,0.83419204
125,center,0.07943522930145264,education,original,s3a,0.3485502004623413,0.8233092
126,left,0.08277708292007446,education,original,s3a,0.18442600965499878,0.8371531
127,left,0.2713924050331116,education,original,s3a,0.43094193935394287,0.8314533
128,right,0.2030200958251953,education,original,s3a,0.17166560888290405,0.87030274
129,center,0.1239272952079773,education,original,s3a,0.29755598306655884,0.84690964
130,right,0.17592567205429077,education,original,s3a,0.289925217628479,0.8447947
131,left,0.19735407829284668,education,original,s3a,0.34378939867019653,0.83522356
132,center,0.16044676303863525,education,original,s3a,0.11075890064239502,0.8233306
133,right,0.09097528457641602,education,original,s3a,0.17013585567474365,0.84308493
134,right,0.30511611700057983,education,original,s3a,0.27144140005111694,0.8296171
135,center,0.11000102758407593,education,original,s3a,0.08992177248001099,0.8721825
136,right,0.29589009284973145,education,original,s3a,0.04056751728057861,0.83491415
137,left,0.20174896717071533,education,original,s3a,0.21185433864593506,0.85365874
138,left,0.4552760720252991,education,original,s3a,0.12589842081069946,0.8381162
139,left,0.11703228950500488,education,original,s3a,0.43738240003585815,0.8678573
140,left,0.07944107055664062,education,original,s3a,0.12668228149414062,0.8477272
141,right,0.10107970237731934,education,original,s3a,0.20902663469314575,0.8343259
142,center,0.0825490951538086,education,original,s3a,0.21309185028076172,0.84237045
143,right,0.2760106921195984,education,original,s3a,0.25022608041763306,0.84984434
144,center,0.0918307900428772,education,original,s3a,0.3189117908477783,0.8233664
145,left,0.2016305923461914,education,original,s3a,0.4042564034461975,0.84306926
146,right,0.305277943611145,education,original,s3a,0.37665241956710815,0.84073675
147,left,0.24940723180770874,education,original,s3a,0.26460951566696167,0.828766
148,center,0.1380963921546936,education,original,s3a,0.15323132276535034,0.82494754
149,center,0.1449868083000183,education,original,s3a,0.21978729963302612,0.8362888
0,center,0.15797197818756104,education,original,s3b,0.3366411328315735,0.8176522
1,right,0.18270868062973022,education,original,s3b,0.3304818868637085,0.82145846
2,right,0.06723743677139282,education,original,s3b,0.03617829084396362,0.8216283
3,center,0.22475028038024902,education,original,s3b,0.31957536935806274,0.82068133
4,left,0.056790947914123535,education,original,s3b,0.38574302196502686,0.81068295
5,right,0.12381255626678467,education,original,s3b,0.16239869594573975,0.80468833
6,right,0.4583437442779541,education,original,s3b,0.1203574538230896,0.8213255
7,right,0.1977294683456421,education,original,s3b,0.1992087960243225,0.83083296
8,left,0.2935090661048889,education,original,s3b,0.12877875566482544,0.8310172
9,center,0.20098328590393066,education,original,s3b,0.08137500286102295,0.81007767
10,left,0.2571869492530823,education,original,s3b,0.22000175714492798,0.8109015
11,right,0.13543862104415894,education,original,s3b,0.10318315029144287,0.8219552
12,left,0.14554399251937866,education,original,s3b,0.2887558937072754,0.809218
13,left,0.24318498373031616,education,original,s3b,0.36276769638061523,0.81472224
14,left,0.17597979307174683,education,original,s3b,0.07275247573852539,0.8316484
15,right,0.1290585994720459,education,original,s3b,0.14058053493499756,0.8234823
16,right,0.34874260425567627,education,original,s3b,0.18374991416931152,0.8212054
17,right,0.4509202837944031,education,original,s3b,0.14529800415039062,0.82031864
18,left,0.1666198968887329,education,original,s3b,0.12285798788070679,0.80867994
19,center,0.10477137565612793,education,original,s3b,0.09197819232940674,0.8198365
20,left,0.19362759590148926,education,original,s3b,0.24249643087387085,0.8111567
21,right,0.25816619396209717,education,original,s3b,0.16253602504730225,0.80333185
22,right,0.024734556674957275,education,original,s3b,0.03677403926849365,0.82334316
23,center,0.4629287123680115,education,original,s3b,0.14865505695343018,0.81293434
24,center,0.23170596361160278,education,original,s3b,0.09484726190567017,0.7976784
25,center,0.16013085842132568,education,original,s3b,0.2874454855918884,0.79934365
26,right,0.25668489933013916,education,original,s3b,0.08000302314758301,0.8235629
27,left,0.21971869468688965,education,original,s3b,0.10580801963806152,0.82900125
28,center,0.06746989488601685,education,original,s3b,0.23204708099365234,0.83036137
29,right,0.3601166605949402,education,original,s3b,0.04823029041290283,0.8207573
30,center,0.2662484645843506,education,original,s3b,0.08661013841629028,0.82195807
31,right,0.40961700677871704,education,original,s3b,0.49349290132522583,0.8056962
32,left,0.17863178253173828,education,original,s3b,0.37794429063796997,0.8236223
33,right,0.21414917707443237,education,original,s3b,0.03780573606491089,0.81874746
34,right,0.20994871854782104,education,original,s3b,0.19017499685287476,0.836781
35,center,0.05930691957473755,education,original,s3b,0.3806420564651489,0.81465644
36,center,0.10675954818725586,education,original,s3b,0.37759220600128174,0.830141
37,right,0.058440566062927246,education,original,s3b,0.37988942861557007,0.83519965
38,center,0.10431879758834839,education,original,s3b,0.2542702555656433,0.8073185
39,right,0.16923457384109497,education,original,s3b,0.24620699882507324,0.80513555
40,left,0.23731231689453125,education,original,s3b,0.37459325790405273,0.8251922
41,center,0.398080050945282,education,original,s3b,0.12983042001724243,0.8088775
42,left,0.06463623046875,education,original,s3b,0.204542338848114,0.8115559
43,left,0.2848181128501892,education,original,s3b,0.3575659990310669,0.8180795
44,center,0.11805367469787598,education,original,s3b,0.4735032916069031,0.81954825
45,left,0.25940489768981934,education,original,s3b,0.12842178344726562,0.82552075
46,center,0.10482114553451538,education,original,s3b,0.1883048415184021,0.80553204
47,right,0.08397471904754639,education,original,s3b,0.12522870302200317,0.8088679
48,center,0.18811863660812378,education,original,s3b,0.18933570384979248,0.8272428
49,left,0.10186123847961426,education,original,s3b,0.2461174726486206,0.8197954
50,center,0.135473370552063,education,original,s3b,0.28663206100463867,0.81376314
51,center,0.16255617141723633,education,original,s3b,0.28024667501449585,0.8159736
52,right,0.3702768087387085,education,original,s3b,0.167069673538208,0.8120589
53,left,0.19768542051315308,education,original,s3b,0.13694137334823608,0.8243925
54,left,0.07693254947662354,education,original,s3b,0.1589640974998474,0.8219999
55,left,0.28697800636291504,education,original,s3b,0.48233699798583984,0.820335
56,center,0.07026761770248413,education,original,s3b,0.07720673084259033,0.81693876
57,right,0.12391650676727295,education,original,s3b,0.39487457275390625,0.81724066
58,left,0.04820263385772705,education,original,s3b,0.07097285985946655,0.81994885
59,left,0.18194538354873657,education,original,s3b,0.2662002444267273,0.81866705
60,left,0.4501934051513672,education,original,s3b,0.4236930012702942,0.81362563
61,left,0.14605110883712769,education,original,s3b,0.15297216176986694,0.8204322
62,center,0.32165175676345825,education,original,s3b,0.16929751634597778,0.8460711
63,right,0.3269987106323242,education,original,s3b,0.1443118453025818,0.8145227
64,center,0.2124342918395996,education,original,s3b,0.17995554208755493,0.805765
65,center,0.297404408454895,education,original,s3b,0.16375195980072021,0.80617887
66,right,0.44102412462234497,education,original,s3b,0.198702871799469,0.7983304
67,right,0.4465962052345276,education,original,s3b,0.2829204797744751,0.833638
68,left,0.41648101806640625,education,original,s3b,0.15844714641571045,0.8289884
69,right,0.2633904814720154,education,original,s3b,0.12887173891067505,0.8357905
70,right,0.3149321675300598,education,original,s3b,0.16944140195846558,0.8046178
71,right,0.4060133099555969,education,original,s3b,0.062031447887420654,0.8143941
72,center,0.17862015962600708,education,original,s3b,0.22424077987670898,0.82494384
73,center,0.11259692907333374,education,original,s3b,0.15169650316238403,0.80792123
74,left,0.22272449731826782,education,original,s3b,0.257817804813385,0.8182032
75,center,0.074787437915802,education,original,s3b,0.2881622314453125,0.8128883
76,right,0.19771885871887207,education,original,s3b,0.0764041543006897,0.82760304
77,left,0.2061922550201416,education,original,s3b,0.11847472190856934,0.8198853
78,left,0.2061411738395691,education,original,s3b,0.21880191564559937,0.8056316
79,center,0.38025498390197754,education,original,s3b,0.4007207155227661,0.8149747
80,left,0.06534773111343384,education,original,s3b,0.21271467208862305,0.8105113
81,left,0.4486728310585022,education,original,s3b,0.1557578444480896,0.82357544
82,left,0.04288482666015625,education,original,s3b,0.062365591526031494,0.8167462
83,left,0.1866738200187683,education,original,s3b,0.4554681181907654,0.83668894
84,center,0.17114907503128052,education,original,s3b,0.13391858339309692,0.8217637
85,center,0.04501783847808838,education,original,s3b,0.21481925249099731,0.8033177
86,right,0.12634801864624023,education,original,s3b,0.2238537073135376,0.8150246
87,center,0.1411253809928894,education,original,s3b,0.23569893836975098,0.8032588
88,center,0.07608568668365479,education,original,s3b,0.4892725944519043,0.83934915
89,left,0.3699508309364319,education,original,s3b,0.07189875841140747,0.8104706
90,center,0.10246741771697998,education,original,s3b,0.23227930068969727,0.8240577
91,right,0.19063931703567505,education,original,s3b,0.06611508131027222,0.8194021
92,center,0.15454208850860596,education,original,s3b,0.2841358780860901,0.8151499
93,center,0.19890791177749634,education,original,s3b,0.4343876242637634,0.8194295
94,center,0.06334102153778076,education,original,s3b,0.08000713586807251,0.8093698
95,left,0.05456322431564331,education,original,s3b,0.4919964075088501,0.81399935
96,center,0.4644314646720886,education,original,s3b,0.18537867069244385,0.80297625
97,left,0.16539275646209717,education,original,s3b,0.2349414825439453,0.81141406
98,left,0.09287959337234497,education,original,s3b,0.27167004346847534,0.8111075
99,right,0.460132360458374,education,original,s3b,0.06968992948532104,0.8168011
100,left,0.1965261697769165,education,original,s3b,0.11569184064865112,0.78736794
101,center,0.10322999954223633,education,original,s3b,0.36121976375579834,0.8273897
102,right,0.341797411441803,education,original,s3b,0.27542662620544434,0.82505333
103,center,0.2339111566543579,education,original,s3b,0.18758249282836914,0.82191765
104,right,0.36705875396728516,education,original,s3b,0.04391974210739136,0.825261
105,center,0.10980165004730225,education,original,s3b,0.19757401943206787,0.8161879
106,left,0.2971518635749817,education,original,s3b,0.03444373607635498,0.821901
107,center,0.060841262340545654,education,original,s3b,0.33171433210372925,0.8051548
108,right,0.07558107376098633,education,original,s3b,0.30037474632263184,0.8267678
109,right,0.08443617820739746,education,original,s3b,0.29424041509628296,0.82055676
110,center,0.08358120918273926,education,original,s3b,0.15881383419036865,0.82055324
111,right,0.3509981036186218,education,original,s3b,0.053967952728271484,0.83828646
112,right,0.10158342123031616,education,original,s3b,0.4332881569862366,0.80944335
113,left,0.1266852617263794,education,original,s3b,0.140200674533844,0.8178615
114,left,0.3592382073402405,education,original,s3b,0.15050524473190308,0.8173484
115,right,0.20078909397125244,education,original,s3b,0.1482517123222351,0.8032377
116,right,0.0882260799407959,education,original,s3b,0.23902487754821777,0.81431156
117,center,0.18798238039016724,education,original,s3b,0.14602893590927124,0.8320137
118,left,0.2953181266784668,education,original,s3b,0.18619561195373535,0.80580235
119,left,0.11813563108444214,education,original,s3b,0.44672077894210815,0.8054724
120,center,0.055560171604156494,education,original,s3b,0.26875561475753784,0.7987521
121,right,0.07296222448348999,education,original,s3b,0.16197454929351807,0.8056604
122,right,0.4612712860107422,education,original,s3b,0.1226382851600647,0.8167181
123,left,0.23153561353683472,education,original,s3b,0.382953941822052,0.8226959
124,right,0.2552703619003296,education,original,s3b,0.07282882928848267,0.80712664
125,center,0.07943522930145264,education,original,s3b,0.37278324365615845,0.800234
126,left,0.08277708292007446,education,original,s3b,0.14012277126312256,0.81413513
127,left,0.2713924050331116,education,original,s3b,0.21634089946746826,0.815831
128,right,0.2030200958251953,education,original,s3b,0.1307033896446228,0.81962186
129,center,0.1239272952079773,education,original,s3b,0.1160963773727417,0.8308889
130,right,0.17592567205429077,education,original,s3b,0.1681423783302307,0.83169174
131,left,0.19735407829284668,education,original,s3b,0.20198994874954224,0.81026155
132,center,0.16044676303863525,education,original,s3b,0.46720677614212036,0.8126021
133,right,0.09097528457641602,education,original,s3b,0.4028376340866089,0.82619625
134,right,0.30511611700057983,education,original,s3b,0.12184512615203857,0.82778716
135,center,0.11000102758407593,education,original,s3b,0.19096243381500244,0.8084012
136,right,0.29589009284973145,education,original,s3b,0.1556004285812378,0.83141875
137,left,0.20174896717071533,education,original,s3b,0.19677162170410156,0.8185119
138,left,0.4552760720252991,education,original,s3b,0.07198107242584229,0.8246004
139,left,0.11703228950500488,education,original,s3b,0.31287145614624023,0.83846754
140,left,0.07944107055664062,education,original,s3b,0.27350544929504395,0.8091018
141,right,0.10107970237731934,education,original,s3b,0.15696513652801514,0.8279329
142,center,0.0825490951538086,education,original,s3b,0.20109379291534424,0.8163615
143,right,0.2760106921195984,education,original,s3b,0.13246983289718628,0.81956446
144,center,0.0918307900428772,education,original,s3b,0.10333621501922607,0.81226474
145,left,0.2016305923461914,education,original,s3b,0.15533167123794556,0.82275915
146,right,0.305277943611145,education,original,s3b,0.07971280813217163,0.8079691
147,left,0.24940723180770874,education,original,s3b,0.35237306356430054,0.8245888
148,center,0.1380963921546936,education,original,s3b,0.06816840171813965,0.8035678
149,center,0.1449868083000183,education,original,s3b,0.432803213596344,0.8272101
0,center,0.15797197818756104,education,original,s3c,0.2829996943473816,0.8334342
1,right,0.18270868062973022,education,original,s3c,0.2782256007194519,0.8340063
2,right,0.06723743677139282,education,original,s3c,0.20748722553253174,0.8316248
3,center,0.22475028038024902,education,original,s3c,0.2886742353439331,0.81108326
4,left,0.056790947914123535,education,original,s3c,0.1915159821510315,0.8282776
5,right,0.12381255626678467,education,original,s3c,0.20765084028244019,0.819438
6,right,0.4583437442779541,education,original,s3c,0.34195148944854736,0.84623414
7,right,0.1977294683456421,education,original,s3c,0.3080434799194336,0.84562874
8,left,0.2935090661048889,education,original,s3c,0.24008619785308838,0.8366553
9,center,0.20098328590393066,education,original,s3c,0.3096596598625183,0.8548014
10,left,0.2571869492530823,education,original,s3c,0.3684502840042114,0.836847
11,right,0.13543862104415894,education,original,s3c,0.1955317258834839,0.84347045
12,left,0.14554399251937866,education,original,s3c,0.46671438217163086,0.83225137
13,left,0.24318498373031616,education,original,s3c,0.20324575901031494,0.8418791
14,left,0.17597979307174683,education,original,s3c,0.21147972345352173,0.8400863
15,right,0.1290585994720459,education,original,s3c,0.3547537326812744,0.84240365
16,right,0.34874260425567627,education,original,s3c,0.31422173976898193,0.8141676
17,right,0.4509202837944031,education,original,s3c,0.1453760862350464,0.8311816
18,left,0.1666198968887329,education,original,s3c,0.3527103662490845,0.8290209
19,center,0.10477137565612793,education,original,s3c,0.4236733913421631,0.8459324
20,left,0.19362759590148926,education,original,s3c,0.3978297710418701,0.8143379
21,right,0.25816619396209717,education,original,s3c,0.3431771993637085,0.8265896
22,right,0.024734556674957275,education,original,s3c,0.034395039081573486,0.8346025
23,center,0.4629287123680115,education,original,s3c,0.3615533709526062,0.8274763
24,center,0.23170596361160278,education,original,s3c,0.45844244956970215,0.8425983
25,center,0.16013085842132568,education,original,s3c,0.20234328508377075,0.83587515
26,right,0.25668489933013916,education,original,s3c,0.36468130350112915,0.84638786
27,left,0.21971869468688965,education,original,s3c,0.37595319747924805,0.8606447
28,center,0.06746989488601685,education,original,s3c,0.3098512291908264,0.8400333
29,right,0.3601166605949402,education,original,s3c,0.101676344871521,0.83610815
30,center,0.2662484645843506,education,original,s3c,0.4484960436820984,0.83494395
31,right,0.40961700677871704,education,original,s3c,0.414465069770813,0.8115741
32,left,0.17863178253173828,education,original,s3c,0.2858896255493164,0.831577
33,right,0.21414917707443237,education,original,s3c,0.22778469324111938,0.839338
34,right,0.20994871854782104,education,original,s3c,0.44944196939468384,0.8366275
35,center,0.05930691957473755,education,original,s3c,0.08822393417358398,0.84542567
36,center,0.10675954818725586,education,original,s3c,0.40285563468933105,0.840514
37,right,0.058440566062927246,education,original,s3c,0.2770841121673584,0.83495355
38,center,0.10431879758834839,education,original,s3c,0.18106591701507568,0.82071817
39,right,0.16923457384109497,education,original,s3c,0.2904999256134033,0.83384955
40,left,0.23731231689453125,education,original,s3c,0.3284597396850586,0.8281456
41,center,0.398080050945282,education,original,s3c,0.29759395122528076,0.83429986
42,left,0.06463623046875,education,original,s3c,0.08042973279953003,0.8207925
43,left,0.2848181128501892,education,original,s3c,0.3422848582267761,0.8268248
44,center,0.11805367469787598,education,original,s3c,0.2453453540802002,0.8337572
45,left,0.25940489768981934,education,original,s3c,0.3603144884109497,0.8409636
46,center,0.10482114553451538,education,original,s3c,0.19608783721923828,0.82540303
47,right,0.08397471904754639,education,original,s3c,0.19658762216567993,0.82914144
48,center,0.18811863660812378,education,original,s3c,0.36339855194091797,0.84352046
49,left,0.10186123847961426,education,original,s3c,0.11471140384674072,0.82765377
50,center,0.135473370552063,education,original,s3c,0.17690175771713257,0.8512111
51,center,0.16255617141723633,education,original,s3c,0.3494113087654114,0.8150742
52,right,0.3702768087387085,education,original,s3c,0.16240036487579346,0.8309491
53,left,0.19768542051315308,education,original,s3c,0.23430687189102173,0.8509474
54,left,0.07693254947662354,education,original,s3c,0.1571056842803955,0.8329817
55,left,0.28697800636291504,education,original,s3c,0.29368263483047485,0.8411188
56,center,0.07026761770248413,education,original,s3c,0.33065617084503174,0.8507821
57,right,0.12391650676727295,education,original,s3c,0.27881234884262085,0.8357568
58,left,0.04820263385772705,education,original,s3c,0.3365944027900696,0.8360663
59,left,0.18194538354873657,education,original,s3c,0.24149107933044434,0.8435472
60,left,0.4501934051513672,education,original,s3c,0.4755859375,0.8359454
61,left,0.14605110883712769,education,original,s3c,0.1261500120162964,0.8298476
62,center,0.32165175676345825,education,original,s3c,0.21702075004577637,0.8444839
63,right,0.3269987106323242,education,original,s3c,0.15623915195465088,0.8436027
64,center,0.2124342918395996,education,original,s3c,0.16353565454483032,0.83978057
65,center,0.297404408454895,education,original,s3c,0.30092722177505493,0.8299174
66,right,0.44102412462234497,education,original,s3c,0.08903789520263672,0.8191647
67,right,0.4465962052345276,education,original,s3c,0.3067917823791504,0.84439075
68,left,0.41648101806640625,education,original,s3c,0.1506894826889038,0.8399598
69,right,0.2633904814720154,education,original,s3c,0.24572378396987915,0.8405463
70,right,0.3149321675300598,education,original,s3c,0.20567989349365234,0.8228794
71,right,0.4060133099555969,education,original,s3c,0.05846160650253296,0.82522047
72,center,0.17862015962600708,education,original,s3c,0.457927942276001,0.8518123
73,center,0.11259692907333374,education,original,s3c,0.19884705543518066,0.8332779
74,left,0.22272449731826782,education,original,s3c,0.21096724271774292,0.84261584
75,center,0.074787437915802,education,original,s3c,0.2421945333480835,0.8442538
76,right,0.19771885871887207,education,original,s3c,0.1607394814491272,0.8360657
77,left,0.2061922550201416,education,original,s3c,0.47265344858169556,0.8366078
78,left,0.2061411738395691,education,original,s3c,0.14378774166107178,0.82689834
79,center,0.38025498390197754,education,original,s3c,0.23847311735153198,0.83055276
80,left,0.06534773111343384,education,original,s3c,0.3787730932235718,0.8153286
81,left,0.4486728310585022,education,original,s3c,0.18326830863952637,0.84073776
82,left,0.04288482666015625,education,original,s3c,0.09330791234970093,0.832131
83,left,0.1866738200187683,education,original,s3c,0.4196971654891968,0.85103506
84,center,0.17114907503128052,education,original,s3c,0.29716527462005615,0.8347735
85,center,0.04501783847808838,education,original,s3c,0.16864943504333496,0.8248493
86,right,0.12634801864624023,education,original,s3c,0.30639100074768066,0.8252228
87,center,0.1411253809928894,education,original,s3c,0.42193490266799927,0.81778425
88,center,0.07608568668365479,education,original,s3c,0.17412656545639038,0.878628
89,left,0.3699508309364319,education,original,s3c,0.4334583282470703,0.8472109
90,center,0.10246741771697998,education,original,s3c,0.3617532253265381,0.83638555
91,right,0.19063931703567505,education,original,s3c,0.08443838357925415,0.83156824
92,center,0.15454208850860596,education,original,s3c,0.11715787649154663,0.83510965
93,center,0.19890791177749634,education,original,s3c,0.2808351516723633,0.83387315
94,center,0.06334102153778076,education,original,s3c,0.2658262252807617,0.8361017
95,left,0.05456322431564331,education,original,s3c,0.4303210973739624,0.82896316
96,center,0.4644314646720886,education,original,s3c,0.37870925664901733,0.81488526
97,left,0.16539275646209717,education,original,s3c,0.3372730016708374,0.8508509
98,left,0.09287959337234497,education,original,s3c,0.43123334646224976,0.8386644
99,right,0.460132360458374,education,original,s3c,0.046609342098236084,0.82903296
100,left,0.1965261697769165,education,original,s3c,0.35608363151550293,0.82119435
101,center,0.10322999954223633,education,original,s3c,0.2047266960144043,0.84938055
102,right,0.341797411441803,education,original,s3c,0.39786386489868164,0.8403066
103,center,0.2339111566543579,education,original,s3c,0.3391340374946594,0.844504
104,right,0.36705875396728516,education,original,s3c,0.4291500449180603,0.8614333
105,center,0.10980165004730225,education,original,s3c,0.36645233631134033,0.83698595
106,left,0.2971518635749817,education,original,s3c,0.3314647078514099,0.8397792
107,center,0.060841262340545654,education,original,s3c,0.2664279341697693,0.8231964
108,right,0.07558107376098633,education,original,s3c,0.36014753580093384,0.84414357
109,right,0.08443617820739746,education,original,s3c,0.16017401218414307,0.8397603
110,center,0.08358120918273926,education,original,s3c,0.19575804471969604,0.8399497
111,right,0.3509981036186218,education,original,s3c,0.3801835775375366,0.85112566
112,right,0.10158342123031616,education,original,s3c,0.15376228094100952,0.8599076
113,left,0.1266852617263794,education,original,s3c,0.41795873641967773,0.83428574
114,left,0.3592382073402405,education,original,s3c,0.18855887651443481,0.8363961
115,right,0.20078909397125244,education,original,s3c,0.18616747856140137,0.8411685
116,right,0.0882260799407959,education,original,s3c,0.22668308019638062,0.8333491
117,center,0.18798238039016724,education,original,s3c,0.2935248017311096,0.8396398
118,left,0.2953181266784668,education,original,s3c,0.25520098209381104,0.82501173
119,left,0.11813563108444214,education,original,s3c,0.21775662899017334,0.83939224
120,center,0.055560171604156494,education,original,s3c,0.14826571941375732,0.829112
121,right,0.07296222448348999,education,original,s3c,0.33497023582458496,0.83446187
122,right,0.4612712860107422,education,original,s3c,0.24618452787399292,0.81031
123,left,0.23153561353683472,education,original,s3c,0.4700028896331787,0.84320337
124,right,0.2552703619003296,education,original,s3c,0.1690238118171692,0.8304073
125,center,0.07943522930145264,education,original,s3c,0.4214997887611389,0.81491953
126,left,0.08277708292007446,education,original,s3c,0.3323028087615967,0.8323554
127,left,0.2713924050331116,education,original,s3c,0.2865745425224304,0.8301142
128,right,0.2030200958251953,education,original,s3c,0.11810410022735596,0.84388936
129,center,0.1239272952079773,education,original,s3c,0.4359293580055237,0.8492777
130,right,0.17592567205429077,education,original,s3c,0.4463176727294922,0.8339309
131,left,0.19735407829284668,education,original,s3c,0.2447202205657959,0.839827
132,center,0.16044676303863525,education,original,s3c,0.3859930634498596,0.8282059
133,right,0.09097528457641602,education,original,s3c,0.170582115650177,0.845604
134,right,0.30511611700057983,education,original,s3c,0.16442453861236572,0.8340305
135,center,0.11000102758407593,education,original,s3c,0.13910716772079468,0.84563243
136,right,0.29589009284973145,education,original,s3c,0.11630147695541382,0.8395088
137,left,0.20174896717071533,education,original,s3c,0.2815895080566406,0.83758754
138,left,0.4552760720252991,education,original,s3c,0.05386829376220703,0.8283994
139,left,0.11703228950500488,education,original,s3c,0.20610958337783813,0.8561434
140,left,0.07944107055664062,education,original,s3c,0.4485195279121399,0.8236561
141,right,0.10107970237731934,education,original,s3c,0.3839073181152344,0.82578766
142,center,0.0825490951538086,education,original,s3c,0.13406234979629517,0.8293338
143,right,0.2760106921195984,education,original,s3c,0.4633803367614746,0.8531963
144,center,0.0918307900428772,education,original,s3c,0.2710492014884949,0.81986517
145,left,0.2016305923461914,education,original,s3c,0.3764788508415222,0.83831733
146,right,0.305277943611145,education,original,s3c,0.24432861804962158,0.8393241
147,left,0.24940723180770874,education,original,s3c,0.3518948554992676,0.8230086
148,center,0.1380963921546936,education,original,s3c,0.12776052951812744,0.8306622
149,center,0.1449868083000183,education,original,s3c,0.48503077030181885,0.81699276
0,center,0.15797197818756104,education,original,s4,0.05411285161972046,0.8653923
1,right,0.18270868062973022,education,original,s4,0.1661618947982788,0.8339221
2,right,0.06723743677139282,education,original,s4,0.17195290327072144,0.860206
3,center,0.22475028038024902,education,original,s4,0.2891271114349365,0.8566792
4,left,0.056790947914123535,education,original,s4,0.09489065408706665,0.84233826
5,right,0.12381255626678467,education,original,s4,0.10034489631652832,0.8272741
6,right,0.4583437442779541,education,original,s4,0.1027534008026123,0.85506254
7,right,0.1977294683456421,education,original,s4,0.2540906071662903,0.85633296
8,left,0.2935090661048889,education,original,s4,0.4299681782722473,0.8451799
9,center,0.20098328590393066,education,original,s4,0.22213178873062134,0.8470716
10,left,0.2571869492530823,education,original,s4,0.26671165227890015,0.8541067
11,right,0.13543862104415894,education,original,s4,0.4347236156463623,0.8607156
12,left,0.14554399251937866,education,original,s4,0.14952409267425537,0.8816515
13,left,0.24318498373031616,education,original,s4,0.42839688062667847,0.8444185
14,left,0.17597979307174683,education,original,s4,0.2914952039718628,0.84855175
15,right,0.1290585994720459,education,original,s4,0.434296190738678,0.85875696
16,right,0.34874260425567627,education,original,s4,0.3065059781074524,0.82381225
17,right,0.4509202837944031,education,original,s4,0.49625128507614136,0.853286
18,left,0.1666198968887329,education,original,s4,0.15140634775161743,0.8544436
19,center,0.10477137565612793,education,original,s4,0.29963070154190063,0.84929574
20,left,0.19362759590148926,education,original,s4,0.2716142535209656,0.822804
21,right,0.25816619396209717,education,original,s4,0.15224772691726685,0.8578885
22,right,0.024734556674957275,education,original,s4,0.05394703149795532,0.83627355
23,center,0.4629287123680115,education,original,s4,0.28199172019958496,0.84067124
24,center,0.23170596361160278,education,original,s4,0.1528809666633606,0.8414729
25,center,0.16013085842132568,education,original,s4,0.26196950674057007,0.8242141
26,right,0.25668489933013916,education,original,s4,0.2614724040031433,0.85868824
27,left,0.21971869468688965,education,original,s4,0.452026903629303,0.8724538
28,center,0.06746989488601685,education,original,s4,0.11265063285827637,0.87629104
29,right,0.3601166605949402,education,original,s4,0.2033901810646057,0.8622857
30,center,0.2662484645843506,education,original,s4,0.2511059641838074,0.841304
31,right,0.40961700677871704,education,original,s4,0.3494894504547119,0.8354456
32,left,0.17863178253173828,education,original,s4,0.1483156681060791,0.8393774
33,right,0.21414917707443237,education,original,s4,0.4587947130203247,0.8489564
34,right,0.20994871854782104,education,original,s4,0.16977566480636597,0.86568016
35,center,0.05930691957473755,education,original,s4,0.05756479501724243,0.85970944
36,center,0.10675954818725586,education,original,s4,0.24848073720932007,0.86878246
37,right,0.058440566062927246,education,original,s4,0.1576947569847107,0.8730954
38,center,0.10431879758834839,education,original,s4,0.09886062145233154,0.8441114
39,right,0.16923457384109497,education,original,s4,0.1261599063873291,0.8572946
40,left,0.23731231689453125,education,original,s4,0.25223368406295776,0.8587645
41,center,0.398080050945282,education,original,s4,0.230993390083313,0.84193707
42,left,0.06463623046875,education,original,s4,0.03690129518508911,0.8467851
43,left,0.2848181128501892,education,original,s4,0.1891869306564331,0.8606887
44,center,0.11805367469787598,education,original,s4,0.1377606987953186,0.8451237
45,left,0.25940489768981934,education,original,s4,0.3205310106277466,0.864746
46,center,0.10482114553451538,education,original,s4,0.039225876331329346,0.8606964
47,right,0.08397471904754639,education,original,s4,0.26420462131500244,0.8509742
48,center,0.18811863660812378,education,original,s4,0.1976526379585266,0.86507577
49,left,0.10186123847961426,education,original,s4,0.15635818243026733,0.85845757
50,center,0.135473370552063,education,original,s4,0.126814603805542,0.8543528
51,center,0.16255617141723633,education,original,s4,0.08492386341094971,0.84603035
52,right,0.3702768087387085,education,original,s4,0.3913746476173401,0.85949033
53,left,0.19768542051315308,education,original,s4,0.4561242461204529,0.8670527
54,left,0.07693254947662354,education,original,s4,0.13449007272720337,0.8479212
55,left,0.28697800636291504,education,original,s4,0.046418607234954834,0.863878
56,center,0.07026761770248413,education,original,s4,0.13428246974945068,0.8715936
57,right,0.12391650676727295,education,original,s4,0.14401400089263916,0.86455417
58,left,0.04820263385772705,education,original,s4,0.4915620684623718,0.8411651
59,left,0.18194538354873657,education,original,s4,0.3432759642601013,0.85202205
60,left,0.4501934051513672,education,original,s4,0.3719233274459839,0.8625571
61,left,0.14605110883712769,education,original,s4,0.2890544533729553,0.8499167
62,center,0.32165175676345825,education,original,s4,0.4537627696990967,0.8560344
63,right,0.3269987106323242,education,original,s4,0.16380667686462402,0.86742914
64,center,0.2124342918395996,education,original,s4,0.3184288740158081,0.8336253
65,center,0.297404408454895,education,original,s4,0.3462434411048889,0.8421136
66,right,0.44102412462234497,education,original,s4,0.3834559917449951,0.82563436
67,right,0.4465962052345276,education,original,s4,0.24593067169189453,0.8785825
68,left,0.41648101806640625,education,original,s4,0.29434138536453247,0.84835607
69,right,0.2633904814720154,education,original,s4,0.23910534381866455,0.8628669
70,right,0.3149321675300598,education,original,s4,0.19814199209213257,0.8448874
71,right,0.4060133099555969,education,original,s4,0.0609622597694397,0.82624876
72,center,0.17862015962600708,education,original,s4,0.16018980741500854,0.841686
73,center,0.11259692907333374,education,original,s4,0.1895512342453003,0.85288084
74,left,0.22272449731826782,education,original,s4,0.2600855827331543,0.87052494
75,center,0.074787437915802,education,original,s4,0.04612386226654053,0.8690974
76,right,0.19771885871887207,education,original,s4,0.13221365213394165,0.86528796
77,left,0.2061922550201416,education,original,s4,0.38908904790878296,0.857165
78,left,0.2061411738395691,education,original,s4,0.06625795364379883,0.8717819
79,center,0.38025498390197754,education,original,s4,0.41232287883758545,0.83676046
80,left,0.06534773111343384,education,original,s4,0.05291473865509033,0.878771
81,left,0.4486728310585022,education,original,s4,0.38841742277145386,0.83823365
82,left,0.04288482666015625,education,original,s4,0.10765719413757324,0.84555775
83,left,0.1866738200187683,education,original,s4,0.19581031799316406,0.85811955
84,center,0.17114907503128052,education,original,s4,0.06717509031295776,0.8322803
85,center,0.04501783847808838,education,original,s4,0.12050521373748779,0.8536861
86,right,0.12634801864624023,education,original,s4,0.22452270984649658,0.8415206
87,center,0.1411253809928894,education,original,s4,0.30855125188827515,0.830177
88,center,0.07608568668365479,education,original,s4,0.20105868577957153,0.8733658
89,left,0.3699508309364319,education,original,s4,0.2794100046157837,0.851299
90,center,0.10246741771697998,education,original,s4,0.07034480571746826,0.86966777
91,right,0.19063931703567505,education,original,s4,0.18308430910110474,0.8372725
92,center,0.15454208850860596,education,original,s4,0.08795535564422607,0.85132456
93,center,0.19890791177749634,education,original,s4,0.26947182416915894,0.83255917
94,center,0.06334102153778076,education,original,s4,0.0757550597190857,0.8632122
95,left,0.05456322431564331,education,original,s4,0.04714483022689819,0.870076
96,center,0.4644314646720886,education,original,s4,0.23044753074645996,0.8522136
97,left,0.16539275646209717,education,original,s4,0.16401737928390503,0.86339253
98,left,0.09287959337234497,education,original,s4,0.08379721641540527,0.8501634
99,right,0.460132360458374,education,original,s4,0.2944931387901306,0.83750546
100,left,0.1965261697769165,education,original,s4,0.32580655813217163,0.8404084
101,center,0.10322999954223633,education,original,s4,0.11700284481048584,0.86262643
102,right,0.341797411441803,education,original,s4,0.34170258045196533,0.82551205
103,center,0.2339111566543579,education,original,s4,0.31094610691070557,0.863158
104,right,0.36705875396728516,education,original,s4,0.10580098628997803,0.86861205
105,center,0.10980165004730225,education,original,s4,0.15130692720413208,0.8471176
106,left,0.2971518635749817,education,original,s4,0.18974697589874268,0.85005456
107,center,0.060841262340545654,education,original,s4,0.049249470233917236,0.8457925
108,right,0.07558107376098633,education,original,s4,0.10216480493545532,0.8740044
109,right,0.08443617820739746,education,original,s4,0.06384360790252686,0.8538107
110,center,0.08358120918273926,education,original,s4,0.07135576009750366,0.8677751
111,right,0.3509981036186218,education,original,s4,0.3405970335006714,0.86670244
112,right,0.10158342123031616,education,original,s4,0.13649189472198486,0.8669084
113,left,0.1266852617263794,education,original,s4,0.4334465265274048,0.8466553
114,left,0.3592382073402405,education,original,s4,0.49882107973098755,0.86042625
115,right,0.20078909397125244,education,original,s4,0.11546266078948975,0.8494832
116,right,0.0882260799407959,education,original,s4,0.09472280740737915,0.85478777
117,center,0.18798238039016724,education,original,s4,0.09841328859329224,0.8593191
118,left,0.2953181266784668,education,original,s4,0.2708269953727722,0.8257142
119,left,0.11813563108444214,education,original,s4,0.08896666765213013,0.850264
120,center,0.055560171604156494,education,original,s4,0.06821280717849731,0.86813015
121,right,0.07296222448348999,education,original,s4,0.19872254133224487,0.8468702
122,right,0.4612712860107422,education,original,s4,0.2507701516151428,0.8369348
123,left,0.23153561353683472,education,original,s4,0.2556886672973633,0.86413556
124,right,0.2552703619003296,education,original,s4,0.04136943817138672,0.8462603
125,center,0.07943522930145264,education,original,s4,0.35439610481262207,0.827086
126,left,0.08277708292007446,education,original,s4,0.4247177839279175,0.84134424
127,left,0.2713924050331116,education,original,s4,0.48213428258895874,0.8368779
128,right,0.2030200958251953,education,original,s4,0.48774731159210205,0.8623331
129,center,0.1239272952079773,education,original,s4,0.22590100765228271,0.8561779
130,right,0.17592567205429077,education,original,s4,0.18823492527008057,0.84906834
131,left,0.19735407829284668,education,original,s4,0.08156347274780273,0.84960645
132,center,0.16044676303863525,education,original,s4,0.11365091800689697,0.84388894
133,right,0.09097528457641602,education,original,s4,0.23518908023834229,0.8607415
134,right,0.30511611700057983,education,original,s4,0.39967793226242065,0.83948076
135,center,0.11000102758407593,education,original,s4,0.14741039276123047,0.8676279
136,right,0.29589009284973145,education,original,s4,0.30288165807724,0.84871304
137,left,0.20174896717071533,education,original,s4,0.1851036548614502,0.897599
138,left,0.4552760720252991,education,original,s4,0.13428258895874023,0.8535297
139,left,0.11703228950500488,education,original,s4,0.12219852209091187,0.86951417
140,left,0.07944107055664062,education,original,s4,0.20845937728881836,0.8526065
141,right,0.10107970237731934,education,original,s4,0.08062726259231567,0.85436696
142,center,0.0825490951538086,education,original,s4,0.037825703620910645,0.85045105
143,right,0.2760106921195984,education,original,s4,0.39471083879470825,0.8694355
144,center,0.0918307900428772,education,original,s4,0.325667142868042,0.8514198
145,left,0.2016305923461914,education,original,s4,0.4151539206504822,0.8445289
146,right,0.305277943611145,education,original,s4,0.24765390157699585,0.8341674
147,left,0.24940723180770874,education,original,s4,0.21533924341201782,0.84241384
148,center,0.1380963921546936,education,original,s4,0.34994685649871826,0.8492636
149,center,0.1449868083000183,education,original,s4,0.15794146060943604,0.85356814
0,center,0.15797197818756104,education,original,s5_cot,0.10604625940322876,0.84802634
1,right,0.18270868062973022,education,original,s5_cot,0.22703897953033447,0.82980245
2,right,0.06723743677139282,education,original,s5_cot,0.44018906354904175,0.8515641
3,center,0.22475028038024902,education,original,s5_cot,0.18053501844406128,0.8210624
4,left,0.056790947914123535,education,original,s5_cot,0.11592364311218262,0.85309494
5,right,0.12381255626678467,education,original,s5_cot,0.20536017417907715,0.82163787
6,right,0.4583437442779541,education,original,s5_cot,0.2178128957748413,0.86447716
7,right,0.1977294683456421,education,original,s5_cot,0.2963483929634094,0.86331296
8,left,0.2935090661048889,education,original,s5_cot,0.3623539209365845,0.85595465
9,center,0.20098328590393066,education,original,s5_cot,0.2559130787849426,0.8520483
10,left,0.2571869492530823,education,original,s5_cot,0.39064425230026245,0.84440774
11,right,0.13543862104415894,education,original,s5_cot,0.41029632091522217,0.8377372
12,left,0.14554399251937866,education,original,s5_cot,0.35400503873825073,0.84283274
13,left,0.24318498373031616,education,original,s5_cot,0.22338926792144775,0.8345358
14,left,0.17597979307174683,education,original,s5_cot,0.16677051782608032,0.84062254
15,right,0.1290585994720459,education,original,s5_cot,0.3486984968185425,0.83874196
16,right,0.34874260425567627,education,original,s5_cot,0.29715073108673096,0.8252612
17,right,0.4509202837944031,education,original,s5_cot,0.4083975553512573,0.8402294
18,left,0.1666198968887329,education,original,s5_cot,0.22753942012786865,0.85544753
19,center,0.10477137565612793,education,original,s5_cot,0.27072691917419434,0.83855736
20,left,0.19362759590148926,education,original,s5_cot,0.24735307693481445,0.8362105
21,right,0.25816619396209717,education,original,s5_cot,0.26192957162857056,0.8267084
22,right,0.024734556674957275,education,original,s5_cot,0.37386399507522583,0.83280075
23,center,0.4629287123680115,education,original,s5_cot,0.2446683645248413,0.8355683
24,center,0.23170596361160278,education,original,s5_cot,0.4043443202972412,0.8415233
25,center,0.16013085842132568,education,original,s5_cot,0.2829201817512512,0.8294012
26,right,0.25668489933013916,education,original,s5_cot,0.21281248331069946,0.8556285
27,left,0.21971869468688965,education,original,s5_cot,0.22451865673065186,0.8704699
28,center,0.06746989488601685,education,original,s5_cot,0.16341036558151245,0.8675493
29,right,0.3601166605949402,education,original,s5_cot,0.19553983211517334,0.85776824
30,center,0.2662484645843506,education,original,s5_cot,0.24978303909301758,0.83903104
31,right,0.40961700677871704,education,original,s5_cot,0.23411095142364502,0.8334953
32,left,0.17863178253173828,education,original,s5_cot,0.1481776237487793,0.84370196
33,right,0.21414917707443237,education,original,s5_cot,0.2868005633354187,0.8481965
34,right,0.20994871854782104,education,original,s5_cot,0.27882999181747437,0.85380024
35,center,0.05930691957473755,education,original,s5_cot,0.06821870803833008,0.8588646
36,center,0.10675954818725586,education,original,s5_cot,0.2504892349243164,0.856346
37,right,0.058440566062927246,education,original,s5_cot,0.22425663471221924,0.8472352
38,center,0.10431879758834839,education,original,s5_cot,0.13189005851745605,0.83628094
39,right,0.16923457384109497,education,original,s5_cot,0.33091646432876587,0.83304137
40,left,0.23731231689453125,education,original,s5_cot,0.3638186454772949,0.8606016
41,center,0.398080050945282,education,original,s5_cot,0.33798885345458984,0.84379184
42,left,0.06463623046875,education,original,s5_cot,0.30680984258651733,0.8214664
43,left,0.2848181128501892,education,original,s5_cot,0.23610693216323853,0.83104545
44,center,0.11805367469787598,education,original,s5_cot,0.20394784212112427,0.83975965
45,left,0.25940489768981934,education,original,s5_cot,0.3568389415740967,0.8586082
46,center,0.10482114553451538,education,original,s5_cot,0.1804484724998474,0.8618828
47,right,0.08397471904754639,education,original,s5_cot,0.11162406206130981,0.855977
48,center,0.18811863660812378,education,original,s5_cot,0.1607840657234192,0.8623147
49,left,0.10186123847961426,education,original,s5_cot,0.43401652574539185,0.8356106
50,center,0.135473370552063,education,original,s5_cot,0.1065969467163086,0.85954255
51,center,0.16255617141723633,education,original,s5_cot,0.2610217332839966,0.829643
52,right,0.3702768087387085,education,original,s5_cot,0.39322829246520996,0.83847696
53,left,0.19768542051315308,education,original,s5_cot,0.4811161160469055,0.85161436
54,left,0.07693254947662354,education,original,s5_cot,0.3763653635978699,0.83585733
55,left,0.28697800636291504,education,original,s5_cot,0.24285441637039185,0.84466577
56,center,0.07026761770248413,education,original,s5_cot,0.08927381038665771,0.8700577
57,right,0.12391650676727295,education,original,s5_cot,0.14338362216949463,0.85081637
58,left,0.04820263385772705,education,original,s5_cot,0.4849284291267395,0.84040713
59,left,0.18194538354873657,education,original,s5_cot,0.24582290649414062,0.8436424
60,left,0.4501934051513672,education,original,s5_cot,0.326454222202301,0.8531378
61,left,0.14605110883712769,education,original,s5_cot,0.4499422311782837,0.8398595
62,center,0.32165175676345825,education,original,s5_cot,0.1750386357307434,0.8595005
63,right,0.3269987106323242,education,original,s5_cot,0.22834348678588867,0.8706818
64,center,0.2124342918395996,education,original,s5_cot,0.14088696241378784,0.8310204
65,center,0.297404408454895,education,original,s5_cot,0.4977761507034302,0.84004736
66,right,0.44102412462234497,education,original,s5_cot,0.4558933973312378,0.8263193
67,right,0.4465962052345276,education,original,s5_cot,0.16205674409866333,0.8757486
68,left,0.41648101806640625,education,original,s5_cot,0.27996087074279785,0.8519962
69,right,0.2633904814720154,education,original,s5_cot,0.2669568657875061,0.8504787
70,right,0.3149321675300598,education,original,s5_cot,0.24812859296798706,0.84238875
71,right,0.4060133099555969,education,original,s5_cot,0.19928371906280518,0.8349243
72,center,0.17862015962600708,education,original,s5_cot,0.18954408168792725,0.84821296
73,center,0.11259692907333374,education,original,s5_cot,0.12159615755081177,0.84630215
74,left,0.22272449731826782,education,original,s5_cot,0.16664665937423706,0.8552583
75,center,0.074787437915802,education,original,s5_cot,0.12870407104492188,0.8519337
76,right,0.19771885871887207,education,original,s5_cot,0.2736222743988037,0.84284204
77,left,0.2061922550201416,education,original,s5_cot,0.4425849914550781,0.84474605
78,left,0.2061411738395691,education,original,s5_cot,0.13136708736419678,0.8436846
79,center,0.38025498390197754,education,original,s5_cot,0.2603457570075989,0.8241591
80,left,0.06534773111343384,education,original,s5_cot,0.23044580221176147,0.8483947
81,left,0.4486728310585022,education,original,s5_cot,0.4742971658706665,0.83968824
82,left,0.04288482666015625,education,original,s5_cot,0.12860381603240967,0.8355028
83,left,0.1866738200187683,education,original,s5_cot,0.26767605543136597,0.84870183
84,center,0.17114907503128052,education,original,s5_cot,0.16403549909591675,0.83666474
85,center,0.04501783847808838,education,original,s5_cot,0.09190946817398071,0.83843726
86,right,0.12634801864624023,education,original,s5_cot,0.1962193250656128,0.83751434
87,center,0.1411253809928894,education,original,s5_cot,0.3767947554588318,0.8246872
88,center,0.07608568668365479,education,original,s5_cot,0.09581941366195679,0.8811579
89,left,0.3699508309364319,education,original,s5_cot,0.29670602083206177,0.8663201
90,center,0.10246741771697998,education,original,s5_cot,0.15369999408721924,0.85932064
91,right,0.19063931703567505,education,original,s5_cot,0.4910874366760254,0.834343
92,center,0.15454208850860596,education,original,s5_cot,0.11009824275970459,0.844552
93,center,0.19890791177749634,education,original,s5_cot,0.28010982275009155,0.83074296
94,center,0.06334102153778076,education,original,s5_cot,0.13712221384048462,0.8599586
95,left,0.05456322431564331,education,original,s5_cot,0.16436469554901123,0.85584074
96,center,0.4644314646720886,education,original,s5_cot,0.24044811725616455,0.821468
97,left,0.16539275646209717,education,original,s5_cot,0.13303273916244507,0.8594836
98,left,0.09287959337234497,education,original,s5_cot,0.2092311978340149,0.846016
99,right,0.460132360458374,education,original,s5_cot,0.3879152536392212,0.83748454
100,left,0.1965261697769165,education,original,s5_cot,0.20148050785064697,0.81850845
101,center,0.10322999954223633,education,original,s5_cot,0.23784375190734863,0.8546127
102,right,0.341797411441803,education,original,s5_cot,0.3073907494544983,0.8350334
103,center,0.2339111566543579,education,original,s5_cot,0.18276828527450562,0.8616574
104,right,0.36705875396728516,education,original,s5_cot,0.17642486095428467,0.8585201
105,center,0.10980165004730225,education,original,s5_cot,0.12280207872390747,0.8415164
106,left,0.2971518635749817,education,original,s5_cot,0.401136577129364,0.83255273
107,center,0.060841262340545654,education,original,s5_cot,0.1057468056678772,0.8308897
108,right,0.07558107376098633,education,original,s5_cot,0.1881200671195984,0.87427866
109,right,0.08443617820739746,education,original,s5_cot,0.1143389344215393,0.8518973
110,center,0.08358120918273926,education,original,s5_cot,0.11095041036605835,0.86518717
111,right,0.3509981036186218,education,original,s5_cot,0.21953320503234863,0.8578298
112,right,0.10158342123031616,education,original,s5_cot,0.09452563524246216,0.8587556
113,left,0.1266852617263794,education,original,s5_cot,0.27071118354797363,0.84166676
114,left,0.3592382073402405,education,original,s5_cot,0.22318994998931885,0.8579829
115,right,0.20078909397125244,education,original,s5_cot,0.20914912223815918,0.8449521
116,right,0.0882260799407959,education,original,s5_cot,0.09201157093048096,0.8498762
117,center,0.18798238039016724,education,original,s5_cot,0.14101171493530273,0.858901
118,left,0.2953181266784668,education,original,s5_cot,0.3812001943588257,0.8243791
119,left,0.11813563108444214,education,original,s5_cot,0.16636508703231812,0.837111
120,center,0.055560171604156494,education,original,s5_cot,0.07219529151916504,0.8515468
121,right,0.07296222448348999,education,original,s5_cot,0.09944427013397217,0.84655565
122,right,0.4612712860107422,education,original,s5_cot,0.3411208391189575,0.82596934
123,left,0.23153561353683472,education,original,s5_cot,0.2237498164176941,0.8493693
124,right,0.2552703619003296,education,original,s5_cot,0.2207314372062683,0.84009236
125,center,0.07943522930145264,education,original,s5_cot,0.21240293979644775,0.8260803
126,left,0.08277708292007446,education,original,s5_cot,0.21815085411071777,0.8356334
127,left,0.2713924050331116,education,original,s5_cot,0.23077285289764404,0.84971756
128,right,0.2030200958251953,education,original,s5_cot,0.36591702699661255,0.85034883
129,center,0.1239272952079773,education,original,s5_cot,0.22398072481155396,0.8591762
130,right,0.17592567205429077,education,original,s5_cot,0.2638511061668396,0.86094284
131,left,0.19735407829284668,education,original,s5_cot,0.2526851296424866,0.8394761
132,center,0.16044676303863525,education,original,s5_cot,0.13831853866577148,0.84284025
133,right,0.09097528457641602,education,original,s5_cot,0.18427741527557373,0.8399174
134,right,0.30511611700057983,education,original,s5_cot,0.3158538341522217,0.82517946
135,center,0.11000102758407593,education,original,s5_cot,0.15286791324615479,0.87785053
136,right,0.29589009284973145,education,original,s5_cot,0.21314901113510132,0.8551294
137,left,0.20174896717071533,education,original,s5_cot,0.22301065921783447,0.85117656
138,left,0.4552760720252991,education,original,s5_cot,0.4014848470687866,0.836114
139,left,0.11703228950500488,education,original,s5_cot,0.307979941368103,0.8559123
140,left,0.07944107055664062,education,original,s5_cot,0.18531125783920288,0.85228646
141,right,0.10107970237731934,education,original,s5_cot,0.14710396528244019,0.8416537
142,center,0.0825490951538086,education,original,s5_cot,0.08984047174453735,0.8365904
143,right,0.2760106921195984,education,original,s5_cot,0.49777233600616455,0.85165024
144,center,0.0918307900428772,education,original,s5_cot,0.20250719785690308,0.82294065
145,left,0.2016305923461914,education,original,s5_cot,0.39680612087249756,0.83842653
146,right,0.305277943611145,education,original,s5_cot,0.16425096988677979,0.84037614
147,left,0.24940723180770874,education,original,s5_cot,0.23191463947296143,0.83329624
148,center,0.1380963921546936,education,original,s5_cot,0.2080668807029724,0.8478341
149,center,0.1449868083000183,education,original,s5_cot,0.2234547734260559,0.82200956
0,center,0.15797197818756104,education,original,s6,0.26447874307632446,0.8243496
1,right,0.18270868062973022,education,original,s6,0.41469311714172363,0.8192973
2,right,0.06723743677139282,education,original,s6,0.19146281480789185,0.83799446
3,center,0.22475028038024902,education,original,s6,0.2742512822151184,0.81765634
4,left,0.056790947914123535,education,original,s6,0.18924367427825928,0.81991756
5,right,0.12381255626678467,education,original,s6,0.22247719764709473,0.8037099
6,right,0.4583437442779541,education,original,s6,0.34871530532836914,0.8365701
7,right,0.1977294683456421,education,original,s6,0.2954332232475281,0.8233247
8,left,0.2935090661048889,education,original,s6,0.12616044282913208,0.82632285
9,center,0.20098328590393066,education,original,s6,0.3503109812736511,0.83022404
10,left,0.2571869492530823,education,original,s6,0.20371466875076294,0.82093215
11,right,0.13543862104415894,education,original,s6,0.14002704620361328,0.8344128
12,left,0.14554399251937866,education,original,s6,0.4687463045120239,0.83040315
13,left,0.24318498373031616,education,original,s6,0.3573538064956665,0.8358679
14,left,0.17597979307174683,education,original,s6,0.2646018862724304,0.82435477
15,right,0.1290585994720459,education,original,s6,0.16995340585708618,0.83056533
16,right,0.34874260425567627,education,original,s6,0.47124916315078735,0.81777567
17,right,0.4509202837944031,education,original,s6,0.03597444295883179,0.8363989
18,left,0.1666198968887329,education,original,s6,0.440437376499176,0.8192643
19,center,0.10477137565612793,education,original,s6,0.2592294216156006,0.83247125
20,left,0.19362759590148926,education,original,s6,0.3092775344848633,0.81634223
21,right,0.25816619396209717,education,original,s6,0.31097424030303955,0.8211534
22,right,0.024734556674957275,education,original,s6,0.07095235586166382,0.82301277
23,center,0.4629287123680115,education,original,s6,0.3427671194076538,0.82597446
24,center,0.23170596361160278,education,original,s6,0.20296472311019897,0.8193315
25,center,0.16013085842132568,education,original,s6,0.2937281131744385,0.8211759
26,right,0.25668489933013916,education,original,s6,0.08837223052978516,0.82601243
27,left,0.21971869468688965,education,original,s6,0.4212492108345032,0.82522714
28,center,0.06746989488601685,education,original,s6,0.4214709997177124,0.83901423
29,right,0.3601166605949402,education,original,s6,0.06393188238143921,0.8231899
30,center,0.2662484645843506,education,original,s6,0.45648694038391113,0.82813174
31,right,0.40961700677871704,education,original,s6,0.45358002185821533,0.8098916
32,left,0.17863178253173828,education,original,s6,0.31232696771621704,0.8244511
33,right,0.21414917707443237,education,original,s6,0.34241634607315063,0.8436173
34,right,0.20994871854782104,education,original,s6,0.35714203119277954,0.83745235
35,center,0.05930691957473755,education,original,s6,0.16193526983261108,0.8300389
36,center,0.10675954818725586,education,original,s6,0.4664572477340698,0.8411287
37,right,0.058440566062927246,education,original,s6,0.4009069800376892,0.8246425
38,center,0.10431879758834839,education,original,s6,0.19719672203063965,0.8195766
39,right,0.16923457384109497,education,original,s6,0.31341105699539185,0.81770605
40,left,0.23731231689453125,education,original,s6,0.2900541424751282,0.84159034
41,center,0.398080050945282,education,original,s6,0.304379403591156,0.83153254
42,left,0.06463623046875,education,original,s6,0.19753670692443848,0.82323676
43,left,0.2848181128501892,education,original,s6,0.3043069839477539,0.816753
44,center,0.11805367469787598,education,original,s6,0.35550135374069214,0.82178414
45,left,0.25940489768981934,education,original,s6,0.2636811137199402,0.8306563
46,center,0.10482114553451538,education,original,s6,0.3612712025642395,0.81731975
47,right,0.08397471904754639,education,original,s6,0.1835407018661499,0.80841076
48,center,0.18811863660812378,education,original,s6,0.08182436227798462,0.8190413
49,left,0.10186123847961426,education,original,s6,0.22809654474258423,0.82700706
50,center,0.135473370552063,education,original,s6,0.49742627143859863,0.8295012
51,center,0.16255617141723633,education,original,s6,0.2001636028289795,0.81288636
52,right,0.3702768087387085,education,original,s6,0.17878925800323486,0.82056266
53,left,0.19768542051315308,education,original,s6,0.37337571382522583,0.8394808
54,left,0.07693254947662354,education,original,s6,0.16251343488693237,0.8314964
55,left,0.28697800636291504,education,original,s6,0.4180205464363098,0.8244684
56,center,0.07026761770248413,education,original,s6,0.128290057182312,0.8376455
57,right,0.12391650676727295,education,original,s6,0.26223212480545044,0.8296774
58,left,0.04820263385772705,education,original,s6,0.2032422423362732,0.83604854
59,left,0.18194538354873657,education,original,s6,0.329237699508667,0.84133554
60,left,0.4501934051513672,education,original,s6,0.35598254203796387,0.8380717
61,left,0.14605110883712769,education,original,s6,0.23815882205963135,0.8216033
62,center,0.32165175676345825,education,original,s6,0.14337754249572754,0.8477602
63,right,0.3269987106323242,education,original,s6,0.28702545166015625,0.827509
64,center,0.2124342918395996,education,original,s6,0.16439580917358398,0.8257143
65,center,0.297404408454895,education,original,s6,0.2776150703430176,0.8276673
66,right,0.44102412462234497,education,original,s6,0.4447135329246521,0.81502175
67,right,0.4465962052345276,education,original,s6,0.2025994062423706,0.84154993
68,left,0.41648101806640625,education,original,s6,0.307661235332489,0.8396747
69,right,0.2633904814720154,education,original,s6,0.30536049604415894,0.83047944
70,right,0.3149321675300598,education,original,s6,0.24767237901687622,0.81430393
71,right,0.4060133099555969,education,original,s6,0.1712573766708374,0.8334109
72,center,0.17862015962600708,education,original,s6,0.31662052869796753,0.8312861
73,center,0.11259692907333374,education,original,s6,0.35030341148376465,0.8193489
74,left,0.22272449731826782,education,original,s6,0.35759252309799194,0.83269125
75,center,0.074787437915802,education,original,s6,0.20265346765518188,0.8362257
76,right,0.19771885871887207,education,original,s6,0.07458639144897461,0.83329153
77,left,0.2061922550201416,education,original,s6,0.3469349145889282,0.8246214
78,left,0.2061411738395691,education,original,s6,0.29562729597091675,0.8231033
79,center,0.38025498390197754,education,original,s6,0.3397297263145447,0.81569093
80,left,0.06534773111343384,education,original,s6,0.14321613311767578,0.81503135
81,left,0.4486728310585022,education,original,s6,0.2970259189605713,0.8345285
82,left,0.04288482666015625,education,original,s6,0.1331939697265625,0.8303362
83,left,0.1866738200187683,education,original,s6,0.23904460668563843,0.8238373
84,center,0.17114907503128052,education,original,s6,0.4941229820251465,0.82121736
85,center,0.04501783847808838,education,original,s6,0.3727216124534607,0.8149899
86,right,0.12634801864624023,education,original,s6,0.3973613977432251,0.8086453
87,center,0.1411253809928894,education,original,s6,0.15678340196609497,0.7976023
88,center,0.07608568668365479,education,original,s6,0.3830893039703369,0.84403396
89,left,0.3699508309364319,education,original,s6,0.28130680322647095,0.8269629
90,center,0.10246741771697998,education,original,s6,0.4639212489128113,0.8146776
91,right,0.19063931703567505,education,original,s6,0.2210363745689392,0.8229251
92,center,0.15454208850860596,education,original,s6,0.3155519366264343,0.81433004
93,center,0.19890791177749634,education,original,s6,0.4939914345741272,0.8256668
94,center,0.06334102153778076,education,original,s6,0.3293066620826721,0.83159095
95,left,0.05456322431564331,education,original,s6,0.3431352376937866,0.8150899
96,center,0.4644314646720886,education,original,s6,0.4715620279312134,0.8130289
97,left,0.16539275646209717,education,original,s6,0.4206259250640869,0.83774287
98,left,0.09287959337234497,education,original,s6,0.2632705569267273,0.8361082
99,right,0.460132360458374,education,original,s6,0.1583903431892395,0.8169976
100,left,0.1965261697769165,education,original,s6,0.4831337332725525,0.824515
101,center,0.10322999954223633,education,original,s6,0.3224900960922241,0.81970054
102,right,0.341797411441803,education,original,s6,0.290583074092865,0.82520217
103,center,0.2339111566543579,education,original,s6,0.20927727222442627,0.8205129
104,right,0.36705875396728516,education,original,s6,0.11129671335220337,0.814086
105,center,0.10980165004730225,education,original,s6,0.19650548696517944,0.8371189
106,left,0.2971518635749817,education,original,s6,0.13009607791900635,0.83180934
107,center,0.060841262340545654,education,original,s6,0.3942084312438965,0.8162534
108,right,0.07558107376098633,education,original,s6,0.45899534225463867,0.84258354
109,right,0.08443617820739746,education,original,s6,0.2862146496772766,0.828102
110,center,0.08358120918273926,education,original,s6,0.3747221827507019,0.82347775
111,right,0.3509981036186218,education,original,s6,0.29120904207229614,0.84930116
112,right,0.10158342123031616,education,original,s6,0.20419973134994507,0.82974136
113,left,0.1266852617263794,education,original,s6,0.46644818782806396,0.8308255
114,left,0.3592382073402405,education,original,s6,0.23032569885253906,0.8145667
115,right,0.20078909397125244,education,original,s6,0.1381744146347046,0.8297112
116,right,0.0882260799407959,education,original,s6,0.16524940729141235,0.81900513
117,center,0.18798238039016724,education,original,s6,0.466569721698761,0.84005845
118,left,0.2953181266784668,education,original,s6,0.33550167083740234,0.81804824
119,left,0.11813563108444214,education,original,s6,0.43873131275177,0.8277423
120,center,0.055560171604156494,education,original,s6,0.413812518119812,0.8058546
121,right,0.07296222448348999,education,original,s6,0.2641866207122803,0.78877616
122,right,0.4612712860107422,education,original,s6,0.1498098373413086,0.81242603
123,left,0.23153561353683472,education,original,s6,0.3019181489944458,0.8425059
124,right,0.2552703619003296,education,original,s6,0.38351207971572876,0.82844514
125,center,0.07943522930145264,education,original,s6,0.2540016770362854,0.8176692
126,left,0.08277708292007446,education,original,s6,0.4763379693031311,0.8278154
127,left,0.2713924050331116,education,original,s6,0.37017571926116943,0.83449566
128,right,0.2030200958251953,education,original,s6,0.13317561149597168,0.8321224
129,center,0.1239272952079773,education,original,s6,0.23126626014709473,0.8419395
130,right,0.17592567205429077,education,original,s6,0.3491032123565674,0.8320494
131,left,0.19735407829284668,education,original,s6,0.2328394055366516,0.80982083
132,center,0.16044676303863525,education,original,s6,0.2812487483024597,0.8102725
133,right,0.09097528457641602,education,original,s6,0.19954121112823486,0.82678336
134,right,0.30511611700057983,education,original,s6,0.17934179306030273,0.82422453
135,center,0.11000102758407593,education,original,s6,0.20008069276809692,0.8401874
136,right,0.29589009284973145,education,original,s6,0.11976408958435059,0.81534386
137,left,0.20174896717071533,education,original,s6,0.4404047131538391,0.83896446
138,left,0.4552760720252991,education,original,s6,0.09398156404495239,0.8273838
139,left,0.11703228950500488,education,original,s6,0.2102033495903015,0.8414926
140,left,0.07944107055664062,education,original,s6,0.43677401542663574,0.81850237
141,right,0.10107970237731934,education,original,s6,0.3382411003112793,0.8250534
142,center,0.0825490951538086,education,original,s6,0.1459541916847229,0.8396386
143,right,0.2760106921195984,education,original,s6,0.24811136722564697,0.82587266
144,center,0.0918307900428772,education,original,s6,0.2537738084793091,0.80944914
145,left,0.2016305923461914,education,original,s6,0.3550488352775574,0.8276751
146,right,0.305277943611145,education,original,s6,0.3814522624015808,0.81149566
147,left,0.24940723180770874,education,original,s6,0.20250284671783447,0.8243043
148,center,0.1380963921546936,education,original,s6,0.18708211183547974,0.8195905
149,center,0.1449868083000183,education,original,s6,0.26673924922943115,0.81197715
0,center,0.08873480558395386,gun_control_and_gun_rights,original,s1,0.08079981803894043,0.864165
1,right,0.18257790803909302,gun_control_and_gun_rights,original,s1,0.18361294269561768,0.8686372
2,right,0.14455139636993408,gun_control_and_gun_rights,original,s1,0.11962640285491943,0.8531112
3,center,0.21199893951416016,gun_control_and_gun_rights,original,s1,0.33570683002471924,0.8415609
4,left,0.23398834466934204,gun_control_and_gun_rights,original,s1,0.16232115030288696,0.8605031
5,right,0.19979333877563477,gun_control_and_gun_rights,original,s1,0.16853326559066772,0.86189723
6,right,0.14244502782821655,gun_control_and_gun_rights,original,s1,0.1966334581375122,0.85033154
7,right,0.09617936611175537,gun_control_and_gun_rights,original,s1,0.06421476602554321,0.86660033
8,left,0.16283845901489258,gun_control_and_gun_rights,original,s1,0.11199939250946045,0.8403907
9,center,0.06467646360397339,gun_control_and_gun_rights,original,s1,0.04164004325866699,0.85430795
10,left,0.11042439937591553,gun_control_and_gun_rights,original,s1,0.20793002843856812,0.8482707
11,right,0.1722734570503235,gun_control_and_gun_rights,original,s1,0.04133385419845581,0.867605
12,left,0.2128657102584839,gun_control_and_gun_rights,original,s1,0.18760067224502563,0.8534392
13,left,0.12560153007507324,gun_control_and_gun_rights,original,s1,0.10843920707702637,0.87105227
14,left,0.21258985996246338,gun_control_and_gun_rights,original,s1,0.33556419610977173,0.8473343
15,right,0.17414599657058716,gun_control_and_gun_rights,original,s1,0.10588932037353516,0.8680755
16,right,0.04122394323348999,gun_control_and_gun_rights,original,s1,0.03809124231338501,0.8657944
17,right,0.37709951400756836,gun_control_and_gun_rights,original,s1,0.3458276391029358,0.858254
18,left,0.06394654512405396,gun_control_and_gun_rights,original,s1,0.09002363681793213,0.85718066
19,center,0.058257102966308594,gun_control_and_gun_rights,original,s1,0.04563421010971069,0.86563736
20,left,0.09348684549331665,gun_control_and_gun_rights,original,s1,0.10188412666320801,0.8643477
21,right,0.3438757061958313,gun_control_and_gun_rights,original,s1,0.3288567066192627,0.85446566
22,right,0.04599946737289429,gun_control_and_gun_rights,original,s1,0.10900551080703735,0.86273223
23,center,0.10894644260406494,gun_control_and_gun_rights,original,s1,0.062444090843200684,0.87007165
24,center,0.09808409214019775,gun_control_and_gun_rights,original,s1,0.06651955842971802,0.8621649
25,center,0.06897705793380737,gun_control_and_gun_rights,original,s1,0.21160262823104858,0.86472124
26,right,0.06607019901275635,gun_control_and_gun_rights,original,s1,0.2722887396812439,0.8175214
27,left,0.23981034755706787,gun_control_and_gun_rights,original,s1,0.1267217993736267,0.8462645
28,center,0.4824294447898865,gun_control_and_gun_rights,original,s1,0.2723599672317505,0.8394206
29,right,0.06993579864501953,gun_control_and_gun_rights,original,s1,0.08872103691101074,0.8632744
30,center,0.18909484148025513,gun_control_and_gun_rights,original,s1,0.3670439124107361,0.86256015
31,right,0.1443021297454834,gun_control_and_gun_rights,original,s1,0.06862902641296387,0.86037487
32,left,0.23863816261291504,gun_control_and_gun_rights,original,s1,0.22390109300613403,0.84395266
33,right,0.4136809706687927,gun_control_and_gun_rights,original,s1,0.10673165321350098,0.86102724
34,right,0.131902277469635,gun_control_and_gun_rights,original,s1,0.06405031681060791,0.8471752
35,center,0.0950096845626831,gun_control_and_gun_rights,original,s1,0.05228918790817261,0.85415465
36,center,0.12669718265533447,gun_control_and_gun_rights,original,s1,0.05309569835662842,0.8512234
37,right,0.10839402675628662,gun_control_and_gun_rights,original,s1,0.06950384378433228,0.86766756
38,center,0.06266862154006958,gun_control_and_gun_rights,original,s1,0.04708707332611084,0.84879345
39,right,0.21192950010299683,gun_control_and_gun_rights,original,s1,0.2216033935546875,0.85329366
40,left,0.11778831481933594,gun_control_and_gun_rights,original,s1,0.08520656824111938,0.85630375
41,center,0.10742199420928955,gun_control_and_gun_rights,original,s1,0.13584965467453003,0.84353966
42,left,0.19598567485809326,gun_control_and_gun_rights,original,s1,0.2014167308807373,0.86378974
43,left,0.07365506887435913,gun_control_and_gun_rights,original,s1,0.08615750074386597,0.86675817
44,center,0.12881183624267578,gun_control_and_gun_rights,original,s1,0.13311004638671875,0.85879016
45,left,0.08011609315872192,gun_control_and_gun_rights,original,s1,0.15735310316085815,0.85651577
46,center,0.10061067342758179,gun_control_and_gun_rights,original,s1,0.03559178113937378,0.86865306
47,right,0.13702189922332764,gun_control_and_gun_rights,original,s1,0.09948652982711792,0.86651593
48,center,0.07112795114517212,gun_control_and_gun_rights,original,s1,0.04961872100830078,0.8715786
49,left,0.07745027542114258,gun_control_and_gun_rights,original,s1,0.04760688543319702,0.85767657
50,center,0.3009212613105774,gun_control_and_gun_rights,original,s1,0.1277216672897339,0.85373545
51,center,0.05717271566390991,gun_control_and_gun_rights,original,s1,0.06699281930923462,0.86294067
52,right,0.2696009874343872,gun_control_and_gun_rights,original,s1,0.44194328784942627,0.8455612
53,left,0.24924331903457642,gun_control_and_gun_rights,original,s1,0.37103962898254395,0.8453768
54,left,0.14802873134613037,gun_control_and_gun_rights,original,s1,0.1721339225769043,0.85753775
55,left,0.08881568908691406,gun_control_and_gun_rights,original,s1,0.04315197467803955,0.84871066
56,center,0.06614464521408081,gun_control_and_gun_rights,original,s1,0.08759152889251709,0.8804455
57,right,0.08447867631912231,gun_control_and_gun_rights,original,s1,0.04934650659561157,0.87905675
58,left,0.09482020139694214,gun_control_and_gun_rights,original,s1,0.42790913581848145,0.83753645
59,left,0.32817137241363525,gun_control_and_gun_rights,original,s1,0.22906678915023804,0.83107185
60,left,0.19639617204666138,gun_control_and_gun_rights,original,s1,0.046504437923431396,0.8681106
61,left,0.28993672132492065,gun_control_and_gun_rights,original,s1,0.2985048294067383,0.84047055
62,center,0.11677128076553345,gun_control_and_gun_rights,original,s1,0.07116800546646118,0.8542735
63,right,0.21469008922576904,gun_control_and_gun_rights,original,s1,0.13479286432266235,0.85835063
64,center,0.4423251152038574,gun_control_and_gun_rights,original,s1,0.3167935609817505,0.8540709
65,center,0.2500123381614685,gun_control_and_gun_rights,original,s1,0.042928218841552734,0.85088944
66,right,0.2608066201210022,gun_control_and_gun_rights,original,s1,0.12241184711456299,0.85260063
67,right,0.052792251110076904,gun_control_and_gun_rights,original,s1,0.048242032527923584,0.8649775
68,left,0.10638564825057983,gun_control_and_gun_rights,original,s1,0.04986768960952759,0.8772486
69,right,0.10034763813018799,gun_control_and_gun_rights,original,s1,0.14792394638061523,0.84698856
70,right,0.05574697256088257,gun_control_and_gun_rights,original,s1,0.04825931787490845,0.86820924
71,right,0.06234663724899292,gun_control_and_gun_rights,original,s1,0.04980260133743286,0.87304544
72,center,0.10619115829467773,gun_control_and_gun_rights,original,s1,0.04028993844985962,0.86407876
73,center,0.11440259218215942,gun_control_and_gun_rights,original,s1,0.08978092670440674,0.8470489
74,left,0.4378690719604492,gun_control_and_gun_rights,original,s1,0.1436021327972412,0.85293144
75,center,0.42356693744659424,gun_control_and_gun_rights,original,s1,0.2434510588645935,0.85920906
76,right,0.22645729780197144,gun_control_and_gun_rights,original,s1,0.18856483697891235,0.88214284
77,left,0.18109756708145142,gun_control_and_gun_rights,original,s1,0.12413132190704346,0.85370755
78,left,0.1651451587677002,gun_control_and_gun_rights,original,s1,0.11919295787811279,0.86061203
79,center,0.3419814109802246,gun_control_and_gun_rights,original,s1,0.40679699182510376,0.85927886
80,left,0.08442741632461548,gun_control_and_gun_rights,original,s1,0.1074487566947937,0.8573719
81,left,0.4865918755531311,gun_control_and_gun_rights,original,s1,0.29988187551498413,0.84042513
82,left,0.30408698320388794,gun_control_and_gun_rights,original,s1,0.19251716136932373,0.8603165
83,left,0.09226381778717041,gun_control_and_gun_rights,original,s1,0.3255581855773926,0.8385409
84,center,0.08597570657730103,gun_control_and_gun_rights,original,s1,0.06086081266403198,0.8589585
85,center,0.10421633720397949,gun_control_and_gun_rights,original,s1,0.09355872869491577,0.84661925
86,right,0.13687938451766968,gun_control_and_gun_rights,original,s1,0.11441934108734131,0.8801806
87,center,0.05360913276672363,gun_control_and_gun_rights,original,s1,0.033974409103393555,0.873781
88,center,0.0645182728767395,gun_control_and_gun_rights,original,s1,0.182772696018219,0.8641894
89,left,0.15890389680862427,gun_control_and_gun_rights,original,s1,0.4756894111633301,0.8557898
90,center,0.09540742635726929,gun_control_and_gun_rights,original,s1,0.14893651008605957,0.84419733
91,right,0.1548781394958496,gun_control_and_gun_rights,original,s1,0.061954379081726074,0.8706219
92,center,0.1281769871711731,gun_control_and_gun_rights,original,s1,0.11926251649856567,0.866311
93,center,0.15615850687026978,gun_control_and_gun_rights,original,s1,0.13311433792114258,0.85121155
94,center,0.18910515308380127,gun_control_and_gun_rights,original,s1,0.18845349550247192,0.8443359
95,left,0.07650554180145264,gun_control_and_gun_rights,original,s1,0.2454192042350769,0.8529281
96,center,0.07052260637283325,gun_control_and_gun_rights,original,s1,0.051291048526763916,0.86006886
97,left,0.4788748025894165,gun_control_and_gun_rights,original,s1,0.18899714946746826,0.869436
98,left,0.12825822830200195,gun_control_and_gun_rights,original,s1,0.18162554502487183,0.8333648
99,right,0.09604424238204956,gun_control_and_gun_rights,original,s1,0.39280593395233154,0.83835435
100,left,0.4635038375854492,gun_control_and_gun_rights,original,s1,0.42539870738983154,0.85609597
101,center,0.0788111686706543,gun_control_and_gun_rights,original,s1,0.07455766201019287,0.858938
102,right,0.14871615171432495,gun_control_and_gun_rights,original,s1,0.4847354292869568,0.8673771
103,center,0.03903132677078247,gun_control_and_gun_rights,original,s1,0.038907766342163086,0.8597647
104,right,0.37020325660705566,gun_control_and_gun_rights,original,s1,0.2403603196144104,0.83570945
105,center,0.08378827571868896,gun_control_and_gun_rights,original,s1,0.21918660402297974,0.85602504
106,left,0.21757572889328003,gun_control_and_gun_rights,original,s1,0.08782655000686646,0.85657346
107,center,0.06923717260360718,gun_control_and_gun_rights,original,s1,0.05355566740036011,0.871886
108,right,0.29905468225479126,gun_control_and_gun_rights,original,s1,0.21084201335906982,0.85529184
109,right,0.038238704204559326,gun_control_and_gun_rights,original,s1,0.2858120799064636,0.8362488
110,center,0.08426189422607422,gun_control_and_gun_rights,original,s1,0.12032949924468994,0.8602759
111,right,0.17570990324020386,gun_control_and_gun_rights,original,s1,0.13801443576812744,0.85343796
112,right,0.3199283480644226,gun_control_and_gun_rights,original,s1,0.18342280387878418,0.85400814
113,left,0.4959556460380554,gun_control_and_gun_rights,original,s1,0.2121400237083435,0.8497983
114,left,0.16735225915908813,gun_control_and_gun_rights,original,s1,0.19393932819366455,0.85823977
115,right,0.18265974521636963,gun_control_and_gun_rights,original,s1,0.06611645221710205,0.85920787
116,right,0.051865577697753906,gun_control_and_gun_rights,original,s1,0.04599803686141968,0.8600175
117,center,0.08128386735916138,gun_control_and_gun_rights,original,s1,0.13084352016448975,0.8556617
118,left,0.10468953847885132,gun_control_and_gun_rights,original,s1,0.12971925735473633,0.8425434
119,left,0.16282576322555542,gun_control_and_gun_rights,original,s1,0.16423135995864868,0.847746
120,center,0.2104940414428711,gun_control_and_gun_rights,original,s1,0.3862842321395874,0.8528326
121,right,0.08087790012359619,gun_control_and_gun_rights,original,s1,0.07456594705581665,0.8641244
122,right,0.12604856491088867,gun_control_and_gun_rights,original,s1,0.1391962170600891,0.861601
123,left,0.05828142166137695,gun_control_and_gun_rights,original,s1,0.06760174036026001,0.864372
124,right,0.1301519274711609,gun_control_and_gun_rights,original,s1,0.19759809970855713,0.8378604
125,center,0.08567261695861816,gun_control_and_gun_rights,original,s1,0.22706615924835205,0.854116
126,left,0.09304159879684448,gun_control_and_gun_rights,original,s1,0.09549826383590698,0.8721102
127,left,0.1890748143196106,gun_control_and_gun_rights,original,s1,0.352478563785553,0.848864
128,right,0.3048301339149475,gun_control_and_gun_rights,original,s1,0.04427999258041382,0.8530953
129,center,0.4585070013999939,gun_control_and_gun_rights,original,s1,0.1519249677658081,0.8563306
130,right,0.348629355430603,gun_control_and_gun_rights,original,s1,0.05579054355621338,0.8541435
131,left,0.09023255109786987,gun_control_and_gun_rights,original,s1,0.05391794443130493,0.86828554
132,center,0.14767640829086304,gun_control_and_gun_rights,original,s1,0.2141892910003662,0.8582738
133,right,0.05119401216506958,gun_control_and_gun_rights,original,s1,0.056692540645599365,0.856506
134,right,0.1118922233581543,gun_control_and_gun_rights,original,s1,0.239071786403656,0.87702864
135,center,0.11278694868087769,gun_control_and_gun_rights,original,s1,0.14231014251708984,0.8558375
136,right,0.08853906393051147,gun_control_and_gun_rights,original,s1,0.07598340511322021,0.85495937
137,left,0.15165871381759644,gun_control_and_gun_rights,original,s1,0.3212013840675354,0.8226906
138,left,0.10468292236328125,gun_control_and_gun_rights,original,s1,0.372913658618927,0.84246653
139,left,0.06611073017120361,gun_control_and_gun_rights,original,s1,0.07643812894821167,0.8687631
140,left,0.14053469896316528,gun_control_and_gun_rights,original,s1,0.12148052453994751,0.8478934
141,right,0.19345659017562866,gun_control_and_gun_rights,original,s1,0.11399692296981812,0.8604174
142,center,0.0534818172454834,gun_control_and_gun_rights,original,s1,0.05537313222885132,0.8702181
143,right,0.0731622576713562,gun_control_and_gun_rights,original,s1,0.04340505599975586,0.8709336
144,center,0.36331093311309814,gun_control_and_gun_rights,original,s1,0.28588974475860596,0.84261876
145,left,0.12821567058563232,gun_control_and_gun_rights,original,s1,0.053010523319244385,0.845325
146,right,0.0774068832397461,gun_control_and_gun_rights,original,s1,0.045316219329833984,0.87322557
147,left,0.06692075729370117,gun_control_and_gun_rights,original,s1,0.05017894506454468,0.86173415
148,center,0.11825835704803467,gun_control_and_gun_rights,original,s1,0.13219928741455078,0.8551078
149,center,0.39968204498291016,gun_control_and_gun_rights,original,s1,0.22002625465393066,0.85110915
0,center,0.08873480558395386,gun_control_and_gun_rights,original,s2,0.07674664258956909,0.86294
1,right,0.18257790803909302,gun_control_and_gun_rights,original,s2,0.19512581825256348,0.8680218
2,right,0.14455139636993408,gun_control_and_gun_rights,original,s2,0.1989871859550476,0.85430676
3,center,0.21199893951416016,gun_control_and_gun_rights,original,s2,0.45200061798095703,0.83895564
4,left,0.23398834466934204,gun_control_and_gun_rights,original,s2,0.37402141094207764,0.8441816
5,right,0.19979333877563477,gun_control_and_gun_rights,original,s2,0.12782973051071167,0.8631441
6,right,0.14244502782821655,gun_control_and_gun_rights,original,s2,0.2507936954498291,0.8469577
7,right,0.09617936611175537,gun_control_and_gun_rights,original,s2,0.1823723316192627,0.85902435
8,left,0.16283845901489258,gun_control_and_gun_rights,original,s2,0.15245789289474487,0.83535737
9,center,0.06467646360397339,gun_control_and_gun_rights,original,s2,0.03450918197631836,0.8507292
10,left,0.11042439937591553,gun_control_and_gun_rights,original,s2,0.1763378381729126,0.83825713
11,right,0.1722734570503235,gun_control_and_gun_rights,original,s2,0.22554516792297363,0.8605898
12,left,0.2128657102584839,gun_control_and_gun_rights,original,s2,0.17720597982406616,0.84134996
13,left,0.12560153007507324,gun_control_and_gun_rights,original,s2,0.08717447519302368,0.8502619
14,left,0.21258985996246338,gun_control_and_gun_rights,original,s2,0.4182060956954956,0.8371365
15,right,0.17414599657058716,gun_control_and_gun_rights,original,s2,0.31110793352127075,0.8693806
16,right,0.04122394323348999,gun_control_and_gun_rights,original,s2,0.04617398977279663,0.8720669
17,right,0.37709951400756836,gun_control_and_gun_rights,original,s2,0.39948493242263794,0.87174726
18,left,0.06394654512405396,gun_control_and_gun_rights,original,s2,0.07990086078643799,0.8330153
19,center,0.058257102966308594,gun_control_and_gun_rights,original,s2,0.06046205759048462,0.86686087
20,left,0.09348684549331665,gun_control_and_gun_rights,original,s2,0.19564002752304077,0.85418415
21,right,0.3438757061958313,gun_control_and_gun_rights,original,s2,0.27835774421691895,0.85691756
22,right,0.04599946737289429,gun_control_and_gun_rights,original,s2,0.06981617212295532,0.8648725
23,center,0.10894644260406494,gun_control_and_gun_rights,original,s2,0.19696974754333496,0.86729234
24,center,0.09808409214019775,gun_control_and_gun_rights,original,s2,0.2595610022544861,0.85766083
25,center,0.06897705793380737,gun_control_and_gun_rights,original,s2,0.2502935528755188,0.8612958
26,right,0.06607019901275635,gun_control_and_gun_rights,original,s2,0.2335275411605835,0.81006616
27,left,0.23981034755706787,gun_control_and_gun_rights,original,s2,0.2458934187889099,0.85396576
28,center,0.4824294447898865,gun_control_and_gun_rights,original,s2,0.2686792016029358,0.8364051
29,right,0.06993579864501953,gun_control_and_gun_rights,original,s2,0.09509652853012085,0.86800116
30,center,0.18909484148025513,gun_control_and_gun_rights,original,s2,0.338767409324646,0.85921264
31,right,0.1443021297454834,gun_control_and_gun_rights,original,s2,0.14439529180526733,0.8661777
32,left,0.23863816261291504,gun_control_and_gun_rights,original,s2,0.20586246252059937,0.836791
33,right,0.4136809706687927,gun_control_and_gun_rights,original,s2,0.1623658537864685,0.85665137
34,right,0.131902277469635,gun_control_and_gun_rights,original,s2,0.1957055926322937,0.8495369
35,center,0.0950096845626831,gun_control_and_gun_rights,original,s2,0.12245792150497437,0.8573509
36,center,0.12669718265533447,gun_control_and_gun_rights,original,s2,0.10708498954772949,0.84168863
37,right,0.10839402675628662,gun_control_and_gun_rights,original,s2,0.11036735773086548,0.8585777
38,center,0.06266862154006958,gun_control_and_gun_rights,original,s2,0.1008405089378357,0.8537841
39,right,0.21192950010299683,gun_control_and_gun_rights,original,s2,0.3338705897331238,0.84032017
40,left,0.11778831481933594,gun_control_and_gun_rights,original,s2,0.12008649110794067,0.8491766
41,center,0.10742199420928955,gun_control_and_gun_rights,original,s2,0.27259498834609985,0.83583987
42,left,0.19598567485809326,gun_control_and_gun_rights,original,s2,0.12942439317703247,0.8691643
43,left,0.07365506887435913,gun_control_and_gun_rights,original,s2,0.17750602960586548,0.86541957
44,center,0.12881183624267578,gun_control_and_gun_rights,original,s2,0.2020464539527893,0.85620624
45,left,0.08011609315872192,gun_control_and_gun_rights,original,s2,0.05113703012466431,0.86344653
46,center,0.10061067342758179,gun_control_and_gun_rights,original,s2,0.03763669729232788,0.86636233
47,right,0.13702189922332764,gun_control_and_gun_rights,original,s2,0.17645126581192017,0.87375164
48,center,0.07112795114517212,gun_control_and_gun_rights,original,s2,0.057009339332580566,0.86729467
49,left,0.07745027542114258,gun_control_and_gun_rights,original,s2,0.16509175300598145,0.8442949
50,center,0.3009212613105774,gun_control_and_gun_rights,original,s2,0.2774341106414795,0.8481095
51,center,0.05717271566390991,gun_control_and_gun_rights,original,s2,0.3871821165084839,0.8661719
52,right,0.2696009874343872,gun_control_and_gun_rights,original,s2,0.14889037609100342,0.8436635
53,left,0.24924331903457642,gun_control_and_gun_rights,original,s2,0.4774567484855652,0.8418879
54,left,0.14802873134613037,gun_control_and_gun_rights,original,s2,0.08927655220031738,0.8627017
55,left,0.08881568908691406,gun_control_and_gun_rights,original,s2,0.13176482915878296,0.8617791
56,center,0.06614464521408081,gun_control_and_gun_rights,original,s2,0.06756454706192017,0.86563665
57,right,0.08447867631912231,gun_control_and_gun_rights,original,s2,0.07119947671890259,0.8730544
58,left,0.09482020139694214,gun_control_and_gun_rights,original,s2,0.30698758363723755,0.83260614
59,left,0.32817137241363525,gun_control_and_gun_rights,original,s2,0.39345407485961914,0.8471111
60,left,0.19639617204666138,gun_control_and_gun_rights,original,s2,0.32381826639175415,0.8653507
61,left,0.28993672132492065,gun_control_and_gun_rights,original,s2,0.2543312907218933,0.8331835
62,center,0.11677128076553345,gun_control_and_gun_rights,original,s2,0.34659844636917114,0.8457445
63,right,0.21469008922576904,gun_control_and_gun_rights,original,s2,0.23631978034973145,0.8633497
64,center,0.4423251152038574,gun_control_and_gun_rights,original,s2,0.497431218624115,0.848445
65,center,0.2500123381614685,gun_control_and_gun_rights,original,s2,0.32929277420043945,0.8310862
66,right,0.2608066201210022,gun_control_and_gun_rights,original,s2,0.2667461633682251,0.862275
67,right,0.052792251110076904,gun_control_and_gun_rights,original,s2,0.08315712213516235,0.8602764
68,left,0.10638564825057983,gun_control_and_gun_rights,original,s2,0.35585445165634155,0.8756251
69,right,0.10034763813018799,gun_control_and_gun_rights,original,s2,0.421170711517334,0.84689146
70,right,0.05574697256088257,gun_control_and_gun_rights,original,s2,0.11312294006347656,0.86804104
71,right,0.06234663724899292,gun_control_and_gun_rights,original,s2,0.08276814222335815,0.8751838
72,center,0.10619115829467773,gun_control_and_gun_rights,original,s2,0.08956301212310791,0.85669255
73,center,0.11440259218215942,gun_control_and_gun_rights,original,s2,0.11226379871368408,0.8601366
74,left,0.4378690719604492,gun_control_and_gun_rights,original,s2,0.17254793643951416,0.85445446
75,center,0.42356693744659424,gun_control_and_gun_rights,original,s2,0.4414758086204529,0.85148525
76,right,0.22645729780197144,gun_control_and_gun_rights,original,s2,0.473250150680542,0.86639386
77,left,0.18109756708145142,gun_control_and_gun_rights,original,s2,0.2436484694480896,0.8496428
78,left,0.1651451587677002,gun_control_and_gun_rights,original,s2,0.34250789880752563,0.85189563
79,center,0.3419814109802246,gun_control_and_gun_rights,original,s2,0.4467993378639221,0.8453433
80,left,0.08442741632461548,gun_control_and_gun_rights,original,s2,0.33073002099990845,0.8481401
81,left,0.4865918755531311,gun_control_and_gun_rights,original,s2,0.38162779808044434,0.83667976
82,left,0.30408698320388794,gun_control_and_gun_rights,original,s2,0.39512085914611816,0.8541816
83,left,0.09226381778717041,gun_control_and_gun_rights,original,s2,0.38717925548553467,0.8397757
84,center,0.08597570657730103,gun_control_and_gun_rights,original,s2,0.148914635181427,0.8529888
85,center,0.10421633720397949,gun_control_and_gun_rights,original,s2,0.06608039140701294,0.84035933
86,right,0.13687938451766968,gun_control_and_gun_rights,original,s2,0.20279794931411743,0.8787433
87,center,0.05360913276672363,gun_control_and_gun_rights,original,s2,0.03471916913986206,0.87914926
88,center,0.0645182728767395,gun_control_and_gun_rights,original,s2,0.45969533920288086,0.85223675
89,left,0.15890389680862427,gun_control_and_gun_rights,original,s2,0.165743887424469,0.8336385
90,center,0.09540742635726929,gun_control_and_gun_rights,original,s2,0.3494236469268799,0.8348412
91,right,0.1548781394958496,gun_control_and_gun_rights,original,s2,0.3192645311355591,0.8392963
92,center,0.1281769871711731,gun_control_and_gun_rights,original,s2,0.39502066373825073,0.8708589
93,center,0.15615850687026978,gun_control_and_gun_rights,original,s2,0.42465442419052124,0.84159654
94,center,0.18910515308380127,gun_control_and_gun_rights,original,s2,0.251440167427063,0.83501416
95,left,0.07650554180145264,gun_control_and_gun_rights,original,s2,0.4715878367424011,0.84550315
96,center,0.07052260637283325,gun_control_and_gun_rights,original,s2,0.10068660974502563,0.8570432
97,left,0.4788748025894165,gun_control_and_gun_rights,original,s2,0.35335689783096313,0.8703328
98,left,0.12825822830200195,gun_control_and_gun_rights,original,s2,0.31914085149765015,0.8391997
99,right,0.09604424238204956,gun_control_and_gun_rights,original,s2,0.33560359477996826,0.842384
100,left,0.4635038375854492,gun_control_and_gun_rights,original,s2,0.49097394943237305,0.857517
101,center,0.0788111686706543,gun_control_and_gun_rights,original,s2,0.12614572048187256,0.85965234
102,right,0.14871615171432495,gun_control_and_gun_rights,original,s2,0.0650641918182373,0.8668576
103,center,0.03903132677078247,gun_control_and_gun_rights,original,s2,0.036023855209350586,0.8585924
104,right,0.37020325660705566,gun_control_and_gun_rights,original,s2,0.4958428144454956,0.8411977
105,center,0.08378827571868896,gun_control_and_gun_rights,original,s2,0.10179919004440308,0.84772223
106,left,0.21757572889328003,gun_control_and_gun_rights,original,s2,0.30936509370803833,0.84915686
107,center,0.06923717260360718,gun_control_and_gun_rights,original,s2,0.1588042974472046,0.8737338
108,right,0.29905468225479126,gun_control_and_gun_rights,original,s2,0.06971818208694458,0.8415142
109,right,0.038238704204559326,gun_control_and_gun_rights,original,s2,0.14525383710861206,0.8407547
110,center,0.08426189422607422,gun_control_and_gun_rights,original,s2,0.1957443356513977,0.84195673
111,right,0.17570990324020386,gun_control_and_gun_rights,original,s2,0.30033713579177856,0.83346266
112,right,0.3199283480644226,gun_control_and_gun_rights,original,s2,0.44384491443634033,0.8452076
113,left,0.4959556460380554,gun_control_and_gun_rights,original,s2,0.23577409982681274,0.85286474
114,left,0.16735225915908813,gun_control_and_gun_rights,original,s2,0.3796822428703308,0.8540559
115,right,0.18265974521636963,gun_control_and_gun_rights,original,s2,0.4037935733795166,0.84645367
116,right,0.051865577697753906,gun_control_and_gun_rights,original,s2,0.12436884641647339,0.8682314
117,center,0.08128386735916138,gun_control_and_gun_rights,original,s2,0.17834621667861938,0.85106504
118,left,0.10468953847885132,gun_control_and_gun_rights,original,s2,0.18274670839309692,0.859283
119,left,0.16282576322555542,gun_control_and_gun_rights,original,s2,0.237601637840271,0.8396424
120,center,0.2104940414428711,gun_control_and_gun_rights,original,s2,0.4565310478210449,0.86145264
121,right,0.08087790012359619,gun_control_and_gun_rights,original,s2,0.05481398105621338,0.85402644
122,right,0.12604856491088867,gun_control_and_gun_rights,original,s2,0.12540137767791748,0.8631686
123,left,0.05828142166137695,gun_control_and_gun_rights,original,s2,0.07604271173477173,0.87255305
124,right,0.1301519274711609,gun_control_and_gun_rights,original,s2,0.35424840450286865,0.8372685
125,center,0.08567261695861816,gun_control_and_gun_rights,original,s2,0.3209960460662842,0.84246635
126,left,0.09304159879684448,gun_control_and_gun_rights,original,s2,0.14848679304122925,0.8646325
127,left,0.1890748143196106,gun_control_and_gun_rights,original,s2,0.10316300392150879,0.8284076
128,right,0.3048301339149475,gun_control_and_gun_rights,original,s2,0.049612998962402344,0.8534872
129,center,0.4585070013999939,gun_control_and_gun_rights,original,s2,0.1917334794998169,0.8541981
130,right,0.348629355430603,gun_control_and_gun_rights,original,s2,0.12148678302764893,0.8373806
131,left,0.09023255109786987,gun_control_and_gun_rights,original,s2,0.15737855434417725,0.8509004
132,center,0.14767640829086304,gun_control_and_gun_rights,original,s2,0.34033238887786865,0.8461723
133,right,0.05119401216506958,gun_control_and_gun_rights,original,s2,0.152765154838562,0.8543084
134,right,0.1118922233581543,gun_control_and_gun_rights,original,s2,0.44678938388824463,0.86596
135,center,0.11278694868087769,gun_control_and_gun_rights,original,s2,0.1837288737297058,0.85730135
136,right,0.08853906393051147,gun_control_and_gun_rights,original,s2,0.2747771739959717,0.8492968
137,left,0.15165871381759644,gun_control_and_gun_rights,original,s2,0.09163886308670044,0.8164878
138,left,0.10468292236328125,gun_control_and_gun_rights,original,s2,0.1183086633682251,0.84442693
139,left,0.06611073017120361,gun_control_and_gun_rights,original,s2,0.14406746625900269,0.8704194
140,left,0.14053469896316528,gun_control_and_gun_rights,original,s2,0.23176616430282593,0.8535234
141,right,0.19345659017562866,gun_control_and_gun_rights,original,s2,0.06753414869308472,0.8564105
142,center,0.0534818172454834,gun_control_and_gun_rights,original,s2,0.0957643985748291,0.8648679
143,right,0.0731622576713562,gun_control_and_gun_rights,original,s2,0.13988417387008667,0.8674792
144,center,0.36331093311309814,gun_control_and_gun_rights,original,s2,0.3586997985839844,0.83289486
145,left,0.12821567058563232,gun_control_and_gun_rights,original,s2,0.4016929864883423,0.8387291
146,right,0.0774068832397461,gun_control_and_gun_rights,original,s2,0.12403500080108643,0.85378844
147,left,0.06692075729370117,gun_control_and_gun_rights,original,s2,0.1166301965713501,0.8665023
148,center,0.11825835704803467,gun_control_and_gun_rights,original,s2,0.19039493799209595,0.85411865
149,center,0.39968204498291016,gun_control_and_gun_rights,original,s2,0.4794476628303528,0.84529513
0,center,0.08873480558395386,gun_control_and_gun_rights,original,s3a,0.14908987283706665,0.8525996
1,right,0.18257790803909302,gun_control_and_gun_rights,original,s3a,0.17687618732452393,0.8631619
2,right,0.14455139636993408,gun_control_and_gun_rights,original,s3a,0.4853115677833557,0.8414742
3,center,0.21199893951416016,gun_control_and_gun_rights,original,s3a,0.20239204168319702,0.8196114
4,left,0.23398834466934204,gun_control_and_gun_rights,original,s3a,0.38256633281707764,0.84911096
5,right,0.19979333877563477,gun_control_and_gun_rights,original,s3a,0.13967108726501465,0.8592353
6,right,0.14244502782821655,gun_control_and_gun_rights,original,s3a,0.12832146883010864,0.8267563
7,right,0.09617936611175537,gun_control_and_gun_rights,original,s3a,0.107890784740448,0.84483504
8,left,0.16283845901489258,gun_control_and_gun_rights,original,s3a,0.22054708003997803,0.8193291
9,center,0.06467646360397339,gun_control_and_gun_rights,original,s3a,0.12028467655181885,0.8573287
10,left,0.11042439937591553,gun_control_and_gun_rights,original,s3a,0.32500773668289185,0.8328494
11,right,0.1722734570503235,gun_control_and_gun_rights,original,s3a,0.22789180278778076,0.8558277
12,left,0.2128657102584839,gun_control_and_gun_rights,original,s3a,0.2470729947090149,0.8446728
13,left,0.12560153007507324,gun_control_and_gun_rights,original,s3a,0.1552795171737671,0.86452556
14,left,0.21258985996246338,gun_control_and_gun_rights,original,s3a,0.21410727500915527,0.8352103
15,right,0.17414599657058716,gun_control_and_gun_rights,original,s3a,0.4929876923561096,0.8481784
16,right,0.04122394323348999,gun_control_and_gun_rights,original,s3a,0.03857690095901489,0.866504
17,right,0.37709951400756836,gun_control_and_gun_rights,original,s3a,0.13831841945648193,0.83868283
18,left,0.06394654512405396,gun_control_and_gun_rights,original,s3a,0.040680766105651855,0.84313935
19,center,0.058257102966308594,gun_control_and_gun_rights,original,s3a,0.08848351240158081,0.8457172
20,left,0.09348684549331665,gun_control_and_gun_rights,original,s3a,0.17926108837127686,0.8621556
21,right,0.3438757061958313,gun_control_and_gun_rights,original,s3a,0.13010746240615845,0.84398425
22,right,0.04599946737289429,gun_control_and_gun_rights,original,s3a,0.04287523031234741,0.8662417
23,center,0.10894644260406494,gun_control_and_gun_rights,original,s3a,0.25829964876174927,0.8614559
24,center,0.09808409214019775,gun_control_and_gun_rights,original,s3a,0.08892035484313965,0.8573997
25,center,0.06897705793380737,gun_control_and_gun_rights,original,s3a,0.08975398540496826,0.8593512
26,right,0.06607019901275635,gun_control_and_gun_rights,original,s3a,0.10203862190246582,0.8136111
27,left,0.23981034755706787,gun_control_and_gun_rights,original,s3a,0.39722108840942383,0.8352808
28,center,0.4824294447898865,gun_control_and_gun_rights,original,s3a,0.23716795444488525,0.83249754
29,right,0.06993579864501953,gun_control_and_gun_rights,original,s3a,0.041252076625823975,0.8538637
30,center,0.18909484148025513,gun_control_and_gun_rights,original,s3a,0.3931531310081482,0.8555302
31,right,0.1443021297454834,gun_control_and_gun_rights,original,s3a,0.1328425407409668,0.8598624
32,left,0.23863816261291504,gun_control_and_gun_rights,original,s3a,0.3758867383003235,0.8250706
33,right,0.4136809706687927,gun_control_and_gun_rights,original,s3a,0.035196661949157715,0.8367792
34,right,0.131902277469635,gun_control_and_gun_rights,original,s3a,0.17767876386642456,0.8272727
35,center,0.0950096845626831,gun_control_and_gun_rights,original,s3a,0.07853835821151733,0.85335296
36,center,0.12669718265533447,gun_control_and_gun_rights,original,s3a,0.1612924337387085,0.84836626
37,right,0.10839402675628662,gun_control_and_gun_rights,original,s3a,0.4798980951309204,0.83916664
38,center,0.06266862154006958,gun_control_and_gun_rights,original,s3a,0.13861268758773804,0.84661406
39,right,0.21192950010299683,gun_control_and_gun_rights,original,s3a,0.1827715039253235,0.82509744
40,left,0.11778831481933594,gun_control_and_gun_rights,original,s3a,0.29689455032348633,0.84061027
41,center,0.10742199420928955,gun_control_and_gun_rights,original,s3a,0.17477959394454956,0.84536916
42,left,0.19598567485809326,gun_control_and_gun_rights,original,s3a,0.47913074493408203,0.86583585
43,left,0.07365506887435913,gun_control_and_gun_rights,original,s3a,0.08457368612289429,0.8666656
44,center,0.12881183624267578,gun_control_and_gun_rights,original,s3a,0.24521899223327637,0.8474265
45,left,0.08011609315872192,gun_control_and_gun_rights,original,s3a,0.055631399154663086,0.86170995
46,center,0.10061067342758179,gun_control_and_gun_rights,original,s3a,0.07567858695983887,0.8515051
47,right,0.13702189922332764,gun_control_and_gun_rights,original,s3a,0.25283581018447876,0.85211366
48,center,0.07112795114517212,gun_control_and_gun_rights,original,s3a,0.05116474628448486,0.8680675
49,left,0.07745027542114258,gun_control_and_gun_rights,original,s3a,0.10907584428787231,0.8479705
50,center,0.3009212613105774,gun_control_and_gun_rights,original,s3a,0.46594566106796265,0.84260976
51,center,0.05717271566390991,gun_control_and_gun_rights,original,s3a,0.3744004964828491,0.84406793
52,right,0.2696009874343872,gun_control_and_gun_rights,original,s3a,0.21415525674819946,0.83601373
53,left,0.24924331903457642,gun_control_and_gun_rights,original,s3a,0.3447713255882263,0.8435119
54,left,0.14802873134613037,gun_control_and_gun_rights,original,s3a,0.2653375267982483,0.86035234
55,left,0.08881568908691406,gun_control_and_gun_rights,original,s3a,0.2759696841239929,0.82688636
56,center,0.06614464521408081,gun_control_and_gun_rights,original,s3a,0.10003829002380371,0.8571564
57,right,0.08447867631912231,gun_control_and_gun_rights,original,s3a,0.10970413684844971,0.8725914
58,left,0.09482020139694214,gun_control_and_gun_rights,original,s3a,0.1561775803565979,0.8174177
59,left,0.32817137241363525,gun_control_and_gun_rights,original,s3a,0.3183348774909973,0.84340036
60,left,0.19639617204666138,gun_control_and_gun_rights,original,s3a,0.315588116645813,0.8585932
61,left,0.28993672132492065,gun_control_and_gun_rights,original,s3a,0.0748586654663086,0.81715786
62,center,0.11677128076553345,gun_control_and_gun_rights,original,s3a,0.11496317386627197,0.85286593
63,right,0.21469008922576904,gun_control_and_gun_rights,original,s3a,0.3224406838417053,0.860626
64,center,0.4423251152038574,gun_control_and_gun_rights,original,s3a,0.14752846956253052,0.8335798
65,center,0.2500123381614685,gun_control_and_gun_rights,original,s3a,0.4436308741569519,0.83374244
66,right,0.2608066201210022,gun_control_and_gun_rights,original,s3a,0.2915695905685425,0.8482137
67,right,0.052792251110076904,gun_control_and_gun_rights,original,s3a,0.2721139192581177,0.8612026
68,left,0.10638564825057983,gun_control_and_gun_rights,original,s3a,0.32108938694000244,0.84848696
69,right,0.10034763813018799,gun_control_and_gun_rights,original,s3a,0.1602238416671753,0.840936
70,right,0.05574697256088257,gun_control_and_gun_rights,original,s3a,0.19773262739181519,0.8635342
71,right,0.06234663724899292,gun_control_and_gun_rights,original,s3a,0.077975332736969,0.8500214
72,center,0.10619115829467773,gun_control_and_gun_rights,original,s3a,0.19673091173171997,0.84381735
73,center,0.11440259218215942,gun_control_and_gun_rights,original,s3a,0.15273529291152954,0.83952296
74,left,0.4378690719604492,gun_control_and_gun_rights,original,s3a,0.21353578567504883,0.8449322
75,center,0.42356693744659424,gun_control_and_gun_rights,original,s3a,0.39986902475357056,0.84721535
76,right,0.22645729780197144,gun_control_and_gun_rights,original,s3a,0.2525392770767212,0.85425776
77,left,0.18109756708145142,gun_control_and_gun_rights,original,s3a,0.3536009192466736,0.8530147
78,left,0.1651451587677002,gun_control_and_gun_rights,original,s3a,0.22146296501159668,0.8465546
79,center,0.3419814109802246,gun_control_and_gun_rights,original,s3a,0.20742833614349365,0.82519084
80,left,0.08442741632461548,gun_control_and_gun_rights,original,s3a,0.14293813705444336,0.83911586
81,left,0.4865918755531311,gun_control_and_gun_rights,original,s3a,0.10166060924530029,0.83706045
82,left,0.30408698320388794,gun_control_and_gun_rights,original,s3a,0.1517663598060608,0.8395835
83,left,0.09226381778717041,gun_control_and_gun_rights,original,s3a,0.12849009037017822,0.8201707
84,center,0.08597570657730103,gun_control_and_gun_rights,original,s3a,0.041441917419433594,0.8491668
85,center,0.10421633720397949,gun_control_and_gun_rights,original,s3a,0.15042132139205933,0.8361215
86,right,0.13687938451766968,gun_control_and_gun_rights,original,s3a,0.18514490127563477,0.8701575
87,center,0.05360913276672363,gun_control_and_gun_rights,original,s3a,0.062110841274261475,0.8761561
88,center,0.0645182728767395,gun_control_and_gun_rights,original,s3a,0.19178104400634766,0.851449
89,left,0.15890389680862427,gun_control_and_gun_rights,original,s3a,0.3152344226837158,0.8303711
90,center,0.09540742635726929,gun_control_and_gun_rights,original,s3a,0.18277084827423096,0.82196265
91,right,0.1548781394958496,gun_control_and_gun_rights,original,s3a,0.2329224944114685,0.8527236
92,center,0.1281769871711731,gun_control_and_gun_rights,original,s3a,0.3610302805900574,0.85852414
93,center,0.15615850687026978,gun_control_and_gun_rights,original,s3a,0.3718172311782837,0.83914196
94,center,0.18910515308380127,gun_control_and_gun_rights,original,s3a,0.41217637062072754,0.8316663
95,left,0.07650554180145264,gun_control_and_gun_rights,original,s3a,0.4704275131225586,0.8440677
96,center,0.07052260637283325,gun_control_and_gun_rights,original,s3a,0.07951581478118896,0.85714465
97,left,0.4788748025894165,gun_control_and_gun_rights,original,s3a,0.17322582006454468,0.8718993
98,left,0.12825822830200195,gun_control_and_gun_rights,original,s3a,0.27523303031921387,0.8202331
99,right,0.09604424238204956,gun_control_and_gun_rights,original,s3a,0.09903496503829956,0.82488966
100,left,0.4635038375854492,gun_control_and_gun_rights,original,s3a,0.37755459547042847,0.85746664
101,center,0.0788111686706543,gun_control_and_gun_rights,original,s3a,0.16060954332351685,0.8524287
102,right,0.14871615171432495,gun_control_and_gun_rights,original,s3a,0.08385705947875977,0.8652128
103,center,0.03903132677078247,gun_control_and_gun_rights,original,s3a,0.040708720684051514,0.8581348
104,right,0.37020325660705566,gun_control_and_gun_rights,original,s3a,0.21158844232559204,0.83214885
105,center,0.08378827571868896,gun_control_and_gun_rights,original,s3a,0.19456136226654053,0.8358779
106,left,0.21757572889328003,gun_control_and_gun_rights,original,s3a,0.4099119305610657,0.835313
107,center,0.06923717260360718,gun_control_and_gun_rights,original,s3a,0.10281920433044434,0.86465496
108,right,0.29905468225479126,gun_control_and_gun_rights,original,s3a,0.14409923553466797,0.82534236
109,right,0.038238704204559326,gun_control_and_gun_rights,original,s3a,0.13791108131408691,0.81958705
110,center,0.08426189422607422,gun_control_and_gun_rights,original,s3a,0.4859883189201355,0.8362827
111,right,0.17570990324020386,gun_control_and_gun_rights,original,s3a,0.1392279863357544,0.81638986
112,right,0.3199283480644226,gun_control_and_gun_rights,original,s3a,0.4146978259086609,0.8320027
113,left,0.4959556460380554,gun_control_and_gun_rights,original,s3a,0.3455412983894348,0.82935816
114,left,0.16735225915908813,gun_control_and_gun_rights,original,s3a,0.25963979959487915,0.8553476
115,right,0.18265974521636963,gun_control_and_gun_rights,original,s3a,0.3291170001029968,0.83183813
116,right,0.051865577697753906,gun_control_and_gun_rights,original,s3a,0.12057089805603027,0.8703503
117,center,0.08128386735916138,gun_control_and_gun_rights,original,s3a,0.1868533492088318,0.8412456
118,left,0.10468953847885132,gun_control_and_gun_rights,original,s3a,0.30482369661331177,0.8484996
119,left,0.16282576322555542,gun_control_and_gun_rights,original,s3a,0.3437080383300781,0.83018
120,center,0.2104940414428711,gun_control_and_gun_rights,original,s3a,0.41726213693618774,0.8267289
121,right,0.08087790012359619,gun_control_and_gun_rights,original,s3a,0.22070306539535522,0.8459003
122,right,0.12604856491088867,gun_control_and_gun_rights,original,s3a,0.387751042842865,0.853185
123,left,0.05828142166137695,gun_control_and_gun_rights,original,s3a,0.0966193675994873,0.8656509
124,right,0.1301519274711609,gun_control_and_gun_rights,original,s3a,0.46102190017700195,0.8272639
125,center,0.08567261695861816,gun_control_and_gun_rights,original,s3a,0.2524925470352173,0.83056957
126,left,0.09304159879684448,gun_control_and_gun_rights,original,s3a,0.2438068389892578,0.87297994
127,left,0.1890748143196106,gun_control_and_gun_rights,original,s3a,0.10018199682235718,0.8176741
128,right,0.3048301339149475,gun_control_and_gun_rights,original,s3a,0.1279900074005127,0.83979684
129,center,0.4585070013999939,gun_control_and_gun_rights,original,s3a,0.49756455421447754,0.8576295
130,right,0.348629355430603,gun_control_and_gun_rights,original,s3a,0.30649667978286743,0.8431254
131,left,0.09023255109786987,gun_control_and_gun_rights,original,s3a,0.33113735914230347,0.84693265
132,center,0.14767640829086304,gun_control_and_gun_rights,original,s3a,0.467782199382782,0.8459098
133,right,0.05119401216506958,gun_control_and_gun_rights,original,s3a,0.1745835542678833,0.84835577
134,right,0.1118922233581543,gun_control_and_gun_rights,original,s3a,0.0577242374420166,0.8655774
135,center,0.11278694868087769,gun_control_and_gun_rights,original,s3a,0.4593285322189331,0.84210825
136,right,0.08853906393051147,gun_control_and_gun_rights,original,s3a,0.129719078540802,0.8306328
137,left,0.15165871381759644,gun_control_and_gun_rights,original,s3a,0.2021617889404297,0.81778634
138,left,0.10468292236328125,gun_control_and_gun_rights,original,s3a,0.21528297662734985,0.8362998
139,left,0.06611073017120361,gun_control_and_gun_rights,original,s3a,0.24572241306304932,0.8553992
140,left,0.14053469896316528,gun_control_and_gun_rights,original,s3a,0.1680418848991394,0.8477996
141,right,0.19345659017562866,gun_control_and_gun_rights,original,s3a,0.20718532800674438,0.8540963
142,center,0.0534818172454834,gun_control_and_gun_rights,original,s3a,0.10952728986740112,0.8582442
143,right,0.0731622576713562,gun_control_and_gun_rights,original,s3a,0.13578468561172485,0.85483956
144,center,0.36331093311309814,gun_control_and_gun_rights,original,s3a,0.43887943029403687,0.8443169
145,left,0.12821567058563232,gun_control_and_gun_rights,original,s3a,0.3815770745277405,0.82018846
146,right,0.0774068832397461,gun_control_and_gun_rights,original,s3a,0.08866143226623535,0.8496202
147,left,0.06692075729370117,gun_control_and_gun_rights,original,s3a,0.12376606464385986,0.85837364
148,center,0.11825835704803467,gun_control_and_gun_rights,original,s3a,0.15458649396896362,0.8554817
149,center,0.39968204498291016,gun_control_and_gun_rights,original,s3a,0.330213725566864,0.8439075
0,center,0.08873480558395386,gun_control_and_gun_rights,original,s3b,0.28074949979782104,0.8175709
1,right,0.18257790803909302,gun_control_and_gun_rights,original,s3b,0.39248842000961304,0.83195436
2,right,0.14455139636993408,gun_control_and_gun_rights,original,s3b,0.21539592742919922,0.8124866
3,center,0.21199893951416016,gun_control_and_gun_rights,original,s3b,0.10190904140472412,0.82008165
4,left,0.23398834466934204,gun_control_and_gun_rights,original,s3b,0.20975571870803833,0.82159907
5,right,0.19979333877563477,gun_control_and_gun_rights,original,s3b,0.2216145396232605,0.81891704
6,right,0.14244502782821655,gun_control_and_gun_rights,original,s3b,0.12300938367843628,0.8258991
7,right,0.09617936611175537,gun_control_and_gun_rights,original,s3b,0.2212124466896057,0.8085713
8,left,0.16283845901489258,gun_control_and_gun_rights,original,s3b,0.48805928230285645,0.8165387
9,center,0.06467646360397339,gun_control_and_gun_rights,original,s3b,0.4399533271789551,0.79281557
10,left,0.11042439937591553,gun_control_and_gun_rights,original,s3b,0.26165902614593506,0.8227253
11,right,0.1722734570503235,gun_control_and_gun_rights,original,s3b,0.050660908222198486,0.80924404
12,left,0.2128657102584839,gun_control_and_gun_rights,original,s3b,0.16792190074920654,0.81239736
13,left,0.12560153007507324,gun_control_and_gun_rights,original,s3b,0.04986661672592163,0.8150251
14,left,0.21258985996246338,gun_control_and_gun_rights,original,s3b,0.08929485082626343,0.82048064
15,right,0.17414599657058716,gun_control_and_gun_rights,original,s3b,0.16544783115386963,0.8341645
16,right,0.04122394323348999,gun_control_and_gun_rights,original,s3b,0.38473284244537354,0.802926
17,right,0.37709951400756836,gun_control_and_gun_rights,original,s3b,0.043449342250823975,0.8144537
18,left,0.06394654512405396,gun_control_and_gun_rights,original,s3b,0.03313249349594116,0.81171465
19,center,0.058257102966308594,gun_control_and_gun_rights,original,s3b,0.28355586528778076,0.82769626
20,left,0.09348684549331665,gun_control_and_gun_rights,original,s3b,0.09607034921646118,0.81856716
21,right,0.3438757061958313,gun_control_and_gun_rights,original,s3b,0.1317896842956543,0.8245317
22,right,0.04599946737289429,gun_control_and_gun_rights,original,s3b,0.3809754252433777,0.82610387
23,center,0.10894644260406494,gun_control_and_gun_rights,original,s3b,0.30459731817245483,0.8096715
24,center,0.09808409214019775,gun_control_and_gun_rights,original,s3b,0.059282541275024414,0.81586903
25,center,0.06897705793380737,gun_control_and_gun_rights,original,s3b,0.297843337059021,0.82117534
26,right,0.06607019901275635,gun_control_and_gun_rights,original,s3b,0.07556438446044922,0.81824976
27,left,0.23981034755706787,gun_control_and_gun_rights,original,s3b,0.1749727725982666,0.81678724
28,center,0.4824294447898865,gun_control_and_gun_rights,original,s3b,0.13462567329406738,0.8070281
29,right,0.06993579864501953,gun_control_and_gun_rights,original,s3b,0.4450342059135437,0.8312304
30,center,0.18909484148025513,gun_control_and_gun_rights,original,s3b,0.3044094443321228,0.8405796
31,right,0.1443021297454834,gun_control_and_gun_rights,original,s3b,0.43265414237976074,0.81304836
32,left,0.23863816261291504,gun_control_and_gun_rights,original,s3b,0.24266976118087769,0.80243295
33,right,0.4136809706687927,gun_control_and_gun_rights,original,s3b,0.0621909499168396,0.80525786
34,right,0.131902277469635,gun_control_and_gun_rights,original,s3b,0.3616143465042114,0.80472517
35,center,0.0950096845626831,gun_control_and_gun_rights,original,s3b,0.0984961986541748,0.8219467
36,center,0.12669718265533447,gun_control_and_gun_rights,original,s3b,0.49851322174072266,0.8195931
37,right,0.10839402675628662,gun_control_and_gun_rights,original,s3b,0.15590089559555054,0.81593585
38,center,0.06266862154006958,gun_control_and_gun_rights,original,s3b,0.39576447010040283,0.814285
39,right,0.21192950010299683,gun_control_and_gun_rights,original,s3b,0.06605374813079834,0.81458855
40,left,0.11778831481933594,gun_control_and_gun_rights,original,s3b,0.2037631869316101,0.8034058
41,center,0.10742199420928955,gun_control_and_gun_rights,original,s3b,0.3173784613609314,0.8074857
42,left,0.19598567485809326,gun_control_and_gun_rights,original,s3b,0.06596994400024414,0.82692343
43,left,0.07365506887435913,gun_control_and_gun_rights,original,s3b,0.3453148603439331,0.82188576
44,center,0.12881183624267578,gun_control_and_gun_rights,original,s3b,0.32711440324783325,0.8311313
45,left,0.08011609315872192,gun_control_and_gun_rights,original,s3b,0.3042362928390503,0.8035979
46,center,0.10061067342758179,gun_control_and_gun_rights,original,s3b,0.2859398126602173,0.8287152
47,right,0.13702189922332764,gun_control_and_gun_rights,original,s3b,0.311836838722229,0.80491084
48,center,0.07112795114517212,gun_control_and_gun_rights,original,s3b,0.1271877884864807,0.8099071
49,left,0.07745027542114258,gun_control_and_gun_rights,original,s3b,0.25437164306640625,0.8195402
50,center,0.3009212613105774,gun_control_and_gun_rights,original,s3b,0.14583277702331543,0.8027713
51,center,0.05717271566390991,gun_control_and_gun_rights,original,s3b,0.2513750195503235,0.81375504
52,right,0.2696009874343872,gun_control_and_gun_rights,original,s3b,0.06265026330947876,0.81183213
53,left,0.24924331903457642,gun_control_and_gun_rights,original,s3b,0.2784256339073181,0.80993646
54,left,0.14802873134613037,gun_control_and_gun_rights,original,s3b,0.47232019901275635,0.8233626
55,left,0.08881568908691406,gun_control_and_gun_rights,original,s3b,0.06930017471313477,0.82262295
56,center,0.06614464521408081,gun_control_and_gun_rights,original,s3b,0.32247859239578247,0.82109076
57,right,0.08447867631912231,gun_control_and_gun_rights,original,s3b,0.14750653505325317,0.8180918
58,left,0.09482020139694214,gun_control_and_gun_rights,original,s3b,0.06643998622894287,0.8125271
59,left,0.32817137241363525,gun_control_and_gun_rights,original,s3b,0.38734763860702515,0.8159843
60,left,0.19639617204666138,gun_control_and_gun_rights,original,s3b,0.09658980369567871,0.8286998
61,left,0.28993672132492065,gun_control_and_gun_rights,original,s3b,0.11218971014022827,0.81341785
62,center,0.11677128076553345,gun_control_and_gun_rights,original,s3b,0.3365878462791443,0.813213
63,right,0.21469008922576904,gun_control_and_gun_rights,original,s3b,0.19527792930603027,0.8224626
64,center,0.4423251152038574,gun_control_and_gun_rights,original,s3b,0.4177129864692688,0.8221035
65,center,0.2500123381614685,gun_control_and_gun_rights,original,s3b,0.26004886627197266,0.8160097
66,right,0.2608066201210022,gun_control_and_gun_rights,original,s3b,0.18346679210662842,0.82439107
67,right,0.052792251110076904,gun_control_and_gun_rights,original,s3b,0.4844335913658142,0.83393186
68,left,0.10638564825057983,gun_control_and_gun_rights,original,s3b,0.3887404799461365,0.8159673
69,right,0.10034763813018799,gun_control_and_gun_rights,original,s3b,0.17952996492385864,0.80411375
70,right,0.05574697256088257,gun_control_and_gun_rights,original,s3b,0.28448379039764404,0.8349284
71,right,0.06234663724899292,gun_control_and_gun_rights,original,s3b,0.30839067697525024,0.8316588
72,center,0.10619115829467773,gun_control_and_gun_rights,original,s3b,0.2503893971443176,0.8174582
73,center,0.11440259218215942,gun_control_and_gun_rights,original,s3b,0.3745492100715637,0.81185275
74,left,0.4378690719604492,gun_control_and_gun_rights,original,s3b,0.06861722469329834,0.81841856
75,center,0.42356693744659424,gun_control_and_gun_rights,original,s3b,0.14276337623596191,0.82010365
76,right,0.22645729780197144,gun_control_and_gun_rights,original,s3b,0.05208498239517212,0.81669503
77,left,0.18109756708145142,gun_control_and_gun_rights,original,s3b,0.1650034785270691,0.81721103
78,left,0.1651451587677002,gun_control_and_gun_rights,original,s3b,0.3264181613922119,0.8217663
79,center,0.3419814109802246,gun_control_and_gun_rights,original,s3b,0.04740971326828003,0.8265965
80,left,0.08442741632461548,gun_control_and_gun_rights,original,s3b,0.236578106880188,0.79802823
81,left,0.4865918755531311,gun_control_and_gun_rights,original,s3b,0.24949634075164795,0.7981668
82,left,0.30408698320388794,gun_control_and_gun_rights,original,s3b,0.13762634992599487,0.827974
83,left,0.09226381778717041,gun_control_and_gun_rights,original,s3b,0.1362864375114441,0.8125825
84,center,0.08597570657730103,gun_control_and_gun_rights,original,s3b,0.20730936527252197,0.8233358
85,center,0.10421633720397949,gun_control_and_gun_rights,original,s3b,0.3959529399871826,0.7985748
86,right,0.13687938451766968,gun_control_and_gun_rights,original,s3b,0.20710265636444092,0.8326624
87,center,0.05360913276672363,gun_control_and_gun_rights,original,s3b,0.3589497208595276,0.80317163
88,center,0.0645182728767395,gun_control_and_gun_rights,original,s3b,0.04931873083114624,0.8109598
89,left,0.15890389680862427,gun_control_and_gun_rights,original,s3b,0.3322860598564148,0.83258563
90,center,0.09540742635726929,gun_control_and_gun_rights,original,s3b,0.2657245397567749,0.81093657
91,right,0.1548781394958496,gun_control_and_gun_rights,original,s3b,0.4271688461303711,0.82992876
92,center,0.1281769871711731,gun_control_and_gun_rights,original,s3b,0.14801472425460815,0.8189932
93,center,0.15615850687026978,gun_control_and_gun_rights,original,s3b,0.21038895845413208,0.8180547
94,center,0.18910515308380127,gun_control_and_gun_rights,original,s3b,0.3212001323699951,0.8131359
95,left,0.07650554180145264,gun_control_and_gun_rights,original,s3b,0.10860246419906616,0.80921125
96,center,0.07052260637283325,gun_control_and_gun_rights,original,s3b,0.40838295221328735,0.81975555
97,left,0.4788748025894165,gun_control_and_gun_rights,original,s3b,0.1516883373260498,0.82281196
98,left,0.12825822830200195,gun_control_and_gun_rights,original,s3b,0.14832067489624023,0.8200275
99,right,0.09604424238204956,gun_control_and_gun_rights,original,s3b,0.07229596376419067,0.80356646
100,left,0.4635038375854492,gun_control_and_gun_rights,original,s3b,0.3994845747947693,0.79450786
101,center,0.0788111686706543,gun_control_and_gun_rights,original,s3b,0.1463702917098999,0.80278677
102,right,0.14871615171432495,gun_control_and_gun_rights,original,s3b,0.20337891578674316,0.8155067
103,center,0.03903132677078247,gun_control_and_gun_rights,original,s3b,0.3237886428833008,0.7859258
104,right,0.37020325660705566,gun_control_and_gun_rights,original,s3b,0.1045459508895874,0.8128934
105,center,0.08378827571868896,gun_control_and_gun_rights,original,s3b,0.461361825466156,0.8164731
106,left,0.21757572889328003,gun_control_and_gun_rights,original,s3b,0.11436164379119873,0.8163638
107,center,0.06923717260360718,gun_control_and_gun_rights,original,s3b,0.3096720576286316,0.81188613
108,right,0.29905468225479126,gun_control_and_gun_rights,original,s3b,0.07320511341094971,0.81555384
109,right,0.038238704204559326,gun_control_and_gun_rights,original,s3b,0.04312407970428467,0.79569525
110,center,0.08426189422607422,gun_control_and_gun_rights,original,s3b,0.23053807020187378,0.81818557
111,right,0.17570990324020386,gun_control_and_gun_rights,original,s3b,0.14386171102523804,0.8076329
112,right,0.3199283480644226,gun_control_and_gun_rights,original,s3b,0.06379485130310059,0.80711055
113,left,0.4959556460380554,gun_control_and_gun_rights,original,s3b,0.4257177710533142,0.8247531
114,left,0.16735225915908813,gun_control_and_gun_rights,original,s3b,0.2430959939956665,0.81529063
115,right,0.18265974521636963,gun_control_and_gun_rights,original,s3b,0.4181407690048218,0.8213423
116,right,0.051865577697753906,gun_control_and_gun_rights,original,s3b,0.29852181673049927,0.8107161
117,center,0.08128386735916138,gun_control_and_gun_rights,original,s3b,0.36333274841308594,0.8047374
118,left,0.10468953847885132,gun_control_and_gun_rights,original,s3b,0.40763211250305176,0.8300939
119,left,0.16282576322555542,gun_control_and_gun_rights,original,s3b,0.1551046371459961,0.8126811
120,center,0.2104940414428711,gun_control_and_gun_rights,original,s3b,0.2006436586380005,0.8129668
121,right,0.08087790012359619,gun_control_and_gun_rights,original,s3b,0.35678261518478394,0.8120532
122,right,0.12604856491088867,gun_control_and_gun_rights,original,s3b,0.17737418413162231,0.8142069
123,left,0.05828142166137695,gun_control_and_gun_rights,original,s3b,0.33950918912887573,0.8108366
124,right,0.1301519274711609,gun_control_and_gun_rights,original,s3b,0.473336398601532,0.80913746
125,center,0.08567261695861816,gun_control_and_gun_rights,original,s3b,0.38342225551605225,0.80618995
126,left,0.09304159879684448,gun_control_and_gun_rights,original,s3b,0.3018147945404053,0.8095045
127,left,0.1890748143196106,gun_control_and_gun_rights,original,s3b,0.3509593605995178,0.81857747
128,right,0.3048301339149475,gun_control_and_gun_rights,original,s3b,0.06111878156661987,0.82280964
129,center,0.4585070013999939,gun_control_and_gun_rights,original,s3b,0.16301798820495605,0.816955
130,right,0.348629355430603,gun_control_and_gun_rights,original,s3b,0.14341694116592407,0.8037273
131,left,0.09023255109786987,gun_control_and_gun_rights,original,s3b,0.32093238830566406,0.81780535
132,center,0.14767640829086304,gun_control_and_gun_rights,original,s3b,0.24210113286972046,0.80353016
133,right,0.05119401216506958,gun_control_and_gun_rights,original,s3b,0.3522920608520508,0.81972814
134,right,0.1118922233581543,gun_control_and_gun_rights,original,s3b,0.04821115732192993,0.8099983
135,center,0.11278694868087769,gun_control_and_gun_rights,original,s3b,0.23114240169525146,0.79651076
136,right,0.08853906393051147,gun_control_and_gun_rights,original,s3b,0.15085411071777344,0.8086921
137,left,0.15165871381759644,gun_control_and_gun_rights,original,s3b,0.05422651767730713,0.8057652
138,left,0.10468292236328125,gun_control_and_gun_rights,original,s3b,0.2623405456542969,0.8188496
139,left,0.06611073017120361,gun_control_and_gun_rights,original,s3b,0.23169487714767456,0.80631745
140,left,0.14053469896316528,gun_control_and_gun_rights,original,s3b,0.2379891276359558,0.82254153
141,right,0.19345659017562866,gun_control_and_gun_rights,original,s3b,0.12459582090377808,0.81312686
142,center,0.0534818172454834,gun_control_and_gun_rights,original,s3b,0.3388991951942444,0.81002504
143,right,0.0731622576713562,gun_control_and_gun_rights,original,s3b,0.4147103428840637,0.82638365
144,center,0.36331093311309814,gun_control_and_gun_rights,original,s3b,0.10355240106582642,0.81304127
145,left,0.12821567058563232,gun_control_and_gun_rights,original,s3b,0.4383949637413025,0.81013757
146,right,0.0774068832397461,gun_control_and_gun_rights,original,s3b,0.24800187349319458,0.81461966
147,left,0.06692075729370117,gun_control_and_gun_rights,original,s3b,0.2648700475692749,0.81141686
148,center,0.11825835704803467,gun_control_and_gun_rights,original,s3b,0.31825631856918335,0.80447793
149,center,0.39968204498291016,gun_control_and_gun_rights,original,s3b,0.10600566864013672,0.81955475
0,center,0.08873480558395386,gun_control_and_gun_rights,original,s3c,0.17208433151245117,0.82623225
1,right,0.18257790803909302,gun_control_and_gun_rights,original,s3c,0.4914870858192444,0.84682184
2,right,0.14455139636993408,gun_control_and_gun_rights,original,s3c,0.33518677949905396,0.8459949
3,center,0.21199893951416016,gun_control_and_gun_rights,original,s3c,0.3737717270851135,0.8432558
4,left,0.23398834466934204,gun_control_and_gun_rights,original,s3c,0.4207496643066406,0.8330472
5,right,0.19979333877563477,gun_control_and_gun_rights,original,s3c,0.46846091747283936,0.8423432
6,right,0.14244502782821655,gun_control_and_gun_rights,original,s3c,0.4240516424179077,0.836921
7,right,0.09617936611175537,gun_control_and_gun_rights,original,s3c,0.43896669149398804,0.82711643
8,left,0.16283845901489258,gun_control_and_gun_rights,original,s3c,0.3474711775779724,0.81907463
9,center,0.06467646360397339,gun_control_and_gun_rights,original,s3c,0.41691672801971436,0.82459277
10,left,0.11042439937591553,gun_control_and_gun_rights,original,s3c,0.3599779009819031,0.8396724
11,right,0.1722734570503235,gun_control_and_gun_rights,original,s3c,0.128859281539917,0.83420897
12,left,0.2128657102584839,gun_control_and_gun_rights,original,s3c,0.2395816445350647,0.8387226
13,left,0.12560153007507324,gun_control_and_gun_rights,original,s3c,0.21389532089233398,0.83061737
14,left,0.21258985996246338,gun_control_and_gun_rights,original,s3c,0.24009299278259277,0.8294264
15,right,0.17414599657058716,gun_control_and_gun_rights,original,s3c,0.4865458607673645,0.8547809
16,right,0.04122394323348999,gun_control_and_gun_rights,original,s3c,0.07906633615493774,0.837454
17,right,0.37709951400756836,gun_control_and_gun_rights,original,s3c,0.2610918879508972,0.83795816
18,left,0.06394654512405396,gun_control_and_gun_rights,original,s3c,0.21519893407821655,0.8268451
19,center,0.058257102966308594,gun_control_and_gun_rights,original,s3c,0.27524590492248535,0.8407822
20,left,0.09348684549331665,gun_control_and_gun_rights,original,s3c,0.18080776929855347,0.83678216
21,right,0.3438757061958313,gun_control_and_gun_rights,original,s3c,0.1712591052055359,0.8401771
22,right,0.04599946737289429,gun_control_and_gun_rights,original,s3c,0.2602604627609253,0.8467078
23,center,0.10894644260406494,gun_control_and_gun_rights,original,s3c,0.20557761192321777,0.8579989
24,center,0.09808409214019775,gun_control_and_gun_rights,original,s3c,0.14937859773635864,0.8655387
25,center,0.06897705793380737,gun_control_and_gun_rights,original,s3c,0.2696967124938965,0.8306774
26,right,0.06607019901275635,gun_control_and_gun_rights,original,s3c,0.10256689786911011,0.8079821
27,left,0.23981034755706787,gun_control_and_gun_rights,original,s3c,0.32940948009490967,0.83362395
28,center,0.4824294447898865,gun_control_and_gun_rights,original,s3c,0.4229680895805359,0.82783455
29,right,0.06993579864501953,gun_control_and_gun_rights,original,s3c,0.4808720350265503,0.8322862
30,center,0.18909484148025513,gun_control_and_gun_rights,original,s3c,0.42660218477249146,0.83532244
31,right,0.1443021297454834,gun_control_and_gun_rights,original,s3c,0.3045458197593689,0.8465264
32,left,0.23863816261291504,gun_control_and_gun_rights,original,s3c,0.36024367809295654,0.8254437
33,right,0.4136809706687927,gun_control_and_gun_rights,original,s3c,0.31235432624816895,0.83488834
34,right,0.131902277469635,gun_control_and_gun_rights,original,s3c,0.4854050874710083,0.8256029
35,center,0.0950096845626831,gun_control_and_gun_rights,original,s3c,0.2960452437400818,0.8427883
36,center,0.12669718265533447,gun_control_and_gun_rights,original,s3c,0.180578351020813,0.85485935
37,right,0.10839402675628662,gun_control_and_gun_rights,original,s3c,0.28442126512527466,0.8337009
38,center,0.06266862154006958,gun_control_and_gun_rights,original,s3c,0.2854005694389343,0.832317
39,right,0.21192950010299683,gun_control_and_gun_rights,original,s3c,0.22081589698791504,0.82983
40,left,0.11778831481933594,gun_control_and_gun_rights,original,s3c,0.39513516426086426,0.8293119
41,center,0.10742199420928955,gun_control_and_gun_rights,original,s3c,0.3068525195121765,0.8128758
42,left,0.19598567485809326,gun_control_and_gun_rights,original,s3c,0.2032637596130371,0.85491276
43,left,0.07365506887435913,gun_control_and_gun_rights,original,s3c,0.34985601902008057,0.841999
44,center,0.12881183624267578,gun_control_and_gun_rights,original,s3c,0.2196863889694214,0.8425327
45,left,0.08011609315872192,gun_control_and_gun_rights,original,s3c,0.2566590905189514,0.8256911
46,center,0.10061067342758179,gun_control_and_gun_rights,original,s3c,0.29157501459121704,0.8333918
47,right,0.13702189922332764,gun_control_and_gun_rights,original,s3c,0.4052419662475586,0.8361274
48,center,0.07112795114517212,gun_control_and_gun_rights,original,s3c,0.24577093124389648,0.8321287
49,left,0.07745027542114258,gun_control_and_gun_rights,original,s3c,0.18293315172195435,0.8346174
50,center,0.3009212613105774,gun_control_and_gun_rights,original,s3c,0.4221864342689514,0.8260915
51,center,0.05717271566390991,gun_control_and_gun_rights,original,s3c,0.45349305868148804,0.83052444
52,right,0.2696009874343872,gun_control_and_gun_rights,original,s3c,0.10893678665161133,0.8405216
53,left,0.24924331903457642,gun_control_and_gun_rights,original,s3c,0.4363219141960144,0.83494717
54,left,0.14802873134613037,gun_control_and_gun_rights,original,s3c,0.39671510457992554,0.84453374
55,left,0.08881568908691406,gun_control_and_gun_rights,original,s3c,0.43906062841415405,0.83961385
56,center,0.06614464521408081,gun_control_and_gun_rights,original,s3c,0.44438034296035767,0.84657663
57,right,0.08447867631912231,gun_control_and_gun_rights,original,s3c,0.42205655574798584,0.8357456
58,left,0.09482020139694214,gun_control_and_gun_rights,original,s3c,0.3026607036590576,0.8223699
59,left,0.32817137241363525,gun_control_and_gun_rights,original,s3c,0.37624621391296387,0.829426
60,left,0.19639617204666138,gun_control_and_gun_rights,original,s3c,0.20615947246551514,0.84637356
61,left,0.28993672132492065,gun_control_and_gun_rights,original,s3c,0.34964436292648315,0.81273943
62,center,0.11677128076553345,gun_control_and_gun_rights,original,s3c,0.2352358102798462,0.83448505
63,right,0.21469008922576904,gun_control_and_gun_rights,original,s3c,0.2166871428489685,0.86219996
64,center,0.4423251152038574,gun_control_and_gun_rights,original,s3c,0.30252528190612793,0.83513933
65,center,0.2500123381614685,gun_control_and_gun_rights,original,s3c,0.3511294722557068,0.83099884
66,right,0.2608066201210022,gun_control_and_gun_rights,original,s3c,0.26042336225509644,0.82458365
67,right,0.052792251110076904,gun_control_and_gun_rights,original,s3c,0.2576639652252197,0.8417905
68,left,0.10638564825057983,gun_control_and_gun_rights,original,s3c,0.3343003988265991,0.8476674
69,right,0.10034763813018799,gun_control_and_gun_rights,original,s3c,0.3803393244743347,0.81909424
70,right,0.05574697256088257,gun_control_and_gun_rights,original,s3c,0.4568202495574951,0.8356122
71,right,0.06234663724899292,gun_control_and_gun_rights,original,s3c,0.18386244773864746,0.8485419
72,center,0.10619115829467773,gun_control_and_gun_rights,original,s3c,0.43829041719436646,0.8346101
73,center,0.11440259218215942,gun_control_and_gun_rights,original,s3c,0.29162925481796265,0.83603555
74,left,0.4378690719604492,gun_control_and_gun_rights,original,s3c,0.0998489260673523,0.83228534
75,center,0.42356693744659424,gun_control_and_gun_rights,original,s3c,0.12914448976516724,0.83086574
76,right,0.22645729780197144,gun_control_and_gun_rights,original,s3c,0.1722327470779419,0.83264446
77,left,0.18109756708145142,gun_control_and_gun_rights,original,s3c,0.4787548780441284,0.83923393
78,left,0.1651451587677002,gun_control_and_gun_rights,original,s3c,0.23020398616790771,0.8372171
79,center,0.3419814109802246,gun_control_and_gun_rights,original,s3c,0.44579148292541504,0.8383315
80,left,0.08442741632461548,gun_control_and_gun_rights,original,s3c,0.2008124589920044,0.82291305
81,left,0.4865918755531311,gun_control_and_gun_rights,original,s3c,0.40224552154541016,0.8273819
82,left,0.30408698320388794,gun_control_and_gun_rights,original,s3c,0.21425080299377441,0.8483679
83,left,0.09226381778717041,gun_control_and_gun_rights,original,s3c,0.08096587657928467,0.8263077
84,center,0.08597570657730103,gun_control_and_gun_rights,original,s3c,0.09944534301757812,0.85116965
85,center,0.10421633720397949,gun_control_and_gun_rights,original,s3c,0.251320481300354,0.8183233
86,right,0.13687938451766968,gun_control_and_gun_rights,original,s3c,0.46310341358184814,0.84322435
87,center,0.05360913276672363,gun_control_and_gun_rights,original,s3c,0.16114801168441772,0.86065847
88,center,0.0645182728767395,gun_control_and_gun_rights,original,s3c,0.4830789566040039,0.8247495
89,left,0.15890389680862427,gun_control_and_gun_rights,original,s3c,0.16272413730621338,0.8324398
90,center,0.09540742635726929,gun_control_and_gun_rights,original,s3c,0.4216849207878113,0.8248948
91,right,0.1548781394958496,gun_control_and_gun_rights,original,s3c,0.2523505687713623,0.8480938
92,center,0.1281769871711731,gun_control_and_gun_rights,original,s3c,0.2792801260948181,0.841416
93,center,0.15615850687026978,gun_control_and_gun_rights,original,s3c,0.31120765209198,0.8342086
94,center,0.18910515308380127,gun_control_and_gun_rights,original,s3c,0.3146122097969055,0.82898664
95,left,0.07650554180145264,gun_control_and_gun_rights,original,s3c,0.4293503761291504,0.83156705
96,center,0.07052260637283325,gun_control_and_gun_rights,original,s3c,0.30185872316360474,0.83297
97,left,0.4788748025894165,gun_control_and_gun_rights,original,s3c,0.4591541290283203,0.8527401
98,left,0.12825822830200195,gun_control_and_gun_rights,original,s3c,0.3452509641647339,0.82502985
99,right,0.09604424238204956,gun_control_and_gun_rights,original,s3c,0.4290132522583008,0.8356144
100,left,0.4635038375854492,gun_control_and_gun_rights,original,s3c,0.20672154426574707,0.84070796
101,center,0.0788111686706543,gun_control_and_gun_rights,original,s3c,0.20804572105407715,0.82524407
102,right,0.14871615171432495,gun_control_and_gun_rights,original,s3c,0.2549041509628296,0.8301943
103,center,0.03903132677078247,gun_control_and_gun_rights,original,s3c,0.2714070677757263,0.8136157
104,right,0.37020325660705566,gun_control_and_gun_rights,original,s3c,0.30911391973495483,0.82693374
105,center,0.08378827571868896,gun_control_and_gun_rights,original,s3c,0.22197359800338745,0.83590996
106,left,0.21757572889328003,gun_control_and_gun_rights,original,s3c,0.46875160932540894,0.82471645
107,center,0.06923717260360718,gun_control_and_gun_rights,original,s3c,0.4703037738800049,0.8343441
108,right,0.29905468225479126,gun_control_and_gun_rights,original,s3c,0.11069685220718384,0.8301295
109,right,0.038238704204559326,gun_control_and_gun_rights,original,s3c,0.03191661834716797,0.81721014
110,center,0.08426189422607422,gun_control_and_gun_rights,original,s3c,0.25300323963165283,0.83156043
111,right,0.17570990324020386,gun_control_and_gun_rights,original,s3c,0.26968657970428467,0.8044553
112,right,0.3199283480644226,gun_control_and_gun_rights,original,s3c,0.27127182483673096,0.82551074
113,left,0.4959556460380554,gun_control_and_gun_rights,original,s3c,0.09812945127487183,0.8276653
114,left,0.16735225915908813,gun_control_and_gun_rights,original,s3c,0.2758495807647705,0.8341945
115,right,0.18265974521636963,gun_control_and_gun_rights,original,s3c,0.2849823832511902,0.83274966
116,right,0.051865577697753906,gun_control_and_gun_rights,original,s3c,0.20512652397155762,0.85789657
117,center,0.08128386735916138,gun_control_and_gun_rights,original,s3c,0.4371580481529236,0.842916
118,left,0.10468953847885132,gun_control_and_gun_rights,original,s3c,0.390264093875885,0.83286655
119,left,0.16282576322555542,gun_control_and_gun_rights,original,s3c,0.22509878873825073,0.8245405
120,center,0.2104940414428711,gun_control_and_gun_rights,original,s3c,0.33571767807006836,0.8345065
121,right,0.08087790012359619,gun_control_and_gun_rights,original,s3c,0.15004920959472656,0.8328989
122,right,0.12604856491088867,gun_control_and_gun_rights,original,s3c,0.056269705295562744,0.86174923
123,left,0.05828142166137695,gun_control_and_gun_rights,original,s3c,0.38458919525146484,0.8130018
124,right,0.1301519274711609,gun_control_and_gun_rights,original,s3c,0.4946576952934265,0.8137912
125,center,0.08567261695861816,gun_control_and_gun_rights,original,s3c,0.46410584449768066,0.82902825
126,left,0.09304159879684448,gun_control_and_gun_rights,original,s3c,0.4465257525444031,0.83534825
127,left,0.1890748143196106,gun_control_and_gun_rights,original,s3c,0.3984116315841675,0.80807656
128,right,0.3048301339149475,gun_control_and_gun_rights,original,s3c,0.03613775968551636,0.8393397
129,center,0.4585070013999939,gun_control_and_gun_rights,original,s3c,0.27410387992858887,0.82852954
130,right,0.348629355430603,gun_control_and_gun_rights,original,s3c,0.4420948624610901,0.8295532
131,left,0.09023255109786987,gun_control_and_gun_rights,original,s3c,0.4963775873184204,0.83353764
132,center,0.14767640829086304,gun_control_and_gun_rights,original,s3c,0.36273831129074097,0.8477093
133,right,0.05119401216506958,gun_control_and_gun_rights,original,s3c,0.3679180145263672,0.83924365
134,right,0.1118922233581543,gun_control_and_gun_rights,original,s3c,0.07976603507995605,0.83640146
135,center,0.11278694868087769,gun_control_and_gun_rights,original,s3c,0.3283047676086426,0.8309459
136,right,0.08853906393051147,gun_control_and_gun_rights,original,s3c,0.12668675184249878,0.8306032
137,left,0.15165871381759644,gun_control_and_gun_rights,original,s3c,0.06629014015197754,0.8157227
138,left,0.10468292236328125,gun_control_and_gun_rights,original,s3c,0.18066644668579102,0.8300937
139,left,0.06611073017120361,gun_control_and_gun_rights,original,s3c,0.15605151653289795,0.85939664
140,left,0.14053469896316528,gun_control_and_gun_rights,original,s3c,0.3590722680091858,0.8344245
141,right,0.19345659017562866,gun_control_and_gun_rights,original,s3c,0.49252527952194214,0.8346266
142,center,0.0534818172454834,gun_control_and_gun_rights,original,s3c,0.3539450168609619,0.8379442
143,right,0.0731622576713562,gun_control_and_gun_rights,original,s3c,0.2502794861793518,0.843337
144,center,0.36331093311309814,gun_control_and_gun_rights,original,s3c,0.2549184560775757,0.83162415
145,left,0.12821567058563232,gun_control_and_gun_rights,original,s3c,0.47914814949035645,0.81634617
146,right,0.0774068832397461,gun_control_and_gun_rights,original,s3c,0.31255847215652466,0.8294835
147,left,0.06692075729370117,gun_control_and_gun_rights,original,s3c,0.14911454916000366,0.84304607
148,center,0.11825835704803467,gun_control_and_gun_rights,original,s3c,0.2901379466056824,0.8407754
149,center,0.39968204498291016,gun_control_and_gun_rights,original,s3c,0.3379209041595459,0.83528906
0,center,0.08873480558395386,gun_control_and_gun_rights,original,s4,0.07296502590179443,0.859282
1,right,0.18257790803909302,gun_control_and_gun_rights,original,s4,0.11879998445510864,0.8681391
2,right,0.14455139636993408,gun_control_and_gun_rights,original,s4,0.14008629322052002,0.853335
3,center,0.21199893951416016,gun_control_and_gun_rights,original,s4,0.46449387073516846,0.84209687
4,left,0.23398834466934204,gun_control_and_gun_rights,original,s4,0.28107643127441406,0.852553
5,right,0.19979333877563477,gun_control_and_gun_rights,original,s4,0.15467101335525513,0.8665193
6,right,0.14244502782821655,gun_control_and_gun_rights,original,s4,0.2477818727493286,0.84617287
7,right,0.09617936611175537,gun_control_and_gun_rights,original,s4,0.16664159297943115,0.858443
8,left,0.16283845901489258,gun_control_and_gun_rights,original,s4,0.17580556869506836,0.82904744
9,center,0.06467646360397339,gun_control_and_gun_rights,original,s4,0.06869888305664062,0.8628151
10,left,0.11042439937591553,gun_control_and_gun_rights,original,s4,0.16014820337295532,0.86450094
11,right,0.1722734570503235,gun_control_and_gun_rights,original,s4,0.3150537610054016,0.8471655
12,left,0.2128657102584839,gun_control_and_gun_rights,original,s4,0.20113515853881836,0.8521178
13,left,0.12560153007507324,gun_control_and_gun_rights,original,s4,0.07150691747665405,0.87394655
14,left,0.21258985996246338,gun_control_and_gun_rights,original,s4,0.139471173286438,0.85550123
15,right,0.17414599657058716,gun_control_and_gun_rights,original,s4,0.260623574256897,0.85987914
16,right,0.04122394323348999,gun_control_and_gun_rights,original,s4,0.036155104637145996,0.8630404
17,right,0.37709951400756836,gun_control_and_gun_rights,original,s4,0.15710443258285522,0.8620771
18,left,0.06394654512405396,gun_control_and_gun_rights,original,s4,0.170151948928833,0.8410362
19,center,0.058257102966308594,gun_control_and_gun_rights,original,s4,0.050322771072387695,0.8600563
20,left,0.09348684549331665,gun_control_and_gun_rights,original,s4,0.11993557214736938,0.8658884
21,right,0.3438757061958313,gun_control_and_gun_rights,original,s4,0.29409390687942505,0.85082275
22,right,0.04599946737289429,gun_control_and_gun_rights,original,s4,0.07041609287261963,0.86555123
23,center,0.10894644260406494,gun_control_and_gun_rights,original,s4,0.10347872972488403,0.8459624
24,center,0.09808409214019775,gun_control_and_gun_rights,original,s4,0.11521214246749878,0.86141235
25,center,0.06897705793380737,gun_control_and_gun_rights,original,s4,0.1443256139755249,0.84283084
26,right,0.06607019901275635,gun_control_and_gun_rights,original,s4,0.03136521577835083,0.8308221
27,left,0.23981034755706787,gun_control_and_gun_rights,original,s4,0.39459288120269775,0.85180837
28,center,0.4824294447898865,gun_control_and_gun_rights,original,s4,0.24107426404953003,0.8555227
29,right,0.06993579864501953,gun_control_and_gun_rights,original,s4,0.09350252151489258,0.8634191
30,center,0.18909484148025513,gun_control_and_gun_rights,original,s4,0.16806399822235107,0.8567718
31,right,0.1443021297454834,gun_control_and_gun_rights,original,s4,0.13033288717269897,0.86284035
32,left,0.23863816261291504,gun_control_and_gun_rights,original,s4,0.16039860248565674,0.839405
33,right,0.4136809706687927,gun_control_and_gun_rights,original,s4,0.1282038688659668,0.8435436
34,right,0.131902277469635,gun_control_and_gun_rights,original,s4,0.13620811700820923,0.86115634
35,center,0.0950096845626831,gun_control_and_gun_rights,original,s4,0.0757564902305603,0.8546627
36,center,0.12669718265533447,gun_control_and_gun_rights,original,s4,0.10963469743728638,0.85061926
37,right,0.10839402675628662,gun_control_and_gun_rights,original,s4,0.07403689622879028,0.85638565
38,center,0.06266862154006958,gun_control_and_gun_rights,original,s4,0.07450103759765625,0.86099225
39,right,0.21192950010299683,gun_control_and_gun_rights,original,s4,0.10781502723693848,0.854045
40,left,0.11778831481933594,gun_control_and_gun_rights,original,s4,0.08177769184112549,0.85711986
41,center,0.10742199420928955,gun_control_and_gun_rights,original,s4,0.1008334755897522,0.85504043
42,left,0.19598567485809326,gun_control_and_gun_rights,original,s4,0.3875082731246948,0.8677532
43,left,0.07365506887435913,gun_control_and_gun_rights,original,s4,0.09514927864074707,0.87501854
44,center,0.12881183624267578,gun_control_and_gun_rights,original,s4,0.2071319818496704,0.85414004
45,left,0.08011609315872192,gun_control_and_gun_rights,original,s4,0.08012264966964722,0.8462334
46,center,0.10061067342758179,gun_control_and_gun_rights,original,s4,0.07802653312683105,0.8452776
47,right,0.13702189922332764,gun_control_and_gun_rights,original,s4,0.1346871256828308,0.87075704
48,center,0.07112795114517212,gun_control_and_gun_rights,original,s4,0.0531575083732605,0.86652535
49,left,0.07745027542114258,gun_control_and_gun_rights,original,s4,0.10371196269989014,0.86150384
50,center,0.3009212613105774,gun_control_and_gun_rights,original,s4,0.1330043077468872,0.8502734
51,center,0.05717271566390991,gun_control_and_gun_rights,original,s4,0.21332764625549316,0.85293734
52,right,0.2696009874343872,gun_control_and_gun_rights,original,s4,0.06923156976699829,0.8725783
53,left,0.24924331903457642,gun_control_and_gun_rights,original,s4,0.30114996433258057,0.8483292
54,left,0.14802873134613037,gun_control_and_gun_rights,original,s4,0.19764727354049683,0.86993074
55,left,0.08881568908691406,gun_control_and_gun_rights,original,s4,0.11380881071090698,0.878126
56,center,0.06614464521408081,gun_control_and_gun_rights,original,s4,0.10551857948303223,0.8674915
57,right,0.08447867631912231,gun_control_and_gun_rights,original,s4,0.06295979022979736,0.8775609
58,left,0.09482020139694214,gun_control_and_gun_rights,original,s4,0.04598557949066162,0.8464109
59,left,0.32817137241363525,gun_control_and_gun_rights,original,s4,0.20111864805221558,0.8300431
60,left,0.19639617204666138,gun_control_and_gun_rights,original,s4,0.3675916790962219,0.8526986
61,left,0.28993672132492065,gun_control_and_gun_rights,original,s4,0.10901713371276855,0.84073246
62,center,0.11677128076553345,gun_control_and_gun_rights,original,s4,0.15158289670944214,0.8497669
63,right,0.21469008922576904,gun_control_and_gun_rights,original,s4,0.1894358992576599,0.86002827
64,center,0.4423251152038574,gun_control_and_gun_rights,original,s4,0.30579739809036255,0.8414692
65,center,0.2500123381614685,gun_control_and_gun_rights,original,s4,0.2651026248931885,0.83892465
66,right,0.2608066201210022,gun_control_and_gun_rights,original,s4,0.3776097893714905,0.8465311
67,right,0.052792251110076904,gun_control_and_gun_rights,original,s4,0.1452600359916687,0.85598457
68,left,0.10638564825057983,gun_control_and_gun_rights,original,s4,0.10171031951904297,0.8659066
69,right,0.10034763813018799,gun_control_and_gun_rights,original,s4,0.11259794235229492,0.88464445
70,right,0.05574697256088257,gun_control_and_gun_rights,original,s4,0.06472510099411011,0.86647856
71,right,0.06234663724899292,gun_control_and_gun_rights,original,s4,0.18427270650863647,0.85129124
72,center,0.10619115829467773,gun_control_and_gun_rights,original,s4,0.1469111442565918,0.85110766
73,center,0.11440259218215942,gun_control_and_gun_rights,original,s4,0.1918291449546814,0.84206307
74,left,0.4378690719604492,gun_control_and_gun_rights,original,s4,0.3418917655944824,0.8504052
75,center,0.42356693744659424,gun_control_and_gun_rights,original,s4,0.22084248065948486,0.85207814
76,right,0.22645729780197144,gun_control_and_gun_rights,original,s4,0.12848472595214844,0.8783822
77,left,0.18109756708145142,gun_control_and_gun_rights,original,s4,0.24719619750976562,0.8506824
78,left,0.1651451587677002,gun_control_and_gun_rights,original,s4,0.09545981884002686,0.8494104
79,center,0.3419814109802246,gun_control_and_gun_rights,original,s4,0.44896411895751953,0.8512818
80,left,0.08442741632461548,gun_control_and_gun_rights,original,s4,0.16714531183242798,0.8483746
81,left,0.4865918755531311,gun_control_and_gun_rights,original,s4,0.3336172103881836,0.83071643
82,left,0.30408698320388794,gun_control_and_gun_rights,original,s4,0.27082598209381104,0.8394228
83,left,0.09226381778717041,gun_control_and_gun_rights,original,s4,0.39789658784866333,0.84577596
84,center,0.08597570657730103,gun_control_and_gun_rights,original,s4,0.17081165313720703,0.8524377
85,center,0.10421633720397949,gun_control_and_gun_rights,original,s4,0.09061938524246216,0.8424897
86,right,0.13687938451766968,gun_control_and_gun_rights,original,s4,0.17624199390411377,0.8732532
87,center,0.05360913276672363,gun_control_and_gun_rights,original,s4,0.05667382478713989,0.871595
88,center,0.0645182728767395,gun_control_and_gun_rights,original,s4,0.1589500904083252,0.82824916
89,left,0.15890389680862427,gun_control_and_gun_rights,original,s4,0.19726282358169556,0.8563143
90,center,0.09540742635726929,gun_control_and_gun_rights,original,s4,0.24858105182647705,0.83691996
91,right,0.1548781394958496,gun_control_and_gun_rights,original,s4,0.09160274267196655,0.8560844
92,center,0.1281769871711731,gun_control_and_gun_rights,original,s4,0.4177894592285156,0.87261456
93,center,0.15615850687026978,gun_control_and_gun_rights,original,s4,0.2646123766899109,0.83657837
94,center,0.18910515308380127,gun_control_and_gun_rights,original,s4,0.25961577892303467,0.83446443
95,left,0.07650554180145264,gun_control_and_gun_rights,original,s4,0.21514540910720825,0.83484554
96,center,0.07052260637283325,gun_control_and_gun_rights,original,s4,0.08433586359024048,0.85462254
97,left,0.4788748025894165,gun_control_and_gun_rights,original,s4,0.33806461095809937,0.8528364
98,left,0.12825822830200195,gun_control_and_gun_rights,original,s4,0.20376944541931152,0.84214354
99,right,0.09604424238204956,gun_control_and_gun_rights,original,s4,0.3414509892463684,0.84753764
100,left,0.4635038375854492,gun_control_and_gun_rights,original,s4,0.2458122968673706,0.8650226
101,center,0.0788111686706543,gun_control_and_gun_rights,original,s4,0.14206373691558838,0.8626606
102,right,0.14871615171432495,gun_control_and_gun_rights,original,s4,0.042805254459381104,0.8651871
103,center,0.03903132677078247,gun_control_and_gun_rights,original,s4,0.04498797655105591,0.8649464
104,right,0.37020325660705566,gun_control_and_gun_rights,original,s4,0.35441434383392334,0.83329386
105,center,0.08378827571868896,gun_control_and_gun_rights,original,s4,0.1509566307067871,0.8614551
106,left,0.21757572889328003,gun_control_and_gun_rights,original,s4,0.3404407501220703,0.83732617
107,center,0.06923717260360718,gun_control_and_gun_rights,original,s4,0.061728715896606445,0.877197
108,right,0.29905468225479126,gun_control_and_gun_rights,original,s4,0.06060075759887695,0.85514474
109,right,0.038238704204559326,gun_control_and_gun_rights,original,s4,0.2409854531288147,0.8442551
110,center,0.08426189422607422,gun_control_and_gun_rights,original,s4,0.18823552131652832,0.84210616
111,right,0.17570990324020386,gun_control_and_gun_rights,original,s4,0.134243905544281,0.84344107
112,right,0.3199283480644226,gun_control_and_gun_rights,original,s4,0.06733781099319458,0.85037065
113,left,0.4959556460380554,gun_control_and_gun_rights,original,s4,0.3234865665435791,0.84225374
114,left,0.16735225915908813,gun_control_and_gun_rights,original,s4,0.20206767320632935,0.8606411
115,right,0.18265974521636963,gun_control_and_gun_rights,original,s4,0.31617873907089233,0.861763
116,right,0.051865577697753906,gun_control_and_gun_rights,original,s4,0.06108534336090088,0.88245213
117,center,0.08128386735916138,gun_control_and_gun_rights,original,s4,0.15990155935287476,0.8413464
118,left,0.10468953847885132,gun_control_and_gun_rights,original,s4,0.1883615255355835,0.8680369
119,left,0.16282576322555542,gun_control_and_gun_rights,original,s4,0.40345871448516846,0.83045435
120,center,0.2104940414428711,gun_control_and_gun_rights,original,s4,0.26641058921813965,0.85171604
121,right,0.08087790012359619,gun_control_and_gun_rights,original,s4,0.06926846504211426,0.86130196
122,right,0.12604856491088867,gun_control_and_gun_rights,original,s4,0.05875343084335327,0.86524546
123,left,0.05828142166137695,gun_control_and_gun_rights,original,s4,0.09320259094238281,0.859798
124,right,0.1301519274711609,gun_control_and_gun_rights,original,s4,0.18149495124816895,0.8225378
125,center,0.08567261695861816,gun_control_and_gun_rights,original,s4,0.3265554904937744,0.84354657
126,left,0.09304159879684448,gun_control_and_gun_rights,original,s4,0.13983041048049927,0.86422294
127,left,0.1890748143196106,gun_control_and_gun_rights,original,s4,0.05703085660934448,0.81487703
128,right,0.3048301339149475,gun_control_and_gun_rights,original,s4,0.3375568389892578,0.86234355
129,center,0.4585070013999939,gun_control_and_gun_rights,original,s4,0.15546494722366333,0.8566095
130,right,0.348629355430603,gun_control_and_gun_rights,original,s4,0.48157763481140137,0.84216654
131,left,0.09023255109786987,gun_control_and_gun_rights,original,s4,0.3648805618286133,0.851116
132,center,0.14767640829086304,gun_control_and_gun_rights,original,s4,0.15408986806869507,0.8574237
133,right,0.05119401216506958,gun_control_and_gun_rights,original,s4,0.05953723192214966,0.8528564
134,right,0.1118922233581543,gun_control_and_gun_rights,original,s4,0.4461926817893982,0.8596202
135,center,0.11278694868087769,gun_control_and_gun_rights,original,s4,0.18938881158828735,0.8521271
136,right,0.08853906393051147,gun_control_and_gun_rights,original,s4,0.14507156610488892,0.85455984
137,left,0.15165871381759644,gun_control_and_gun_rights,original,s4,0.2984457015991211,0.81834733
138,left,0.10468292236328125,gun_control_and_gun_rights,original,s4,0.16406399011611938,0.8723297
139,left,0.06611073017120361,gun_control_and_gun_rights,original,s4,0.07636910676956177,0.8749358
140,left,0.14053469896316528,gun_control_and_gun_rights,original,s4,0.3106951117515564,0.8385497
141,right,0.19345659017562866,gun_control_and_gun_rights,original,s4,0.29102009534835815,0.8576834
142,center,0.0534818172454834,gun_control_and_gun_rights,original,s4,0.08268111944198608,0.8577369
143,right,0.0731622576713562,gun_control_and_gun_rights,original,s4,0.051949262619018555,0.8551716
144,center,0.36331093311309814,gun_control_and_gun_rights,original,s4,0.3297547698020935,0.84046596
145,left,0.12821567058563232,gun_control_and_gun_rights,original,s4,0.4713152050971985,0.83894825
146,right,0.0774068832397461,gun_control_and_gun_rights,original,s4,0.12109720706939697,0.8560234
147,left,0.06692075729370117,gun_control_and_gun_rights,original,s4,0.07562488317489624,0.85473114
148,center,0.11825835704803467,gun_control_and_gun_rights,original,s4,0.16206860542297363,0.849015
149,center,0.39968204498291016,gun_control_and_gun_rights,original,s4,0.20550882816314697,0.8473477
0,center,0.08873480558395386,gun_control_and_gun_rights,original,s5_cot,0.22547179460525513,0.8398536
1,right,0.18257790803909302,gun_control_and_gun_rights,original,s5_cot,0.44512122869491577,0.8494867
2,right,0.14455139636993408,gun_control_and_gun_rights,original,s5_cot,0.16608482599258423,0.85199434
3,center,0.21199893951416016,gun_control_and_gun_rights,original,s5_cot,0.36066681146621704,0.8292902
4,left,0.23398834466934204,gun_control_and_gun_rights,original,s5_cot,0.278960645198822,0.84993494
5,right,0.19979333877563477,gun_control_and_gun_rights,original,s5_cot,0.12933313846588135,0.852675
6,right,0.14244502782821655,gun_control_and_gun_rights,original,s5_cot,0.28238755464553833,0.8380311
7,right,0.09617936611175537,gun_control_and_gun_rights,original,s5_cot,0.21157759428024292,0.83804995
8,left,0.16283845901489258,gun_control_and_gun_rights,original,s5_cot,0.20189976692199707,0.8231565
9,center,0.06467646360397339,gun_control_and_gun_rights,original,s5_cot,0.0954553484916687,0.85770774
10,left,0.11042439937591553,gun_control_and_gun_rights,original,s5_cot,0.18039602041244507,0.8407413
11,right,0.1722734570503235,gun_control_and_gun_rights,original,s5_cot,0.30604737997055054,0.8427185
12,left,0.2128657102584839,gun_control_and_gun_rights,original,s5_cot,0.24395513534545898,0.84585124
13,left,0.12560153007507324,gun_control_and_gun_rights,original,s5_cot,0.1318301558494568,0.876398
14,left,0.21258985996246338,gun_control_and_gun_rights,original,s5_cot,0.4439241886138916,0.8404716
15,right,0.17414599657058716,gun_control_and_gun_rights,original,s5_cot,0.1791815161705017,0.8611455
16,right,0.04122394323348999,gun_control_and_gun_rights,original,s5_cot,0.040798306465148926,0.8693035
17,right,0.37709951400756836,gun_control_and_gun_rights,original,s5_cot,0.32587969303131104,0.8540912
18,left,0.06394654512405396,gun_control_and_gun_rights,original,s5_cot,0.09234601259231567,0.8339517
19,center,0.058257102966308594,gun_control_and_gun_rights,original,s5_cot,0.07592517137527466,0.8657192
20,left,0.09348684549331665,gun_control_and_gun_rights,original,s5_cot,0.2285836935043335,0.85734785
21,right,0.3438757061958313,gun_control_and_gun_rights,original,s5_cot,0.4759942889213562,0.85168004
22,right,0.04599946737289429,gun_control_and_gun_rights,original,s5_cot,0.08934569358825684,0.86513793
23,center,0.10894644260406494,gun_control_and_gun_rights,original,s5_cot,0.09648013114929199,0.8692837
24,center,0.09808409214019775,gun_control_and_gun_rights,original,s5_cot,0.14492511749267578,0.86653686
25,center,0.06897705793380737,gun_control_and_gun_rights,original,s5_cot,0.07031190395355225,0.85395116
26,right,0.06607019901275635,gun_control_and_gun_rights,original,s5_cot,0.18223994970321655,0.81645274
27,left,0.23981034755706787,gun_control_and_gun_rights,original,s5_cot,0.26960885524749756,0.8282734
28,center,0.4824294447898865,gun_control_and_gun_rights,original,s5_cot,0.2089518904685974,0.83363855
29,right,0.06993579864501953,gun_control_and_gun_rights,original,s5_cot,0.13334721326828003,0.8750188
30,center,0.18909484148025513,gun_control_and_gun_rights,original,s5_cot,0.24083620309829712,0.84481704
31,right,0.1443021297454834,gun_control_and_gun_rights,original,s5_cot,0.1440330147743225,0.8564617
32,left,0.23863816261291504,gun_control_and_gun_rights,original,s5_cot,0.1601216197013855,0.8347482
33,right,0.4136809706687927,gun_control_and_gun_rights,original,s5_cot,0.11360698938369751,0.8523889
34,right,0.131902277469635,gun_control_and_gun_rights,original,s5_cot,0.08837515115737915,0.85199726
35,center,0.0950096845626831,gun_control_and_gun_rights,original,s5_cot,0.18152529001235962,0.85383254
36,center,0.12669718265533447,gun_control_and_gun_rights,original,s5_cot,0.17098140716552734,0.8452889
37,right,0.10839402675628662,gun_control_and_gun_rights,original,s5_cot,0.09452962875366211,0.84617686
38,center,0.06266862154006958,gun_control_and_gun_rights,original,s5_cot,0.0588529109954834,0.85919666
39,right,0.21192950010299683,gun_control_and_gun_rights,original,s5_cot,0.3787359595298767,0.8386852
40,left,0.11778831481933594,gun_control_and_gun_rights,original,s5_cot,0.24642908573150635,0.8430998
41,center,0.10742199420928955,gun_control_and_gun_rights,original,s5_cot,0.3477339744567871,0.8265948
42,left,0.19598567485809326,gun_control_and_gun_rights,original,s5_cot,0.3784390091896057,0.86004263
43,left,0.07365506887435913,gun_control_and_gun_rights,original,s5_cot,0.20802783966064453,0.86888313
44,center,0.12881183624267578,gun_control_and_gun_rights,original,s5_cot,0.19766205549240112,0.83585584
45,left,0.08011609315872192,gun_control_and_gun_rights,original,s5_cot,0.20870715379714966,0.85242546
46,center,0.10061067342758179,gun_control_and_gun_rights,original,s5_cot,0.17408078908920288,0.8454473
47,right,0.13702189922332764,gun_control_and_gun_rights,original,s5_cot,0.38654428720474243,0.8385146
48,center,0.07112795114517212,gun_control_and_gun_rights,original,s5_cot,0.06985342502593994,0.85889184
49,left,0.07745027542114258,gun_control_and_gun_rights,original,s5_cot,0.06860232353210449,0.85385317
50,center,0.3009212613105774,gun_control_and_gun_rights,original,s5_cot,0.30477815866470337,0.8303681
51,center,0.05717271566390991,gun_control_and_gun_rights,original,s5_cot,0.21463686227798462,0.85541713
52,right,0.2696009874343872,gun_control_and_gun_rights,original,s5_cot,0.4980739951133728,0.83155507
53,left,0.24924331903457642,gun_control_and_gun_rights,original,s5_cot,0.41999900341033936,0.8428876
54,left,0.14802873134613037,gun_control_and_gun_rights,original,s5_cot,0.4235507845878601,0.84221137
55,left,0.08881568908691406,gun_control_and_gun_rights,original,s5_cot,0.15615445375442505,0.8556419
56,center,0.06614464521408081,gun_control_and_gun_rights,original,s5_cot,0.134784996509552,0.86110187
57,right,0.08447867631912231,gun_control_and_gun_rights,original,s5_cot,0.07098037004470825,0.8744887
58,left,0.09482020139694214,gun_control_and_gun_rights,original,s5_cot,0.15848541259765625,0.82659376
59,left,0.32817137241363525,gun_control_and_gun_rights,original,s5_cot,0.22721606492996216,0.82721967
60,left,0.19639617204666138,gun_control_and_gun_rights,original,s5_cot,0.17487716674804688,0.861371
61,left,0.28993672132492065,gun_control_and_gun_rights,original,s5_cot,0.1766284704208374,0.8281914
62,center,0.11677128076553345,gun_control_and_gun_rights,original,s5_cot,0.1833675503730774,0.8438402
63,right,0.21469008922576904,gun_control_and_gun_rights,original,s5_cot,0.28728431463241577,0.858021
64,center,0.4423251152038574,gun_control_and_gun_rights,original,s5_cot,0.29708683490753174,0.85024613
65,center,0.2500123381614685,gun_control_and_gun_rights,original,s5_cot,0.36220651865005493,0.8299631
66,right,0.2608066201210022,gun_control_and_gun_rights,original,s5_cot,0.2590169906616211,0.8385663
67,right,0.052792251110076904,gun_control_and_gun_rights,original,s5_cot,0.10612839460372925,0.8599559
68,left,0.10638564825057983,gun_control_and_gun_rights,original,s5_cot,0.21699005365371704,0.86169654
69,right,0.10034763813018799,gun_control_and_gun_rights,original,s5_cot,0.13333457708358765,0.8396523
70,right,0.05574697256088257,gun_control_and_gun_rights,original,s5_cot,0.06873506307601929,0.87247556
71,right,0.06234663724899292,gun_control_and_gun_rights,original,s5_cot,0.09093725681304932,0.85690683
72,center,0.10619115829467773,gun_control_and_gun_rights,original,s5_cot,0.13701605796813965,0.8541638
73,center,0.11440259218215942,gun_control_and_gun_rights,original,s5_cot,0.1671133041381836,0.84039503
74,left,0.4378690719604492,gun_control_and_gun_rights,original,s5_cot,0.3126235604286194,0.8457258
75,center,0.42356693744659424,gun_control_and_gun_rights,original,s5_cot,0.373019814491272,0.84712464
76,right,0.22645729780197144,gun_control_and_gun_rights,original,s5_cot,0.19289880990982056,0.8693489
77,left,0.18109756708145142,gun_control_and_gun_rights,original,s5_cot,0.21558916568756104,0.85511476
78,left,0.1651451587677002,gun_control_and_gun_rights,original,s5_cot,0.26986199617385864,0.8642392
79,center,0.3419814109802246,gun_control_and_gun_rights,original,s5_cot,0.49421995878219604,0.8438147
80,left,0.08442741632461548,gun_control_and_gun_rights,original,s5_cot,0.2352655529975891,0.857811
81,left,0.4865918755531311,gun_control_and_gun_rights,original,s5_cot,0.4347820281982422,0.8304211
82,left,0.30408698320388794,gun_control_and_gun_rights,original,s5_cot,0.23925721645355225,0.8358007
83,left,0.09226381778717041,gun_control_and_gun_rights,original,s5_cot,0.41638755798339844,0.8375193
84,center,0.08597570657730103,gun_control_and_gun_rights,original,s5_cot,0.18913650512695312,0.84362495
85,center,0.10421633720397949,gun_control_and_gun_rights,original,s5_cot,0.1744619607925415,0.830468
86,right,0.13687938451766968,gun_control_and_gun_rights,original,s5_cot,0.21367305517196655,0.8703912
87,center,0.05360913276672363,gun_control_and_gun_rights,original,s5_cot,0.04547184705734253,0.8843969
88,center,0.0645182728767395,gun_control_and_gun_rights,original,s5_cot,0.23230934143066406,0.83660156
89,left,0.15890389680862427,gun_control_and_gun_rights,original,s5_cot,0.32554465532302856,0.84707797
90,center,0.09540742635726929,gun_control_and_gun_rights,original,s5_cot,0.328110933303833,0.8281431
91,right,0.1548781394958496,gun_control_and_gun_rights,original,s5_cot,0.16647368669509888,0.8531341
92,center,0.1281769871711731,gun_control_and_gun_rights,original,s5_cot,0.2476125955581665,0.857193
93,center,0.15615850687026978,gun_control_and_gun_rights,original,s5_cot,0.24943172931671143,0.85242826
94,center,0.18910515308380127,gun_control_and_gun_rights,original,s5_cot,0.2983098030090332,0.84277046
95,left,0.07650554180145264,gun_control_and_gun_rights,original,s5_cot,0.2117519974708557,0.8381765
96,center,0.07052260637283325,gun_control_and_gun_rights,original,s5_cot,0.06851816177368164,0.85287094
97,left,0.4788748025894165,gun_control_and_gun_rights,original,s5_cot,0.24437522888183594,0.8674125
98,left,0.12825822830200195,gun_control_and_gun_rights,original,s5_cot,0.15559101104736328,0.83121634
99,right,0.09604424238204956,gun_control_and_gun_rights,original,s5_cot,0.41925734281539917,0.8381132
100,left,0.4635038375854492,gun_control_and_gun_rights,original,s5_cot,0.25309479236602783,0.8556289
101,center,0.0788111686706543,gun_control_and_gun_rights,original,s5_cot,0.08889210224151611,0.85850245
102,right,0.14871615171432495,gun_control_and_gun_rights,original,s5_cot,0.426017701625824,0.8579854
103,center,0.03903132677078247,gun_control_and_gun_rights,original,s5_cot,0.04155528545379639,0.85822606
104,right,0.37020325660705566,gun_control_and_gun_rights,original,s5_cot,0.3110237121582031,0.8418326
105,center,0.08378827571868896,gun_control_and_gun_rights,original,s5_cot,0.250934898853302,0.8429656
106,left,0.21757572889328003,gun_control_and_gun_rights,original,s5_cot,0.14461606740951538,0.84870577
107,center,0.06923717260360718,gun_control_and_gun_rights,original,s5_cot,0.07238662242889404,0.8805085
108,right,0.29905468225479126,gun_control_and_gun_rights,original,s5_cot,0.30497634410858154,0.8382834
109,right,0.038238704204559326,gun_control_and_gun_rights,original,s5_cot,0.2074785828590393,0.82043546
110,center,0.08426189422607422,gun_control_and_gun_rights,original,s5_cot,0.17277443408966064,0.8556167
111,right,0.17570990324020386,gun_control_and_gun_rights,original,s5_cot,0.3178706169128418,0.8316523
112,right,0.3199283480644226,gun_control_and_gun_rights,original,s5_cot,0.2550448775291443,0.8517449
113,left,0.4959556460380554,gun_control_and_gun_rights,original,s5_cot,0.4624626636505127,0.8462507
114,left,0.16735225915908813,gun_control_and_gun_rights,original,s5_cot,0.2641049027442932,0.85648185
115,right,0.18265974521636963,gun_control_and_gun_rights,original,s5_cot,0.27299851179122925,0.83675086
116,right,0.051865577697753906,gun_control_and_gun_rights,original,s5_cot,0.14740151166915894,0.85001796
117,center,0.08128386735916138,gun_control_and_gun_rights,original,s5_cot,0.2635732889175415,0.8412801
118,left,0.10468953847885132,gun_control_and_gun_rights,original,s5_cot,0.1767204999923706,0.8489903
119,left,0.16282576322555542,gun_control_and_gun_rights,original,s5_cot,0.20473116636276245,0.83046985
120,center,0.2104940414428711,gun_control_and_gun_rights,original,s5_cot,0.29459017515182495,0.84102213
121,right,0.08087790012359619,gun_control_and_gun_rights,original,s5_cot,0.10191601514816284,0.85588974
122,right,0.12604856491088867,gun_control_and_gun_rights,original,s5_cot,0.20580726861953735,0.84984034
123,left,0.05828142166137695,gun_control_and_gun_rights,original,s5_cot,0.18109023571014404,0.8387732
124,right,0.1301519274711609,gun_control_and_gun_rights,original,s5_cot,0.39773625135421753,0.8199618
125,center,0.08567261695861816,gun_control_and_gun_rights,original,s5_cot,0.26565301418304443,0.8448896
126,left,0.09304159879684448,gun_control_and_gun_rights,original,s5_cot,0.15382343530654907,0.85939395
127,left,0.1890748143196106,gun_control_and_gun_rights,original,s5_cot,0.4193950891494751,0.8258771
128,right,0.3048301339149475,gun_control_and_gun_rights,original,s5_cot,0.38034701347351074,0.84798187
129,center,0.4585070013999939,gun_control_and_gun_rights,original,s5_cot,0.2681084871292114,0.8450532
130,right,0.348629355430603,gun_control_and_gun_rights,original,s5_cot,0.27523690462112427,0.82974076
131,left,0.09023255109786987,gun_control_and_gun_rights,original,s5_cot,0.08974093198776245,0.8639485
132,center,0.14767640829086304,gun_control_and_gun_rights,original,s5_cot,0.12408751249313354,0.8548523
133,right,0.05119401216506958,gun_control_and_gun_rights,original,s5_cot,0.10024756193161011,0.8541776
134,right,0.1118922233581543,gun_control_and_gun_rights,original,s5_cot,0.43170952796936035,0.8569229
135,center,0.11278694868087769,gun_control_and_gun_rights,original,s5_cot,0.37181657552719116,0.8479167
136,right,0.08853906393051147,gun_control_and_gun_rights,original,s5_cot,0.194308340549469,0.8456476
137,left,0.15165871381759644,gun_control_and_gun_rights,original,s5_cot,0.05529940128326416,0.81562394
138,left,0.10468292236328125,gun_control_and_gun_rights,original,s5_cot,0.3017875552177429,0.8497308
139,left,0.06611073017120361,gun_control_and_gun_rights,original,s5_cot,0.11771374940872192,0.861056
140,left,0.14053469896316528,gun_control_and_gun_rights,original,s5_cot,0.2996010184288025,0.8346264
141,right,0.19345659017562866,gun_control_and_gun_rights,original,s5_cot,0.17487454414367676,0.85351974
142,center,0.0534818172454834,gun_control_and_gun_rights,original,s5_cot,0.2436068058013916,0.86174655
143,right,0.0731622576713562,gun_control_and_gun_rights,original,s5_cot,0.10586816072463989,0.8655304
144,center,0.36331093311309814,gun_control_and_gun_rights,original,s5_cot,0.328655481338501,0.82244563
145,left,0.12821567058563232,gun_control_and_gun_rights,original,s5_cot,0.3768817186355591,0.84185624
146,right,0.0774068832397461,gun_control_and_gun_rights,original,s5_cot,0.11326295137405396,0.8415711
147,left,0.06692075729370117,gun_control_and_gun_rights,original,s5_cot,0.0633135437965393,0.87957954
148,center,0.11825835704803467,gun_control_and_gun_rights,original,s5_cot,0.12923568487167358,0.85793436
149,center,0.39968204498291016,gun_control_and_gun_rights,original,s5_cot,0.42155683040618896,0.84183943
0,center,0.08873480558395386,gun_control_and_gun_rights,original,s6,0.2136717438697815,0.81277543
1,right,0.18257790803909302,gun_control_and_gun_rights,original,s6,0.35539036989212036,0.8347103
2,right,0.14455139636993408,gun_control_and_gun_rights,original,s6,0.28531068563461304,0.8200301
3,center,0.21199893951416016,gun_control_and_gun_rights,original,s6,0.16276401281356812,0.8149144
4,left,0.23398834466934204,gun_control_and_gun_rights,original,s6,0.30985701084136963,0.8311157
5,right,0.19979333877563477,gun_control_and_gun_rights,original,s6,0.30816471576690674,0.8399078
6,right,0.14244502782821655,gun_control_and_gun_rights,original,s6,0.4386894106864929,0.827254
7,right,0.09617936611175537,gun_control_and_gun_rights,original,s6,0.16912704706192017,0.8095987
8,left,0.16283845901489258,gun_control_and_gun_rights,original,s6,0.48778676986694336,0.80704427
9,center,0.06467646360397339,gun_control_and_gun_rights,original,s6,0.2198670506477356,0.831829
10,left,0.11042439937591553,gun_control_and_gun_rights,original,s6,0.286776602268219,0.81999236
11,right,0.1722734570503235,gun_control_and_gun_rights,original,s6,0.135933518409729,0.8136503
12,left,0.2128657102584839,gun_control_and_gun_rights,original,s6,0.38459545373916626,0.814106
13,left,0.12560153007507324,gun_control_and_gun_rights,original,s6,0.34570372104644775,0.8261764
14,left,0.21258985996246338,gun_control_and_gun_rights,original,s6,0.15112435817718506,0.82302505
15,right,0.17414599657058716,gun_control_and_gun_rights,original,s6,0.26603084802627563,0.845547
16,right,0.04122394323348999,gun_control_and_gun_rights,original,s6,0.4443899989128113,0.8052944
17,right,0.37709951400756836,gun_control_and_gun_rights,original,s6,0.1652928590774536,0.83672607
18,left,0.06394654512405396,gun_control_and_gun_rights,original,s6,0.10820633172988892,0.8429839
19,center,0.058257102966308594,gun_control_and_gun_rights,original,s6,0.36097949743270874,0.81484723
20,left,0.09348684549331665,gun_control_and_gun_rights,original,s6,0.39502453804016113,0.8390265
21,right,0.3438757061958313,gun_control_and_gun_rights,original,s6,0.2093408703804016,0.8216103
22,right,0.04599946737289429,gun_control_and_gun_rights,original,s6,0.3631379008293152,0.8062842
23,center,0.10894644260406494,gun_control_and_gun_rights,original,s6,0.27456164360046387,0.8146813
24,center,0.09808409214019775,gun_control_and_gun_rights,original,s6,0.3931817412376404,0.82230103
25,center,0.06897705793380737,gun_control_and_gun_rights,original,s6,0.26006758213043213,0.821166
26,right,0.06607019901275635,gun_control_and_gun_rights,original,s6,0.19495779275894165,0.80603397
27,left,0.23981034755706787,gun_control_and_gun_rights,original,s6,0.34892070293426514,0.8271812
28,center,0.4824294447898865,gun_control_and_gun_rights,original,s6,0.2938265800476074,0.82474244
29,right,0.06993579864501953,gun_control_and_gun_rights,original,s6,0.3932839632034302,0.82026845
30,center,0.18909484148025513,gun_control_and_gun_rights,original,s6,0.19435453414916992,0.8413822
31,right,0.1443021297454834,gun_control_and_gun_rights,original,s6,0.304923415184021,0.82939345
32,left,0.23863816261291504,gun_control_and_gun_rights,original,s6,0.2763206958770752,0.8024995
33,right,0.4136809706687927,gun_control_and_gun_rights,original,s6,0.4893326759338379,0.8277029
34,right,0.131902277469635,gun_control_and_gun_rights,original,s6,0.27063649892807007,0.8151728
35,center,0.0950096845626831,gun_control_and_gun_rights,original,s6,0.2945109009742737,0.81796724
36,center,0.12669718265533447,gun_control_and_gun_rights,original,s6,0.18725496530532837,0.8247857
37,right,0.10839402675628662,gun_control_and_gun_rights,original,s6,0.29107242822647095,0.8281349
38,center,0.06266862154006958,gun_control_and_gun_rights,original,s6,0.15805041790008545,0.81277984
39,right,0.21192950010299683,gun_control_and_gun_rights,original,s6,0.08844900131225586,0.81802726
40,left,0.11778831481933594,gun_control_and_gun_rights,original,s6,0.18554681539535522,0.8111233
41,center,0.10742199420928955,gun_control_and_gun_rights,original,s6,0.1769837737083435,0.8226099
42,left,0.19598567485809326,gun_control_and_gun_rights,original,s6,0.0703001618385315,0.8277249
43,left,0.07365506887435913,gun_control_and_gun_rights,original,s6,0.2670172452926636,0.8362274
44,center,0.12881183624267578,gun_control_and_gun_rights,original,s6,0.24430501461029053,0.8252559
45,left,0.08011609315872192,gun_control_and_gun_rights,original,s6,0.40373343229293823,0.8234985
46,center,0.10061067342758179,gun_control_and_gun_rights,original,s6,0.19672292470932007,0.8059689
47,right,0.13702189922332764,gun_control_and_gun_rights,original,s6,0.37723755836486816,0.8167551
48,center,0.07112795114517212,gun_control_and_gun_rights,original,s6,0.18266350030899048,0.8425815
49,left,0.07745027542114258,gun_control_and_gun_rights,original,s6,0.34527677297592163,0.827887
50,center,0.3009212613105774,gun_control_and_gun_rights,original,s6,0.26878124475479126,0.81886053
51,center,0.05717271566390991,gun_control_and_gun_rights,original,s6,0.3178648352622986,0.8126048
52,right,0.2696009874343872,gun_control_and_gun_rights,original,s6,0.1688578724861145,0.8258694
53,left,0.24924331903457642,gun_control_and_gun_rights,original,s6,0.2567247748374939,0.8148804
54,left,0.14802873134613037,gun_control_and_gun_rights,original,s6,0.4602382183074951,0.8251425
55,left,0.08881568908691406,gun_control_and_gun_rights,original,s6,0.14285778999328613,0.807909
56,center,0.06614464521408081,gun_control_and_gun_rights,original,s6,0.24132657051086426,0.81820697
57,right,0.08447867631912231,gun_control_and_gun_rights,original,s6,0.3262302875518799,0.85120493
58,left,0.09482020139694214,gun_control_and_gun_rights,original,s6,0.14730465412139893,0.81535554
59,left,0.32817137241363525,gun_control_and_gun_rights,original,s6,0.4075770974159241,0.8284483
60,left,0.19639617204666138,gun_control_and_gun_rights,original,s6,0.4951913356781006,0.831238
61,left,0.28993672132492065,gun_control_and_gun_rights,original,s6,0.0949786901473999,0.81712836
62,center,0.11677128076553345,gun_control_and_gun_rights,original,s6,0.4181324243545532,0.83016706
63,right,0.21469008922576904,gun_control_and_gun_rights,original,s6,0.26275378465652466,0.8424975
64,center,0.4423251152038574,gun_control_and_gun_rights,original,s6,0.4841553568840027,0.8335084
65,center,0.2500123381614685,gun_control_and_gun_rights,original,s6,0.4699273705482483,0.83741266
66,right,0.2608066201210022,gun_control_and_gun_rights,original,s6,0.4055955410003662,0.83064413
67,right,0.052792251110076904,gun_control_and_gun_rights,original,s6,0.32836562395095825,0.8324501
68,left,0.10638564825057983,gun_control_and_gun_rights,original,s6,0.43576252460479736,0.8360173
69,right,0.10034763813018799,gun_control_and_gun_rights,original,s6,0.4849650263786316,0.816078
70,right,0.05574697256088257,gun_control_and_gun_rights,original,s6,0.4817318916320801,0.8274885
71,right,0.06234663724899292,gun_control_and_gun_rights,original,s6,0.21562963724136353,0.8367339
72,center,0.10619115829467773,gun_control_and_gun_rights,original,s6,0.18116146326065063,0.82307655
73,center,0.11440259218215942,gun_control_and_gun_rights,original,s6,0.20031499862670898,0.8195734
74,left,0.4378690719604492,gun_control_and_gun_rights,original,s6,0.1769762635231018,0.8160422
75,center,0.42356693744659424,gun_control_and_gun_rights,original,s6,0.3857845067977905,0.8349416
76,right,0.22645729780197144,gun_control_and_gun_rights,original,s6,0.17828786373138428,0.8295348
77,left,0.18109756708145142,gun_control_and_gun_rights,original,s6,0.3299386501312256,0.8113265
78,left,0.1651451587677002,gun_control_and_gun_rights,original,s6,0.16851192712783813,0.82327163
79,center,0.3419814109802246,gun_control_and_gun_rights,original,s6,0.18246573209762573,0.8164307
80,left,0.08442741632461548,gun_control_and_gun_rights,original,s6,0.12613916397094727,0.80074006
81,left,0.4865918755531311,gun_control_and_gun_rights,original,s6,0.4577697515487671,0.8013383
82,left,0.30408698320388794,gun_control_and_gun_rights,original,s6,0.24048137664794922,0.8340475
83,left,0.09226381778717041,gun_control_and_gun_rights,original,s6,0.2113044261932373,0.82526976
84,center,0.08597570657730103,gun_control_and_gun_rights,original,s6,0.25693339109420776,0.8063758
85,center,0.10421633720397949,gun_control_and_gun_rights,original,s6,0.27539557218551636,0.81002337
86,right,0.13687938451766968,gun_control_and_gun_rights,original,s6,0.1842045783996582,0.8263874
87,center,0.05360913276672363,gun_control_and_gun_rights,original,s6,0.45927971601486206,0.8085678
88,center,0.0645182728767395,gun_control_and_gun_rights,original,s6,0.24404066801071167,0.79419327
89,left,0.15890389680862427,gun_control_and_gun_rights,original,s6,0.279416561126709,0.82808614
90,center,0.09540742635726929,gun_control_and_gun_rights,original,s6,0.24793434143066406,0.8135066
91,right,0.1548781394958496,gun_control_and_gun_rights,original,s6,0.39440637826919556,0.82990384
92,center,0.1281769871711731,gun_control_and_gun_rights,original,s6,0.19636070728302002,0.8215071
93,center,0.15615850687026978,gun_control_and_gun_rights,original,s6,0.24119222164154053,0.82595426
94,center,0.18910515308380127,gun_control_and_gun_rights,original,s6,0.3519045114517212,0.82957643
95,left,0.07650554180145264,gun_control_and_gun_rights,original,s6,0.1532914638519287,0.8173134
96,center,0.07052260637283325,gun_control_and_gun_rights,original,s6,0.3720235824584961,0.8247648
97,left,0.4788748025894165,gun_control_and_gun_rights,original,s6,0.13449829816818237,0.82030493
98,left,0.12825822830200195,gun_control_and_gun_rights,original,s6,0.2782437205314636,0.82387596
99,right,0.09604424238204956,gun_control_and_gun_rights,original,s6,0.27339500188827515,0.81398135
100,left,0.4635038375854492,gun_control_and_gun_rights,original,s6,0.2713930010795593,0.829676
101,center,0.0788111686706543,gun_control_and_gun_rights,original,s6,0.448078989982605,0.83139133
102,right,0.14871615171432495,gun_control_and_gun_rights,original,s6,0.289317786693573,0.81928647
103,center,0.03903132677078247,gun_control_and_gun_rights,original,s6,0.2060387134552002,0.81289417
104,right,0.37020325660705566,gun_control_and_gun_rights,original,s6,0.4050671458244324,0.8304981
105,center,0.08378827571868896,gun_control_and_gun_rights,original,s6,0.42675644159317017,0.8097149
106,left,0.21757572889328003,gun_control_and_gun_rights,original,s6,0.201224684715271,0.84097505
107,center,0.06923717260360718,gun_control_and_gun_rights,original,s6,0.23140382766723633,0.8307158
108,right,0.29905468225479126,gun_control_and_gun_rights,original,s6,0.14512550830841064,0.82567996
109,right,0.038238704204559326,gun_control_and_gun_rights,original,s6,0.04089486598968506,0.80854696
110,center,0.08426189422607422,gun_control_and_gun_rights,original,s6,0.13667643070220947,0.8179359
111,right,0.17570990324020386,gun_control_and_gun_rights,original,s6,0.4046165347099304,0.8097276
112,right,0.3199283480644226,gun_control_and_gun_rights,original,s6,0.4000309109687805,0.8333446
113,left,0.4959556460380554,gun_control_and_gun_rights,original,s6,0.2614137530326843,0.8220064
114,left,0.16735225915908813,gun_control_and_gun_rights,original,s6,0.4344600439071655,0.82298374
115,right,0.18265974521636963,gun_control_and_gun_rights,original,s6,0.3812543749809265,0.8192167
116,right,0.051865577697753906,gun_control_and_gun_rights,original,s6,0.38671839237213135,0.8164842
117,center,0.08128386735916138,gun_control_and_gun_rights,original,s6,0.49049025774002075,0.82709783
118,left,0.10468953847885132,gun_control_and_gun_rights,original,s6,0.48332297801971436,0.82950324
119,left,0.16282576322555542,gun_control_and_gun_rights,original,s6,0.08227384090423584,0.8129407
120,center,0.2104940414428711,gun_control_and_gun_rights,original,s6,0.17021548748016357,0.8156728
121,right,0.08087790012359619,gun_control_and_gun_rights,original,s6,0.4442514181137085,0.82569486
122,right,0.12604856491088867,gun_control_and_gun_rights,original,s6,0.2798972725868225,0.83313644
123,left,0.05828142166137695,gun_control_and_gun_rights,original,s6,0.23605823516845703,0.82420063
124,right,0.1301519274711609,gun_control_and_gun_rights,original,s6,0.1241919994354248,0.81434494
125,center,0.08567261695861816,gun_control_and_gun_rights,original,s6,0.3308948874473572,0.82877475
126,left,0.09304159879684448,gun_control_and_gun_rights,original,s6,0.3797009587287903,0.84429854
127,left,0.1890748143196106,gun_control_and_gun_rights,original,s6,0.25974100828170776,0.8046139
128,right,0.3048301339149475,gun_control_and_gun_rights,original,s6,0.05891686677932739,0.82544464
129,center,0.4585070013999939,gun_control_and_gun_rights,original,s6,0.3564174771308899,0.82381624
130,right,0.348629355430603,gun_control_and_gun_rights,original,s6,0.23343217372894287,0.82354987
131,left,0.09023255109786987,gun_control_and_gun_rights,original,s6,0.2997089624404907,0.8368656
132,center,0.14767640829086304,gun_control_and_gun_rights,original,s6,0.24753248691558838,0.8244287
133,right,0.05119401216506958,gun_control_and_gun_rights,original,s6,0.3584904074668884,0.82423544
134,right,0.1118922233581543,gun_control_and_gun_rights,original,s6,0.10630929470062256,0.8293821
135,center,0.11278694868087769,gun_control_and_gun_rights,original,s6,0.1435210108757019,0.8146438
136,right,0.08853906393051147,gun_control_and_gun_rights,original,s6,0.23754489421844482,0.8133213
137,left,0.15165871381759644,gun_control_and_gun_rights,original,s6,0.22754043340682983,0.8133151
138,left,0.10468292236328125,gun_control_and_gun_rights,original,s6,0.19435220956802368,0.82665473
139,left,0.06611073017120361,gun_control_and_gun_rights,original,s6,0.18905949592590332,0.8331863
140,left,0.14053469896316528,gun_control_and_gun_rights,original,s6,0.43189549446105957,0.8331318
141,right,0.19345659017562866,gun_control_and_gun_rights,original,s6,0.39250630140304565,0.8314415
142,center,0.0534818172454834,gun_control_and_gun_rights,original,s6,0.41781753301620483,0.8409652
143,right,0.0731622576713562,gun_control_and_gun_rights,original,s6,0.4425930380821228,0.8274455
144,center,0.36331093311309814,gun_control_and_gun_rights,original,s6,0.1881728172302246,0.8086135
145,left,0.12821567058563232,gun_control_and_gun_rights,original,s6,0.3812767267227173,0.807094
146,right,0.0774068832397461,gun_control_and_gun_rights,original,s6,0.31080663204193115,0.816417
147,left,0.06692075729370117,gun_control_and_gun_rights,original,s6,0.4169236421585083,0.8187519
148,center,0.11825835704803467,gun_control_and_gun_rights,original,s6,0.3634130358695984,0.817014
149,center,0.39968204498291016,gun_control_and_gun_rights,original,s6,0.1134527325630188,0.8221523
0,center,0.047822773456573486,environment,revised,s1,0.059077441692352295,0.86990136
1,right,0.28468918800354004,environment,revised,s1,0.1716083288192749,0.85192704
2,right,0.12153714895248413,environment,revised,s1,0.11652439832687378,0.8640103
3,center,0.09657919406890869,environment,revised,s1,0.08259832859039307,0.86161935
4,left,0.24157869815826416,environment,revised,s1,0.1192396879196167,0.87158763
5,right,0.2881903648376465,environment,revised,s1,0.2418447732925415,0.8389194
6,right,0.22390615940093994,environment,revised,s1,0.1476534605026245,0.85565567
7,right,0.14021968841552734,environment,revised,s1,0.10762131214141846,0.8819255
8,left,0.431024968624115,environment,revised,s1,0.31528204679489136,0.8485546
9,center,0.09588378667831421,environment,revised,s1,0.08023834228515625,0.8590583
10,left,0.48350977897644043,environment,revised,s1,0.13228684663772583,0.8512588
11,right,0.4155300259590149,environment,revised,s1,0.08265107870101929,0.8526369
12,left,0.4778538942337036,environment,revised,s1,0.270229697227478,0.85029525
13,left,0.048880696296691895,environment,revised,s1,0.03535252809524536,0.84505147
14,left,0.11566615104675293,environment,revised,s1,0.05792361497879028,0.85073596
15,right,0.22035813331604004,environment,revised,s1,0.03655928373336792,0.86153233
16,right,0.07661491632461548,environment,revised,s1,0.05257391929626465,0.87335294
17,right,0.4294080138206482,environment,revised,s1,0.3983873128890991,0.8495665
18,left,0.2925231456756592,environment,revised,s1,0.10018008947372437,0.84862936
19,center,0.09907388687133789,environment,revised,s1,0.17375147342681885,0.849861
20,left,0.21762895584106445,environment,revised,s1,0.19299191236495972,0.8526577
21,right,0.42539530992507935,environment,revised,s1,0.32093125581741333,0.83485824
22,right,0.21311664581298828,environment,revised,s1,0.07310760021209717,0.859796
23,center,0.4684016704559326,environment,revised,s1,0.35423189401626587,0.84252
24,center,0.06323719024658203,environment,revised,s1,0.04054456949234009,0.8615457
25,center,0.07530057430267334,environment,revised,s1,0.03497445583343506,0.869316
26,right,0.06674128770828247,environment,revised,s1,0.03812205791473389,0.8728581
27,left,0.12125903367996216,environment,revised,s1,0.15254712104797363,0.8535904
28,center,0.12658995389938354,environment,revised,s1,0.04834020137786865,0.85623866
29,right,0.21217334270477295,environment,revised,s1,0.09351998567581177,0.86789966
30,center,0.09344357252120972,environment,revised,s1,0.11054456233978271,0.8737589
31,right,0.25095874071121216,environment,revised,s1,0.4464385509490967,0.82932955
32,left,0.4854732155799866,environment,revised,s1,0.11267614364624023,0.85675895
33,right,0.10741883516311646,environment,revised,s1,0.11832642555236816,0.86774945
34,right,0.28350013494491577,environment,revised,s1,0.12084490060806274,0.86484814
35,center,0.09471970796585083,environment,revised,s1,0.18256616592407227,0.8588286
36,center,0.08929020166397095,environment,revised,s1,0.07634437084197998,0.87136203
37,right,0.0910792350769043,environment,revised,s1,0.05696439743041992,0.8570838
38,center,0.11275899410247803,environment,revised,s1,0.04756653308868408,0.864743
39,right,0.27116531133651733,environment,revised,s1,0.3047577738761902,0.8581693
40,left,0.11064350605010986,environment,revised,s1,0.10273110866546631,0.86470085
41,center,0.14157378673553467,environment,revised,s1,0.11374324560165405,0.8482302
42,left,0.28487688302993774,environment,revised,s1,0.3546496629714966,0.8403251
43,left,0.21037185192108154,environment,revised,s1,0.06847161054611206,0.86630875
44,center,0.08513116836547852,environment,revised,s1,0.07178640365600586,0.87680954
45,left,0.10157662630081177,environment,revised,s1,0.15673357248306274,0.8562463
46,center,0.08134925365447998,environment,revised,s1,0.035794198513031006,0.8733984
47,right,0.1564176082611084,environment,revised,s1,0.08737492561340332,0.85911816
48,center,0.07049208879470825,environment,revised,s1,0.035358428955078125,0.85401964
49,left,0.4868057370185852,environment,revised,s1,0.17474663257598877,0.8591977
50,center,0.14791136980056763,environment,revised,s1,0.24392879009246826,0.8525782
51,center,0.0679938793182373,environment,revised,s1,0.04987502098083496,0.8776514
52,right,0.05799025297164917,environment,revised,s1,0.08623635768890381,0.8743698
53,left,0.4482550024986267,environment,revised,s1,0.3432847261428833,0.859061
54,left,0.29293370246887207,environment,revised,s1,0.31183314323425293,0.86795044
55,left,0.27623873949050903,environment,revised,s1,0.2531455159187317,0.8403969
56,center,0.06834763288497925,environment,revised,s1,0.08107256889343262,0.85182315
57,right,0.05026644468307495,environment,revised,s1,0.27519315481185913,0.83972746
58,left,0.1720486283302307,environment,revised,s1,0.4680010676383972,0.8488851
59,left,0.09614700078964233,environment,revised,s1,0.09866517782211304,0.8704727
60,left,0.4790192246437073,environment,revised,s1,0.24014407396316528,0.8399384
61,left,0.07716751098632812,environment,revised,s1,0.04414612054824829,0.8422709
62,center,0.13803410530090332,environment,revised,s1,0.07233947515487671,0.84603274
63,right,0.15297824144363403,environment,revised,s1,0.2063310742378235,0.8577772
64,center,0.09674245119094849,environment,revised,s1,0.061608850955963135,0.8586641
65,center,0.2787010669708252,environment,revised,s1,0.22783297300338745,0.83094674
66,right,0.1974480152130127,environment,revised,s1,0.34981775283813477,0.84475803
67,right,0.41383928060531616,environment,revised,s1,0.28396058082580566,0.8376256
68,left,0.23372358083724976,environment,revised,s1,0.11474210023880005,0.86442524
69,right,0.29166704416275024,environment,revised,s1,0.05746358633041382,0.8742888
70,right,0.4489086866378784,environment,revised,s1,0.47784942388534546,0.87216914
71,right,0.25588494539260864,environment,revised,s1,0.3890814781188965,0.8433611
72,center,0.16692161560058594,environment,revised,s1,0.23895639181137085,0.8671303
73,center,0.06059473752975464,environment,revised,s1,0.11760324239730835,0.86561906
74,left,0.1745833158493042,environment,revised,s1,0.2570139169692993,0.8414962
75,center,0.10813397169113159,environment,revised,s1,0.13644319772720337,0.8444363
76,right,0.12250649929046631,environment,revised,s1,0.14881998300552368,0.8460101
77,left,0.26165032386779785,environment,revised,s1,0.07051628828048706,0.84129614
78,left,0.37883710861206055,environment,revised,s1,0.1376631259918213,0.86375195
79,center,0.113741934299469,environment,revised,s1,0.09813374280929565,0.86461586
80,left,0.080574631690979,environment,revised,s1,0.052577435970306396,0.8410252
81,left,0.06796610355377197,environment,revised,s1,0.038434386253356934,0.86199886
82,left,0.09719544649124146,environment,revised,s1,0.25887638330459595,0.84048223
83,left,0.49587488174438477,environment,revised,s1,0.2911074757575989,0.85108376
84,center,0.26740962266921997,environment,revised,s1,0.19502216577529907,0.83294344
85,center,0.20108604431152344,environment,revised,s1,0.16009539365768433,0.8519282
86,right,0.3021204471588135,environment,revised,s1,0.3935844302177429,0.85518116
87,center,0.10048353672027588,environment,revised,s1,0.0944141149520874,0.8653372
88,center,0.05324745178222656,environment,revised,s1,0.04065340757369995,0.8542769
89,left,0.07211947441101074,environment,revised,s1,0.17414355278015137,0.86456555
90,center,0.10402911901473999,environment,revised,s1,0.055403947830200195,0.84680384
91,right,0.4284014105796814,environment,revised,s1,0.13371175527572632,0.8263878
92,center,0.14118337631225586,environment,revised,s1,0.14596253633499146,0.84990454
93,center,0.3763214945793152,environment,revised,s1,0.2789307236671448,0.83334
94,center,0.06782430410385132,environment,revised,s1,0.04681354761123657,0.8665097
95,left,0.33765727281570435,environment,revised,s1,0.3976035714149475,0.8452947
96,center,0.2813325524330139,environment,revised,s1,0.14721858501434326,0.8541103
97,left,0.13862085342407227,environment,revised,s1,0.052621662616729736,0.8472077
98,left,0.12550902366638184,environment,revised,s1,0.4418415427207947,0.8600775
99,right,0.11097270250320435,environment,revised,s1,0.11049187183380127,0.86229295
100,left,0.3126957416534424,environment,revised,s1,0.039364397525787354,0.85352314
101,center,0.09370046854019165,environment,revised,s1,0.13165265321731567,0.86008567
102,right,0.2376551628112793,environment,revised,s1,0.18286556005477905,0.84829456
103,center,0.07509011030197144,environment,revised,s1,0.03587460517883301,0.8454546
104,right,0.1786378026008606,environment,revised,s1,0.2689133882522583,0.84673846
105,center,0.2303047776222229,environment,revised,s1,0.17823654413223267,0.8327301
106,left,0.22955161333084106,environment,revised,s1,0.2809635400772095,0.84346884
107,center,0.07481318712234497,environment,revised,s1,0.0549616813659668,0.8658687
108,right,0.24490642547607422,environment,revised,s1,0.07402068376541138,0.86317843
109,right,0.28635430335998535,environment,revised,s1,0.214005708694458,0.85055774
110,center,0.1269516944885254,environment,revised,s1,0.09298479557037354,0.8576445
111,right,0.16560876369476318,environment,revised,s1,0.12475711107254028,0.86947817
112,right,0.3364863395690918,environment,revised,s1,0.19211721420288086,0.8423737
113,left,0.08330202102661133,environment,revised,s1,0.060253798961639404,0.8609234
114,left,0.0950392484664917,environment,revised,s1,0.06956309080123901,0.86036766
115,right,0.13426953554153442,environment,revised,s1,0.28608494997024536,0.8611564
116,right,0.4989401698112488,environment,revised,s1,0.043083250522613525,0.85882664
117,center,0.1409408450126648,environment,revised,s1,0.11535793542861938,0.85146344
118,left,0.1594948172569275,environment,revised,s1,0.1217048168182373,0.84808296
119,left,0.302085280418396,environment,revised,s1,0.16818171739578247,0.8676745
120,center,0.09165579080581665,environment,revised,s1,0.06259214878082275,0.8606019
121,right,0.11864179372787476,environment,revised,s1,0.220891535282135,0.8634709
122,right,0.17138683795928955,environment,revised,s1,0.25467485189437866,0.83249414
123,left,0.1838669776916504,environment,revised,s1,0.16783487796783447,0.85383105
124,right,0.22821545600891113,environment,revised,s1,0.11784553527832031,0.85177606
125,center,0.06225848197937012,environment,revised,s1,0.05515563488006592,0.87291217
126,left,0.09563565254211426,environment,revised,s1,0.04600322246551514,0.8719411
127,left,0.11699920892715454,environment,revised,s1,0.22594475746154785,0.8716574
128,right,0.1340917944908142,environment,revised,s1,0.07812356948852539,0.87461
129,center,0.05235260725021362,environment,revised,s1,0.036654531955718994,0.84037393
130,right,0.2131866216659546,environment,revised,s1,0.15640360116958618,0.8594407
131,left,0.13482969999313354,environment,revised,s1,0.04685342311859131,0.85719043
132,center,0.10969829559326172,environment,revised,s1,0.04613804817199707,0.85554606
133,right,0.270244836807251,environment,revised,s1,0.14354681968688965,0.8446961
134,right,0.22631299495697021,environment,revised,s1,0.115695059299469,0.8736307
135,center,0.20298415422439575,environment,revised,s1,0.04841768741607666,0.87326455
136,right,0.20214396715164185,environment,revised,s1,0.2605862617492676,0.8569092
137,left,0.07323312759399414,environment,revised,s1,0.299593448638916,0.8630223
138,left,0.11892586946487427,environment,revised,s1,0.03795146942138672,0.85611254
139,left,0.06116175651550293,environment,revised,s1,0.03531503677368164,0.88480467
140,left,0.10346513986587524,environment,revised,s1,0.04296422004699707,0.86611676
141,right,0.2263779640197754,environment,revised,s1,0.21559375524520874,0.8808847
142,center,0.13302546739578247,environment,revised,s1,0.038994789123535156,0.8511998
143,right,0.04420047998428345,environment,revised,s1,0.21573585271835327,0.828139
144,center,0.04858583211898804,environment,revised,s1,0.035798728466033936,0.87568
145,left,0.09737163782119751,environment,revised,s1,0.035852134227752686,0.84149754
146,right,0.04960352182388306,environment,revised,s1,0.06839460134506226,0.857526
147,left,0.06383466720581055,environment,revised,s1,0.17002546787261963,0.86189973
148,center,0.4886779189109802,environment,revised,s1,0.4307597279548645,0.86259186
149,center,0.14171379804611206,environment,revised,s1,0.16366535425186157,0.8463905
0,center,0.047822773456573486,environment,revised,s2_r,0.052439749240875244,0.86868215
1,right,0.28468918800354004,environment,revised,s2_r,0.285785973072052,0.8497431
2,right,0.12153714895248413,environment,revised,s2_r,0.05475592613220215,0.86968184
3,center,0.09657919406890869,environment,revised,s2_r,0.09693747758865356,0.86062884
4,left,0.24157869815826416,environment,revised,s2_r,0.08710646629333496,0.85938036
5,right,0.2881903648376465,environment,revised,s2_r,0.26906412839889526,0.83825684
6,right,0.22390615940093994,environment,revised,s2_r,0.16142898797988892,0.8500781
7,right,0.14021968841552734,environment,revised,s2_r,0.08672469854354858,0.86940867
8,left,0.431024968624115,environment,revised,s2_r,0.28321295976638794,0.85951906
9,center,0.09588378667831421,environment,revised,s2_r,0.0424114465713501,0.85949516
10,left,0.48350977897644043,environment,revised,s2_r,0.29510509967803955,0.8441995
11,right,0.4155300259590149,environment,revised,s2_r,0.4832756519317627,0.83330494
12,left,0.4778538942337036,environment,revised,s2_r,0.18709230422973633,0.8531615
13,left,0.048880696296691895,environment,revised,s2_r,0.033521831035614014,0.84558547
14,left,0.11566615104675293,environment,revised,s2_r,0.10325348377227783,0.85332084
15,right,0.22035813331604004,environment,revised,s2_r,0.23881012201309204,0.87574357
16,right,0.07661491632461548,environment,revised,s2_r,0.04228842258453369,0.8721341
17,right,0.4294080138206482,environment,revised,s2_r,0.22047334909439087,0.83967453
18,left,0.2925231456756592,environment,revised,s2_r,0.1521734595298767,0.8499991
19,center,0.09907388687133789,environment,revised,s2_r,0.19722718000411987,0.8505022
20,left,0.21762895584106445,environment,revised,s2_r,0.16036361455917358,0.8337166
21,right,0.42539530992507935,environment,revised,s2_r,0.3379029631614685,0.84723735
22,right,0.21311664581298828,environment,revised,s2_r,0.23824924230575562,0.8451211
23,center,0.4684016704559326,environment,revised,s2_r,0.49619460105895996,0.8330549
24,center,0.06323719024658203,environment,revised,s2_r,0.1000063419342041,0.86504376
25,center,0.07530057430267334,environment,revised,s2_r,0.05430912971496582,0.87009406
26,right,0.06674128770828247,environment,revised,s2_r,0.16614103317260742,0.8703119
27,left,0.12125903367996216,environment,revised,s2_r,0.4758836030960083,0.8390705
28,center,0.12658995389938354,environment,revised,s2_r,0.24326616525650024,0.8444629
29,right,0.21217334270477295,environment,revised,s2_r,0.4784802198410034,0.8576471
30,center,0.09344357252120972,environment,revised,s2_r,0.09195131063461304,0.8644962
31,right,0.25095874071121216,environment,revised,s2_r,0.39506763219833374,0.83809686
32,left,0.4854732155799866,environment,revised,s2_r,0.2305489182472229,0.84658843
33,right,0.10741883516311646,environment,revised,s2_r,0.13411831855773926,0.85952234
34,right,0.28350013494491577,environment,revised,s2_r,0.10925567150115967,0.8746249
35,center,0.09471970796585083,environment,revised,s2_r,0.24905931949615479,0.86378807
36,center,0.08929020166397095,environment,revised,s2_r,0.08382260799407959,0.87457776
37,right,0.0910792350769043,environment,revised,s2_r,0.08882468938827515,0.8601583
38,center,0.11275899410247803,environment,revised,s2_r,0.040391385555267334,0.86493665
39,right,0.27116531133651733,environment,revised,s2_r,0.40317094326019287,0.85933846
40,left,0.11064350605010986,environment,revised,s2_r,0.09081321954727173,0.8618852
41,center,0.14157378673553467,environment,revised,s2_r,0.26458942890167236,0.85366076
42,left,0.28487688302993774,environment,revised,s2_r,0.31141698360443115,0.8346279
43,left,0.21037185192108154,environment,revised,s2_r,0.10795676708221436,0.86049724
44,center,0.08513116836547852,environment,revised,s2_r,0.09352767467498779,0.8798464
45,left,0.10157662630081177,environment,revised,s2_r,0.27848750352859497,0.8512187
46,center,0.08134925365447998,environment,revised,s2_r,0.08064651489257812,0.8669404
47,right,0.1564176082611084,environment,revised,s2_r,0.3867419958114624,0.84682804
48,center,0.07049208879470825,environment,revised,s2_r,0.05707287788391113,0.8569594
49,left,0.4868057370185852,environment,revised,s2_r,0.22426295280456543,0.8597127
50,center,0.14791136980056763,environment,revised,s2_r,0.3920466899871826,0.84735096
51,center,0.0679938793182373,environment,revised,s2_r,0.03869599103927612,0.8684825
52,right,0.05799025297164917,environment,revised,s2_r,0.08329552412033081,0.8807381
53,left,0.4482550024986267,environment,revised,s2_r,0.3198038339614868,0.8417219
54,left,0.29293370246887207,environment,revised,s2_r,0.3035968542098999,0.85485035
55,left,0.27623873949050903,environment,revised,s2_r,0.4675101041793823,0.8294567
56,center,0.06834763288497925,environment,revised,s2_r,0.0642499327659607,0.85785633
57,right,0.05026644468307495,environment,revised,s2_r,0.26464253664016724,0.8302496
58,left,0.1720486283302307,environment,revised,s2_r,0.2723873257637024,0.8596126
59,left,0.09614700078964233,environment,revised,s2_r,0.10132443904876709,0.87942415
60,left,0.4790192246437073,environment,revised,s2_r,0.2124791145324707,0.8440072
61,left,0.07716751098632812,environment,revised,s2_r,0.051599323749542236,0.8273588
62,center,0.13803410530090332,environment,revised,s2_r,0.20391350984573364,0.84994656
63,right,0.15297824144363403,environment,revised,s2_r,0.39964789152145386,0.86542684
64,center,0.09674245119094849,environment,revised,s2_r,0.08914750814437866,0.85779846
65,center,0.2787010669708252,environment,revised,s2_r,0.19912058115005493,0.83303934
66,right,0.1974480152130127,environment,revised,s2_r,0.39605212211608887,0.8490959
67,right,0.41383928060531616,environment,revised,s2_r,0.2516939640045166,0.83535063
68,left,0.23372358083724976,environment,revised,s2_r,0.17324316501617432,0.8515189
69,right,0.29166704416275024,environment,revised,s2_r,0.07988172769546509,0.87344044
70,right,0.4489086866378784,environment,revised,s2_r,0.3415927290916443,0.8675432
71,right,0.25588494539260864,environment,revised,s2_r,0.2954217195510864,0.8377751
72,center,0.16692161560058594,environment,revised,s2_r,0.1638588309288025,0.85700685
73,center,0.06059473752975464,environment,revised,s2_r,0.0448451042175293,0.8716111
74,left,0.1745833158493042,environment,revised,s2_r,0.24232524633407593,0.8401226
75,center,0.10813397169113159,environment,revised,s2_r,0.06737327575683594,0.86565435
76,right,0.12250649929046631,environment,revised,s2_r,0.32932406663894653,0.8457642
77,left,0.26165032386779785,environment,revised,s2_r,0.12654584646224976,0.85269433
78,left,0.37883710861206055,environment,revised,s2_r,0.1259499192237854,0.86711395
79,center,0.113741934299469,environment,revised,s2_r,0.09460949897766113,0.87303674
80,left,0.080574631690979,environment,revised,s2_r,0.13649237155914307,0.828492
81,left,0.06796610355377197,environment,revised,s2_r,0.051541149616241455,0.86733496
82,left,0.09719544649124146,environment,revised,s2_r,0.3632955551147461,0.8467124
83,left,0.49587488174438477,environment,revised,s2_r,0.3535727262496948,0.83576703
84,center,0.26740962266921997,environment,revised,s2_r,0.21460658311843872,0.82734
85,center,0.20108604431152344,environment,revised,s2_r,0.1639651656150818,0.85258377
86,right,0.3021204471588135,environment,revised,s2_r,0.3108503222465515,0.8630836
87,center,0.10048353672027588,environment,revised,s2_r,0.07446056604385376,0.8626794
88,center,0.05324745178222656,environment,revised,s2_r,0.037135303020477295,0.861917
89,left,0.07211947441101074,environment,revised,s2_r,0.18888616561889648,0.86991215
90,center,0.10402911901473999,environment,revised,s2_r,0.1001008152961731,0.8475549
91,right,0.4284014105796814,environment,revised,s2_r,0.2089892029762268,0.8327393
92,center,0.14118337631225586,environment,revised,s2_r,0.11959081888198853,0.85257304
93,center,0.3763214945793152,environment,revised,s2_r,0.3939075469970703,0.8375309
94,center,0.06782430410385132,environment,revised,s2_r,0.03794407844543457,0.87706715
95,left,0.33765727281570435,environment,revised,s2_r,0.2670055627822876,0.83118165
96,center,0.2813325524330139,environment,revised,s2_r,0.11342012882232666,0.85538304
97,left,0.13862085342407227,environment,revised,s2_r,0.1539096236228943,0.84430104
98,left,0.12550902366638184,environment,revised,s2_r,0.053614795207977295,0.8626645
99,right,0.11097270250320435,environment,revised,s2_r,0.19820261001586914,0.86737716
100,left,0.3126957416534424,environment,revised,s2_r,0.05507737398147583,0.84997445
101,center,0.09370046854019165,environment,revised,s2_r,0.06716960668563843,0.8568268
102,right,0.2376551628112793,environment,revised,s2_r,0.28064680099487305,0.84531975
103,center,0.07509011030197144,environment,revised,s2_r,0.2077399492263794,0.8648592
104,right,0.1786378026008606,environment,revised,s2_r,0.30559831857681274,0.8459556
105,center,0.2303047776222229,environment,revised,s2_r,0.22686117887496948,0.82949567
106,left,0.22955161333084106,environment,revised,s2_r,0.2963241934776306,0.8430034
107,center,0.07481318712234497,environment,revised,s2_r,0.035011887550354004,0.8659456
108,right,0.24490642547607422,environment,revised,s2_r,0.09322768449783325,0.8641648
109,right,0.28635430335998535,environment,revised,s2_r,0.3006787896156311,0.84907573
110,center,0.1269516944885254,environment,revised,s2_r,0.03340858221054077,0.84795415
111,right,0.16560876369476318,environment,revised,s2_r,0.2945094704627991,0.8713415
112,right,0.3364863395690918,environment,revised,s2_r,0.21303927898406982,0.84309715
113,left,0.08330202102661133,environment,revised,s2_r,0.06089341640472412,0.8614217
114,left,0.0950392484664917,environment,revised,s2_r,0.06315821409225464,0.86533785
115,right,0.13426953554153442,environment,revised,s2_r,0.23510074615478516,0.865909
116,right,0.4989401698112488,environment,revised,s2_r,0.3042865991592407,0.8442435
117,center,0.1409408450126648,environment,revised,s2_r,0.12388062477111816,0.8591601
118,left,0.1594948172569275,environment,revised,s2_r,0.09265047311782837,0.8414912
119,left,0.302085280418396,environment,revised,s2_r,0.2322859764099121,0.86595994
120,center,0.09165579080581665,environment,revised,s2_r,0.1058160662651062,0.86710304
121,right,0.11864179372787476,environment,revised,s2_r,0.13741058111190796,0.8673446
122,right,0.17138683795928955,environment,revised,s2_r,0.24652409553527832,0.8390926
123,left,0.1838669776916504,environment,revised,s2_r,0.16602253913879395,0.8483015
124,right,0.22821545600891113,environment,revised,s2_r,0.28915584087371826,0.8502288
125,center,0.06225848197937012,environment,revised,s2_r,0.05655330419540405,0.87205327
126,left,0.09563565254211426,environment,revised,s2_r,0.14443695545196533,0.85913986
127,left,0.11699920892715454,environment,revised,s2_r,0.2928875684738159,0.8552622
128,right,0.1340917944908142,environment,revised,s2_r,0.08223098516464233,0.8774109
129,center,0.05235260725021362,environment,revised,s2_r,0.04441124200820923,0.8523779
130,right,0.2131866216659546,environment,revised,s2_r,0.12786972522735596,0.85656226
131,left,0.13482969999313354,environment,revised,s2_r,0.0727800726890564,0.8576188
132,center,0.10969829559326172,environment,revised,s2_r,0.087921142578125,0.84901667
133,right,0.270244836807251,environment,revised,s2_r,0.4104769825935364,0.8332555
134,right,0.22631299495697021,environment,revised,s2_r,0.22440975904464722,0.87995887
135,center,0.20298415422439575,environment,revised,s2_r,0.09927940368652344,0.86586577
136,right,0.20214396715164185,environment,revised,s2_r,0.24081408977508545,0.8560831
137,left,0.07323312759399414,environment,revised,s2_r,0.2412104606628418,0.85992724
138,left,0.11892586946487427,environment,revised,s2_r,0.03389382362365723,0.8574103
139,left,0.06116175651550293,environment,revised,s2_r,0.03887772560119629,0.8856693
140,left,0.10346513986587524,environment,revised,s2_r,0.05657339096069336,0.8753793
141,right,0.2263779640197754,environment,revised,s2_r,0.43250715732574463,0.8807007
142,center,0.13302546739578247,environment,revised,s2_r,0.13895362615585327,0.85157603
143,right,0.04420047998428345,environment,revised,s2_r,0.3117544651031494,0.82378954
144,center,0.04858583211898804,environment,revised,s2_r,0.04693710803985596,0.8734754
145,left,0.09737163782119751,environment,revised,s2_r,0.05152851343154907,0.8628997
146,right,0.04960352182388306,environment,revised,s2_r,0.06274986267089844,0.86357236
147,left,0.06383466720581055,environment,revised,s2_r,0.22855710983276367,0.87014604
148,center,0.4886779189109802,environment,revised,s2_r,0.3283865451812744,0.86162907
149,center,0.14171379804611206,environment,revised,s2_r,0.15440332889556885,0.85909796
0,center,0.047822773456573486,environment,revised,s3a_r,0.047271788120269775,0.8736003
1,right,0.28468918800354004,environment,revised,s3a_r,0.18486231565475464,0.83917874
2,right,0.12153714895248413,environment,revised,s3a_r,0.05317801237106323,0.8522676
3,center,0.09657919406890869,environment,revised,s3a_r,0.09409666061401367,0.8544797
4,left,0.24157869815826416,environment,revised,s3a_r,0.157384991645813,0.8470673
5,right,0.2881903648376465,environment,revised,s3a_r,0.4274539351463318,0.8297886
6,right,0.22390615940093994,environment,revised,s3a_r,0.21158701181411743,0.8376237
7,right,0.14021968841552734,environment,revised,s3a_r,0.06376016139984131,0.85822076
8,left,0.431024968624115,environment,revised,s3a_r,0.36509668827056885,0.8318563
9,center,0.09588378667831421,environment,revised,s3a_r,0.05343419313430786,0.84349066
10,left,0.48350977897644043,environment,revised,s3a_r,0.41620612144470215,0.82048523
11,right,0.4155300259590149,environment,revised,s3a_r,0.38888758420944214,0.816485
12,left,0.4778538942337036,environment,revised,s3a_r,0.4769477844238281,0.84220743
13,left,0.048880696296691895,environment,revised,s3a_r,0.034535109996795654,0.8468796
14,left,0.11566615104675293,environment,revised,s3a_r,0.2832934260368347,0.8467224
15,right,0.22035813331604004,environment,revised,s3a_r,0.14123982191085815,0.86355746
16,right,0.07661491632461548,environment,revised,s3a_r,0.048702895641326904,0.8684104
17,right,0.4294080138206482,environment,revised,s3a_r,0.1698659062385559,0.8455299
18,left,0.2925231456756592,environment,revised,s3a_r,0.12998420000076294,0.8488801
19,center,0.09907388687133789,environment,revised,s3a_r,0.16589128971099854,0.8476403
20,left,0.21762895584106445,environment,revised,s3a_r,0.28429192304611206,0.83236647
21,right,0.42539530992507935,environment,revised,s3a_r,0.060164690017700195,0.8263131
22,right,0.21311664581298828,environment,revised,s3a_r,0.24669313430786133,0.8433948
23,center,0.4684016704559326,environment,revised,s3a_r,0.2618514895439148,0.8371868
24,center,0.06323719024658203,environment,revised,s3a_r,0.0386846661567688,0.8601719
25,center,0.07530057430267334,environment,revised,s3a_r,0.06154435873031616,0.8716982
26,right,0.06674128770828247,environment,revised,s3a_r,0.16097122430801392,0.85053945
27,left,0.12125903367996216,environment,revised,s3a_r,0.38301950693130493,0.8452943
28,center,0.12658995389938354,environment,revised,s3a_r,0.17045360803604126,0.85152006
29,right,0.21217334270477295,environment,revised,s3a_r,0.14957177639007568,0.8598922
30,center,0.09344357252120972,environment,revised,s3a_r,0.04663783311843872,0.86608696
31,right,0.25095874071121216,environment,revised,s3a_r,0.2965244650840759,0.8420052
32,left,0.4854732155799866,environment,revised,s3a_r,0.3938875198364258,0.8327584
33,right,0.10741883516311646,environment,revised,s3a_r,0.09953063726425171,0.8561044
34,right,0.28350013494491577,environment,revised,s3a_r,0.2366369366645813,0.8567792
35,center,0.09471970796585083,environment,revised,s3a_r,0.2800712585449219,0.8519633
36,center,0.08929020166397095,environment,revised,s3a_r,0.09836000204086304,0.85998917
37,right,0.0910792350769043,environment,revised,s3a_r,0.06296658515930176,0.8495992
38,center,0.11275899410247803,environment,revised,s3a_r,0.19787287712097168,0.8586314
39,right,0.27116531133651733,environment,revised,s3a_r,0.358894407749176,0.8516816
40,left,0.11064350605010986,environment,revised,s3a_r,0.05475497245788574,0.85090137
41,center,0.14157378673553467,environment,revised,s3a_r,0.2731943130493164,0.8330551
42,left,0.28487688302993774,environment,revised,s3a_r,0.3133595585823059,0.8251119
43,left,0.21037185192108154,environment,revised,s3a_r,0.09542256593704224,0.8470184
44,center,0.08513116836547852,environment,revised,s3a_r,0.0657033920288086,0.87794214
45,left,0.10157662630081177,environment,revised,s3a_r,0.18767350912094116,0.84334594
46,center,0.08134925365447998,environment,revised,s3a_r,0.045325517654418945,0.8663953
47,right,0.1564176082611084,environment,revised,s3a_r,0.1343519687652588,0.85287493
48,center,0.07049208879470825,environment,revised,s3a_r,0.04447007179260254,0.8559362
49,left,0.4868057370185852,environment,revised,s3a_r,0.2088022232055664,0.8474939
50,center,0.14791136980056763,environment,revised,s3a_r,0.23132222890853882,0.850915
51,center,0.0679938793182373,environment,revised,s3a_r,0.07274520397186279,0.85966444
52,right,0.05799025297164917,environment,revised,s3a_r,0.07409268617630005,0.865352
53,left,0.4482550024986267,environment,revised,s3a_r,0.4176374077796936,0.84870714
54,left,0.29293370246887207,environment,revised,s3a_r,0.29660820960998535,0.85493195
55,left,0.27623873949050903,environment,revised,s3a_r,0.2054322361946106,0.8294884
56,center,0.06834763288497925,environment,revised,s3a_r,0.13471966981887817,0.8395748
57,right,0.05026644468307495,environment,revised,s3a_r,0.10021936893463135,0.8291687
58,left,0.1720486283302307,environment,revised,s3a_r,0.386785089969635,0.8390861
59,left,0.09614700078964233,environment,revised,s3a_r,0.06670671701431274,0.8566635
60,left,0.4790192246437073,environment,revised,s3a_r,0.336334228515625,0.84208995
61,left,0.07716751098632812,environment,revised,s3a_r,0.06918513774871826,0.83797175
62,center,0.13803410530090332,environment,revised,s3a_r,0.07418417930603027,0.85019004
63,right,0.15297824144363403,environment,revised,s3a_r,0.17059308290481567,0.8512413
64,center,0.09674245119094849,environment,revised,s3a_r,0.07442045211791992,0.8545959
65,center,0.2787010669708252,environment,revised,s3a_r,0.18062299489974976,0.8267871
66,right,0.1974480152130127,environment,revised,s3a_r,0.2941950559616089,0.8390984
67,right,0.41383928060531616,environment,revised,s3a_r,0.139428973197937,0.823496
68,left,0.23372358083724976,environment,revised,s3a_r,0.12587106227874756,0.8476303
69,right,0.29166704416275024,environment,revised,s3a_r,0.07832121849060059,0.84659547
70,right,0.4489086866378784,environment,revised,s3a_r,0.11174041032791138,0.8436522
71,right,0.25588494539260864,environment,revised,s3a_r,0.31024086475372314,0.8430409
72,center,0.16692161560058594,environment,revised,s3a_r,0.23552322387695312,0.8443925
73,center,0.06059473752975464,environment,revised,s3a_r,0.042336106300354004,0.8625264
74,left,0.1745833158493042,environment,revised,s3a_r,0.32982581853866577,0.8163456
75,center,0.10813397169113159,environment,revised,s3a_r,0.08053088188171387,0.84204
76,right,0.12250649929046631,environment,revised,s3a_r,0.276511549949646,0.82124144
77,left,0.26165032386779785,environment,revised,s3a_r,0.07060980796813965,0.8404285
78,left,0.37883710861206055,environment,revised,s3a_r,0.12911802530288696,0.8527841
79,center,0.113741934299469,environment,revised,s3a_r,0.15571296215057373,0.86315674
80,left,0.080574631690979,environment,revised,s3a_r,0.110725998878479,0.8252999
81,left,0.06796610355377197,environment,revised,s3a_r,0.042248308658599854,0.8602398
82,left,0.09719544649124146,environment,revised,s3a_r,0.2851058840751648,0.8446947
83,left,0.49587488174438477,environment,revised,s3a_r,0.30871957540512085,0.83082795
84,center,0.26740962266921997,environment,revised,s3a_r,0.41505658626556396,0.82479453
85,center,0.20108604431152344,environment,revised,s3a_r,0.11737334728240967,0.85392874
86,right,0.3021204471588135,environment,revised,s3a_r,0.44925010204315186,0.8508204
87,center,0.10048353672027588,environment,revised,s3a_r,0.07385635375976562,0.85856336
88,center,0.05324745178222656,environment,revised,s3a_r,0.04382580518722534,0.8405552
89,left,0.07211947441101074,environment,revised,s3a_r,0.07571053504943848,0.8565184
90,center,0.10402911901473999,environment,revised,s3a_r,0.06446200609207153,0.84284997
91,right,0.4284014105796814,environment,revised,s3a_r,0.34130698442459106,0.8208536
92,center,0.14118337631225586,environment,revised,s3a_r,0.16446977853775024,0.8473442
93,center,0.3763214945793152,environment,revised,s3a_r,0.16858863830566406,0.824992
94,center,0.06782430410385132,environment,revised,s3a_r,0.05263340473175049,0.86209434
95,left,0.33765727281570435,environment,revised,s3a_r,0.2866966128349304,0.81808656
96,center,0.2813325524330139,environment,revised,s3a_r,0.2661377191543579,0.82911396
97,left,0.13862085342407227,environment,revised,s3a_r,0.16641199588775635,0.83865786
98,left,0.12550902366638184,environment,revised,s3a_r,0.30046963691711426,0.8356512
99,right,0.11097270250320435,environment,revised,s3a_r,0.10009926557540894,0.8538493
100,left,0.3126957416534424,environment,revised,s3a_r,0.19564783573150635,0.83708453
101,center,0.09370046854019165,environment,revised,s3a_r,0.04021930694580078,0.85435545
102,right,0.2376551628112793,environment,revised,s3a_r,0.4059830904006958,0.84851176
103,center,0.07509011030197144,environment,revised,s3a_r,0.421281635761261,0.84759545
104,right,0.1786378026008606,environment,revised,s3a_r,0.302215576171875,0.8417479
105,center,0.2303047776222229,environment,revised,s3a_r,0.3677193522453308,0.82821125
106,left,0.22955161333084106,environment,revised,s3a_r,0.18906950950622559,0.8369688
107,center,0.07481318712234497,environment,revised,s3a_r,0.057274699211120605,0.85661334
108,right,0.24490642547607422,environment,revised,s3a_r,0.08819013833999634,0.85797167
109,right,0.28635430335998535,environment,revised,s3a_r,0.35580986738204956,0.841865
110,center,0.1269516944885254,environment,revised,s3a_r,0.07512152194976807,0.8500414
111,right,0.16560876369476318,environment,revised,s3a_r,0.2574312090873718,0.86266565
112,right,0.3364863395690918,environment,revised,s3a_r,0.2643917202949524,0.8419834
113,left,0.08330202102661133,environment,revised,s3a_r,0.0450250506401062,0.8572343
114,left,0.0950392484664917,environment,revised,s3a_r,0.04267197847366333,0.85341233
115,right,0.13426953554153442,environment,revised,s3a_r,0.3737919330596924,0.8618104
116,right,0.4989401698112488,environment,revised,s3a_r,0.3045472502708435,0.83586025
117,center,0.1409408450126648,environment,revised,s3a_r,0.13902556896209717,0.8414177
118,left,0.1594948172569275,environment,revised,s3a_r,0.036473989486694336,0.8368746
119,left,0.302085280418396,environment,revised,s3a_r,0.16582036018371582,0.85235006
120,center,0.09165579080581665,environment,revised,s3a_r,0.08869057893753052,0.86137563
121,right,0.11864179372787476,environment,revised,s3a_r,0.0944145917892456,0.8612601
122,right,0.17138683795928955,environment,revised,s3a_r,0.21756774187088013,0.82930386
123,left,0.1838669776916504,environment,revised,s3a_r,0.10701531171798706,0.8458469
124,right,0.22821545600891113,environment,revised,s3a_r,0.40408408641815186,0.83595127
125,center,0.06225848197937012,environment,revised,s3a_r,0.15185701847076416,0.8779887
126,left,0.09563565254211426,environment,revised,s3a_r,0.10704630613327026,0.8645399
127,left,0.11699920892715454,environment,revised,s3a_r,0.1794571876525879,0.8421842
128,right,0.1340917944908142,environment,revised,s3a_r,0.06333750486373901,0.87447083
129,center,0.05235260725021362,environment,revised,s3a_r,0.03517204523086548,0.8425085
130,right,0.2131866216659546,environment,revised,s3a_r,0.2445356249809265,0.84853786
131,left,0.13482969999313354,environment,revised,s3a_r,0.053803086280822754,0.8513183
132,center,0.10969829559326172,environment,revised,s3a_r,0.10509508848190308,0.8389869
133,right,0.270244836807251,environment,revised,s3a_r,0.10007977485656738,0.8294995
134,right,0.22631299495697021,environment,revised,s3a_r,0.15744298696517944,0.8775295
135,center,0.20298415422439575,environment,revised,s3a_r,0.0735161304473877,0.8416902
136,right,0.20214396715164185,environment,revised,s3a_r,0.18401360511779785,0.8439186
137,left,0.07323312759399414,environment,revised,s3a_r,0.37436002492904663,0.86493254
138,left,0.11892586946487427,environment,revised,s3a_r,0.05140805244445801,0.85900575
139,left,0.06116175651550293,environment,revised,s3a_r,0.05414247512817383,0.8777189
140,left,0.10346513986587524,environment,revised,s3a_r,0.17179441452026367,0.86825424
141,right,0.2263779640197754,environment,revised,s3a_r,0.3230364918708801,0.85941297
142,center,0.13302546739578247,environment,revised,s3a_r,0.16201215982437134,0.8489232
143,right,0.04420047998428345,environment,revised,s3a_r,0.23940569162368774,0.82645917
144,center,0.04858583211898804,environment,revised,s3a_r,0.059358417987823486,0.86035365
145,left,0.09737163782119751,environment,revised,s3a_r,0.04185086488723755,0.843727
146,right,0.04960352182388306,environment,revised,s3a_r,0.035262346267700195,0.8584464
147,left,0.06383466720581055,environment,revised,s3a_r,0.17080652713775635,0.86175483
148,center,0.4886779189109802,environment,revised,s3a_r,0.49085408449172974,0.8559391
149,center,0.14171379804611206,environment,revised,s3a_r,0.07529252767562866,0.846905
0,center,0.047822773456573486,environment,revised,s3b_r,0.4397463798522949,0.8050866
1,right,0.28468918800354004,environment,revised,s3b_r,0.06295996904373169,0.7989179
2,right,0.12153714895248413,environment,revised,s3b_r,0.4632105231285095,0.81191665
3,center,0.09657919406890869,environment,revised,s3b_r,0.2175285816192627,0.819055
4,left,0.24157869815826416,environment,revised,s3b_r,0.12011104822158813,0.81409645
5,right,0.2881903648376465,environment,revised,s3b_r,0.12184852361679077,0.8080491
6,right,0.22390615940093994,environment,revised,s3b_r,0.34117305278778076,0.8172339
7,right,0.14021968841552734,environment,revised,s3b_r,0.19879305362701416,0.8327162
8,left,0.431024968624115,environment,revised,s3b_r,0.1673809289932251,0.8158624
9,center,0.09588378667831421,environment,revised,s3b_r,0.22948777675628662,0.8162044
10,left,0.48350977897644043,environment,revised,s3b_r,0.16580641269683838,0.83422905
11,right,0.4155300259590149,environment,revised,s3b_r,0.2925844192504883,0.8128064
12,left,0.4778538942337036,environment,revised,s3b_r,0.4116407632827759,0.7973006
13,left,0.048880696296691895,environment,revised,s3b_r,0.47807615995407104,0.77909094
14,left,0.11566615104675293,environment,revised,s3b_r,0.44237256050109863,0.82653874
15,right,0.22035813331604004,environment,revised,s3b_r,0.11568599939346313,0.81999934
16,right,0.07661491632461548,environment,revised,s3b_r,0.3446677327156067,0.81394434
17,right,0.4294080138206482,environment,revised,s3b_r,0.07336920499801636,0.8117602
18,left,0.2925231456756592,environment,revised,s3b_r,0.12283122539520264,0.8056302
19,center,0.09907388687133789,environment,revised,s3b_r,0.22002756595611572,0.82094526
20,left,0.21762895584106445,environment,revised,s3b_r,0.11045348644256592,0.8209179
21,right,0.42539530992507935,environment,revised,s3b_r,0.11115527153015137,0.80528605
22,right,0.21311664581298828,environment,revised,s3b_r,0.2537134885787964,0.828629
23,center,0.4684016704559326,environment,revised,s3b_r,0.14539915323257446,0.8187235
24,center,0.06323719024658203,environment,revised,s3b_r,0.4282839894294739,0.81741804
25,center,0.07530057430267334,environment,revised,s3b_r,0.3123024106025696,0.8240114
26,right,0.06674128770828247,environment,revised,s3b_r,0.3325929045677185,0.8192585
27,left,0.12125903367996216,environment,revised,s3b_r,0.07254087924957275,0.82814693
28,center,0.12658995389938354,environment,revised,s3b_r,0.2538244128227234,0.8089389
29,right,0.21217334270477295,environment,revised,s3b_r,0.1170957088470459,0.8380754
30,center,0.09344357252120972,environment,revised,s3b_r,0.4116407632827759,0.7978548
31,right,0.25095874071121216,environment,revised,s3b_r,0.4059174656867981,0.81108874
32,left,0.4854732155799866,environment,revised,s3b_r,0.1503010392189026,0.80737513
33,right,0.10741883516311646,environment,revised,s3b_r,0.32084935903549194,0.816536
34,right,0.28350013494491577,environment,revised,s3b_r,0.11166119575500488,0.8252761
35,center,0.09471970796585083,environment,revised,s3b_r,0.3913918137550354,0.82068473
36,center,0.08929020166397095,environment,revised,s3b_r,0.32282525300979614,0.8163139
37,right,0.0910792350769043,environment,revised,s3b_r,0.39694637060165405,0.8133708
38,center,0.11275899410247803,environment,revised,s3b_r,0.35916250944137573,0.8108555
39,right,0.27116531133651733,environment,revised,s3b_r,0.3652607202529907,0.83407235
40,left,0.11064350605010986,environment,revised,s3b_r,0.32483386993408203,0.8217796
41,center,0.14157378673553467,environment,revised,s3b_r,0.13389116525650024,0.82621306
42,left,0.28487688302993774,environment,revised,s3b_r,0.30711960792541504,0.8050601
43,left,0.21037185192108154,environment,revised,s3b_r,0.21528345346450806,0.80442727
44,center,0.08513116836547852,environment,revised,s3b_r,0.2605716586112976,0.84499395
45,left,0.10157662630081177,environment,revised,s3b_r,0.07119327783584595,0.8222509
46,center,0.08134925365447998,environment,revised,s3b_r,0.21328526735305786,0.8181446
47,right,0.1564176082611084,environment,revised,s3b_r,0.40109676122665405,0.830277
48,center,0.07049208879470825,environment,revised,s3b_r,0.1810327172279358,0.80670154
49,left,0.4868057370185852,environment,revised,s3b_r,0.14574307203292847,0.82049745
50,center,0.14791136980056763,environment,revised,s3b_r,0.17761826515197754,0.82316387
51,center,0.0679938793182373,environment,revised,s3b_r,0.18694883584976196,0.83474797
52,right,0.05799025297164917,environment,revised,s3b_r,0.42270970344543457,0.8401135
53,left,0.4482550024986267,environment,revised,s3b_r,0.23298048973083496,0.8263222
54,left,0.29293370246887207,environment,revised,s3b_r,0.14416247606277466,0.8354752
55,left,0.27623873949050903,environment,revised,s3b_r,0.38495510816574097,0.8096057
56,center,0.06834763288497925,environment,revised,s3b_r,0.38923966884613037,0.81482023
57,right,0.05026644468307495,environment,revised,s3b_r,0.4116407632827759,0.7969553
58,left,0.1720486283302307,environment,revised,s3b_r,0.16441476345062256,0.8268773
59,left,0.09614700078964233,environment,revised,s3b_r,0.3858686685562134,0.8234828
60,left,0.4790192246437073,environment,revised,s3b_r,0.2678348422050476,0.82090974
61,left,0.07716751098632812,environment,revised,s3b_r,0.24678045511245728,0.7891019
62,center,0.13803410530090332,environment,revised,s3b_r,0.3068755865097046,0.8103884
63,right,0.15297824144363403,environment,revised,s3b_r,0.04995149374008179,0.8177873
64,center,0.09674245119094849,environment,revised,s3b_r,0.37415868043899536,0.8018752
65,center,0.2787010669708252,environment,revised,s3b_r,0.47432082891464233,0.79268336
66,right,0.1974480152130127,environment,revised,s3b_r,0.17960941791534424,0.810436
67,right,0.41383928060531616,environment,revised,s3b_r,0.06589430570602417,0.8154678
68,left,0.23372358083724976,environment,revised,s3b_r,0.13921481370925903,0.8152413
69,right,0.29166704416275024,environment,revised,s3b_r,0.2319062352180481,0.815284
70,right,0.4489086866378784,environment,revised,s3b_r,0.15539556741714478,0.85341024
71,right,0.25588494539260864,environment,revised,s3b_r,0.19688278436660767,0.8198666
72,center,0.16692161560058594,environment,revised,s3b_r,0.2515384554862976,0.8220487
73,center,0.06059473752975464,environment,revised,s3b_r,0.49394500255584717,0.80968356
74,left,0.1745833158493042,environment,revised,s3b_r,0.35448241233825684,0.80441844
75,center,0.10813397169113159,environment,revised,s3b_r,0.4241441488265991,0.7995285
76,right,0.12250649929046631,environment,revised,s3b_r,0.12323087453842163,0.8191192
77,left,0.26165032386779785,environment,revised,s3b_r,0.36522287130355835,0.80504256
78,left,0.37883710861206055,environment,revised,s3b_r,0.2408125400543213,0.801582
79,center,0.113741934299469,environment,revised,s3b_r,0.2520723342895508,0.82924235
80,left,0.080574631690979,environment,revised,s3b_r,0.23504263162612915,0.790897
81,left,0.06796610355377197,environment,revised,s3b_r,0.3102989196777344,0.7999932
82,left,0.09719544649124146,environment,revised,s3b_r,0.3951277732849121,0.8231904
83,left,0.49587488174438477,environment,revised,s3b_r,0.2306203842163086,0.81338257
84,center,0.26740962266921997,environment,revised,s3b_r,0.4939992427825928,0.8160813
85,center,0.20108604431152344,environment,revised,s3b_r,0.2975340485572815,0.833214
86,right,0.3021204471588135,environment,revised,s3b_r,0.06043660640716553,0.80731535
87,center,0.10048353672027588,environment,revised,s3b_r,0.4536893367767334,0.8175241
88,center,0.05324745178222656,environment,revised,s3b_r,0.3781055212020874,0.77933705
89,left,0.07211947441101074,environment,revised,s3b_r,0.4797590970993042,0.8191225
90,center,0.10402911901473999,environment,revised,s3b_r,0.3467668890953064,0.8055294
91,right,0.4284014105796814,environment,revised,s3b_r,0.3146114945411682,0.8230656
92,center,0.14118337631225586,environment,revised,s3b_r,0.44960737228393555,0.8201116
93,center,0.3763214945793152,environment,revised,s3b_r,0.23025661706924438,0.82947695
94,center,0.06782430410385132,environment,revised,s3b_r,0.2915421724319458,0.81950366
95,left,0.33765727281570435,environment,revised,s3b_r,0.13949966430664062,0.7994514
96,center,0.2813325524330139,environment,revised,s3b_r,0.3417224884033203,0.8217703
97,left,0.13862085342407227,environment,revised,s3b_r,0.4924779534339905,0.8114343
98,left,0.12550902366638184,environment,revised,s3b_r,0.13704055547714233,0.8239912
99,right,0.11097270250320435,environment,revised,s3b_r,0.4472500681877136,0.80563563
100,left,0.3126957416534424,environment,revised,s3b_r,0.3203260898590088,0.81336325
101,center,0.09370046854019165,environment,revised,s3b_r,0.32800018787384033,0.81183577
102,right,0.2376551628112793,environment,revised,s3b_r,0.4472500681877136,0.804452
103,center,0.07509011030197144,environment,revised,s3b_r,0.12045884132385254,0.83649725
104,right,0.1786378026008606,environment,revised,s3b_r,0.2663637399673462,0.831816
105,center,0.2303047776222229,environment,revised,s3b_r,0.1560078263282776,0.8058904
106,left,0.22955161333084106,environment,revised,s3b_r,0.2541588544845581,0.8265857
107,center,0.07481318712234497,environment,revised,s3b_r,0.07362586259841919,0.7935858
108,right,0.24490642547607422,environment,revised,s3b_r,0.24538928270339966,0.8144835
109,right,0.28635430335998535,environment,revised,s3b_r,0.15125161409378052,0.82812744
110,center,0.1269516944885254,environment,revised,s3b_r,0.2820467948913574,0.804253
111,right,0.16560876369476318,environment,revised,s3b_r,0.09549891948699951,0.8186959
112,right,0.3364863395690918,environment,revised,s3b_r,0.19690072536468506,0.8307876
113,left,0.08330202102661133,environment,revised,s3b_r,0.24305486679077148,0.8354884
114,left,0.0950392484664917,environment,revised,s3b_r,0.15422654151916504,0.8104269
115,right,0.13426953554153442,environment,revised,s3b_r,0.4496958255767822,0.8265375
116,right,0.4989401698112488,environment,revised,s3b_r,0.10879838466644287,0.82283646
117,center,0.1409408450126648,environment,revised,s3b_r,0.33330923318862915,0.8015007
118,left,0.1594948172569275,environment,revised,s3b_r,0.12048566341400146,0.82085305
119,left,0.302085280418396,environment,revised,s3b_r,0.2593717575073242,0.8189649
120,center,0.09165579080581665,environment,revised,s3b_r,0.20847821235656738,0.8244133
121,right,0.11864179372787476,environment,revised,s3b_r,0.2109203338623047,0.810035
122,right,0.17138683795928955,environment,revised,s3b_r,0.13755226135253906,0.82714176
123,left,0.1838669776916504,environment,revised,s3b_r,0.3168109059333801,0.8035087
124,right,0.22821545600891113,environment,revised,s3b_r,0.13650202751159668,0.83021456
125,center,0.06225848197937012,environment,revised,s3b_r,0.18305188417434692,0.8125751
126,left,0.09563565254211426,environment,revised,s3b_r,0.4069201946258545,0.8170069
127,left,0.11699920892715454,environment,revised,s3b_r,0.25201529264450073,0.8164291
128,right,0.1340917944908142,environment,revised,s3b_r,0.17094600200653076,0.8275571
129,center,0.05235260725021362,environment,revised,s3b_r,0.16452044248580933,0.82532394
130,right,0.2131866216659546,environment,revised,s3b_r,0.22226697206497192,0.8171779
131,left,0.13482969999313354,environment,revised,s3b_r,0.3730827569961548,0.8269025
132,center,0.10969829559326172,environment,revised,s3b_r,0.3288186192512512,0.8250374
133,right,0.270244836807251,environment,revised,s3b_r,0.21313583850860596,0.8272973
134,right,0.22631299495697021,environment,revised,s3b_r,0.3242993950843811,0.84633
135,center,0.20298415422439575,environment,revised,s3b_r,0.332492470741272,0.82974076
136,right,0.20214396715164185,environment,revised,s3b_r,0.36750882863998413,0.8248779
137,left,0.07323312759399414,environment,revised,s3b_r,0.08596545457839966,0.82247007
138,left,0.11892586946487427,environment,revised,s3b_r,0.43875759840011597,0.8124334
139,left,0.06116175651550293,environment,revised,s3b_r,0.46826088428497314,0.82163596
140,left,0.10346513986587524,environment,revised,s3b_r,0.3531370162963867,0.82599187
141,right,0.2263779640197754,environment,revised,s3b_r,0.18435686826705933,0.8140796
142,center,0.13302546739578247,environment,revised,s3b_r,0.2709338665008545,0.82729316
143,right,0.04420047998428345,environment,revised,s3b_r,0.03251945972442627,0.82373965
144,center,0.04858583211898804,environment,revised,s3b_r,0.2721405625343323,0.8195531
145,left,0.09737163782119751,environment,revised,s3b_r,0.2968828082084656,0.82281226
146,right,0.04960352182388306,environment,revised,s3b_r,0.30251914262771606,0.79250467
147,left,0.06383466720581055,environment,revised,s3b_r,0.34062349796295166,0.83043504
148,center,0.4886779189109802,environment,revised,s3b_r,0.31100577116012573,0.83693564
149,center,0.14171379804611206,environment,revised,s3b_r,0.4635019898414612,0.7996745
0,center,0.047822773456573486,environment,revised,s3c_r,0.09203594923019409,0.851329
1,right,0.28468918800354004,environment,revised,s3c_r,0.1720559000968933,0.8343331
2,right,0.12153714895248413,environment,revised,s3c_r,0.13360875844955444,0.8516495
3,center,0.09657919406890869,environment,revised,s3c_r,0.24789023399353027,0.8509636
4,left,0.24157869815826416,environment,revised,s3c_r,0.09235644340515137,0.8670856
5,right,0.2881903648376465,environment,revised,s3c_r,0.4223787784576416,0.8315309
6,right,0.22390615940093994,environment,revised,s3c_r,0.3023860454559326,0.82256204
7,right,0.14021968841552734,environment,revised,s3c_r,0.21671438217163086,0.8242121
8,left,0.431024968624115,environment,revised,s3c_r,0.26148635149002075,0.83511615
9,center,0.09588378667831421,environment,revised,s3c_r,0.08927518129348755,0.849147
10,left,0.48350977897644043,environment,revised,s3c_r,0.3753952383995056,0.83052814
11,right,0.4155300259590149,environment,revised,s3c_r,0.2858389616012573,0.8346225
12,left,0.4778538942337036,environment,revised,s3c_r,0.4702138304710388,0.85481584
13,left,0.048880696296691895,environment,revised,s3c_r,0.03813958168029785,0.83762515
14,left,0.11566615104675293,environment,revised,s3c_r,0.2675820589065552,0.83780974
15,right,0.22035813331604004,environment,revised,s3c_r,0.3255617022514343,0.8518044
16,right,0.07661491632461548,environment,revised,s3c_r,0.09248143434524536,0.8573806
17,right,0.4294080138206482,environment,revised,s3c_r,0.31929343938827515,0.8296583
18,left,0.2925231456756592,environment,revised,s3c_r,0.3111557364463806,0.841187
19,center,0.09907388687133789,environment,revised,s3c_r,0.2640145421028137,0.8443075
20,left,0.21762895584106445,environment,revised,s3c_r,0.15299946069717407,0.837533
21,right,0.42539530992507935,environment,revised,s3c_r,0.1504659652709961,0.8438779
22,right,0.21311664581298828,environment,revised,s3c_r,0.4223359227180481,0.8398078
23,center,0.4684016704559326,environment,revised,s3c_r,0.4992738962173462,0.84063965
24,center,0.06323719024658203,environment,revised,s3c_r,0.18104219436645508,0.8335394
25,center,0.07530057430267334,environment,revised,s3c_r,0.11135292053222656,0.87380916
26,right,0.06674128770828247,environment,revised,s3c_r,0.07639795541763306,0.8569469
27,left,0.12125903367996216,environment,revised,s3c_r,0.4473346471786499,0.8455764
28,center,0.12658995389938354,environment,revised,s3c_r,0.4251769781112671,0.8405593
29,right,0.21217334270477295,environment,revised,s3c_r,0.2055891752243042,0.8529366
30,center,0.09344357252120972,environment,revised,s3c_r,0.0971078872680664,0.86771035
31,right,0.25095874071121216,environment,revised,s3c_r,0.4056147336959839,0.8354713
32,left,0.4854732155799866,environment,revised,s3c_r,0.49217313528060913,0.8351951
33,right,0.10741883516311646,environment,revised,s3c_r,0.14413189888000488,0.86197853
34,right,0.28350013494491577,environment,revised,s3c_r,0.12152183055877686,0.8498003
35,center,0.09471970796585083,environment,revised,s3c_r,0.24012935161590576,0.8471818
36,center,0.08929020166397095,environment,revised,s3c_r,0.1984233856201172,0.8549296
37,right,0.0910792350769043,environment,revised,s3c_r,0.0371699333190918,0.8411249
38,center,0.11275899410247803,environment,revised,s3c_r,0.3202616572380066,0.85774225
39,right,0.27116531133651733,environment,revised,s3c_r,0.45376354455947876,0.8315636
40,left,0.11064350605010986,environment,revised,s3c_r,0.09733206033706665,0.8329846
41,center,0.14157378673553467,environment,revised,s3c_r,0.2954750657081604,0.83945876
42,left,0.28487688302993774,environment,revised,s3c_r,0.4472145438194275,0.8240906
43,left,0.21037185192108154,environment,revised,s3c_r,0.13732188940048218,0.8501051
44,center,0.08513116836547852,environment,revised,s3c_r,0.099947988986969,0.85723674
45,left,0.10157662630081177,environment,revised,s3c_r,0.16832184791564941,0.84375024
46,center,0.08134925365447998,environment,revised,s3c_r,0.11583393812179565,0.869808
47,right,0.1564176082611084,environment,revised,s3c_r,0.1974429488182068,0.84284693
48,center,0.07049208879470825,environment,revised,s3c_r,0.050756752490997314,0.85036856
49,left,0.4868057370185852,environment,revised,s3c_r,0.4351823329925537,0.84212494
50,center,0.14791136980056763,environment,revised,s3c_r,0.3995017409324646,0.8453735
51,center,0.0679938793182373,environment,revised,s3c_r,0.06125354766845703,0.8697718
52,right,0.05799025297164917,environment,revised,s3c_r,0.05060267448425293,0.88032836
53,left,0.4482550024986267,environment,revised,s3c_r,0.4250662326812744,0.849902
54,left,0.29293370246887207,environment,revised,s3c_r,0.3449673652648926,0.8492988
55,left,0.27623873949050903,environment,revised,s3c_r,0.46152210235595703,0.8252453
56,center,0.06834763288497925,environment,revised,s3c_r,0.18898546695709229,0.8236358
57,right,0.05026644468307495,environment,revised,s3c_r,0.14558476209640503,0.83699656
58,left,0.1720486283302307,environment,revised,s3c_r,0.2999226450920105,0.8491447
59,left,0.09614700078964233,environment,revised,s3c_r,0.41822195053100586,0.83500475
60,left,0.4790192246437073,environment,revised,s3c_r,0.29469913244247437,0.8351002
61,left,0.07716751098632812,environment,revised,s3c_r,0.12009537220001221,0.81751335
62,center,0.13803410530090332,environment,revised,s3c_r,0.15391069650650024,0.84012675
63,right,0.15297824144363403,environment,revised,s3c_r,0.05388057231903076,0.8582191
64,center,0.09674245119094849,environment,revised,s3c_r,0.1085779070854187,0.8536096
65,center,0.2787010669708252,environment,revised,s3c_r,0.169425368309021,0.8314188
66,right,0.1974480152130127,environment,revised,s3c_r,0.4279018044471741,0.8337508
67,right,0.41383928060531616,environment,revised,s3c_r,0.2798447012901306,0.82720345
68,left,0.23372358083724976,environment,revised,s3c_r,0.20944583415985107,0.8411785
69,right,0.29166704416275024,environment,revised,s3c_r,0.4732905626296997,0.83723485
70,right,0.4489086866378784,environment,revised,s3c_r,0.30153220891952515,0.8534386
71,right,0.25588494539260864,environment,revised,s3c_r,0.2562364935874939,0.8325421
72,center,0.16692161560058594,environment,revised,s3c_r,0.2712481617927551,0.84631807
73,center,0.06059473752975464,environment,revised,s3c_r,0.05108606815338135,0.86765295
74,left,0.1745833158493042,environment,revised,s3c_r,0.40041136741638184,0.81250113
75,center,0.10813397169113159,environment,revised,s3c_r,0.09060615301132202,0.8279673
76,right,0.12250649929046631,environment,revised,s3c_r,0.3791085481643677,0.8348084
77,left,0.26165032386779785,environment,revised,s3c_r,0.24878013134002686,0.8186815
78,left,0.37883710861206055,environment,revised,s3c_r,0.4208526015281677,0.8322205
79,center,0.113741934299469,environment,revised,s3c_r,0.2920035719871521,0.8681873
80,left,0.080574631690979,environment,revised,s3c_r,0.11655724048614502,0.8236087
81,left,0.06796610355377197,environment,revised,s3c_r,0.04415559768676758,0.85729384
82,left,0.09719544649124146,environment,revised,s3c_r,0.15745210647583008,0.82826084
83,left,0.49587488174438477,environment,revised,s3c_r,0.2956525683403015,0.82712156
84,center,0.26740962266921997,environment,revised,s3c_r,0.2598128914833069,0.8189842
85,center,0.20108604431152344,environment,revised,s3c_r,0.13802337646484375,0.84961504
86,right,0.3021204471588135,environment,revised,s3c_r,0.2988840937614441,0.84545255
87,center,0.10048353672027588,environment,revised,s3c_r,0.0983576774597168,0.8583852
88,center,0.05324745178222656,environment,revised,s3c_r,0.24293732643127441,0.8107039
89,left,0.07211947441101074,environment,revised,s3c_r,0.061954498291015625,0.8632716
90,center,0.10402911901473999,environment,revised,s3c_r,0.10596156120300293,0.83391786
91,right,0.4284014105796814,environment,revised,s3c_r,0.3065859079360962,0.82905227
92,center,0.14118337631225586,environment,revised,s3c_r,0.20018821954727173,0.84360224
93,center,0.3763214945793152,environment,revised,s3c_r,0.42361128330230713,0.8346004
94,center,0.06782430410385132,environment,revised,s3c_r,0.16404050588607788,0.8572325
95,left,0.33765727281570435,environment,revised,s3c_r,0.38148510456085205,0.82053936
96,center,0.2813325524330139,environment,revised,s3c_r,0.22161352634429932,0.8275754
97,left,0.13862085342407227,environment,revised,s3c_r,0.15443778038024902,0.83708036
98,left,0.12550902366638184,environment,revised,s3c_r,0.25185340642929077,0.8432757
99,right,0.11097270250320435,environment,revised,s3c_r,0.369373083114624,0.8264361
100,left,0.3126957416534424,environment,revised,s3c_r,0.046348750591278076,0.850729
101,center,0.09370046854019165,environment,revised,s3c_r,0.033849120140075684,0.8595661
102,right,0.2376551628112793,environment,revised,s3c_r,0.48746436834335327,0.8351696
103,center,0.07509011030197144,environment,revised,s3c_r,0.13075357675552368,0.85310936
104,right,0.1786378026008606,environment,revised,s3c_r,0.4766632318496704,0.83869016
105,center,0.2303047776222229,environment,revised,s3c_r,0.2415739893913269,0.82040256
106,left,0.22955161333084106,environment,revised,s3c_r,0.27368372678756714,0.83315223
107,center,0.07481318712234497,environment,revised,s3c_r,0.21502506732940674,0.8308787
108,right,0.24490642547607422,environment,revised,s3c_r,0.22103667259216309,0.8310622
109,right,0.28635430335998535,environment,revised,s3c_r,0.3095695972442627,0.84692603
110,center,0.1269516944885254,environment,revised,s3c_r,0.1945698857307434,0.85663825
111,right,0.16560876369476318,environment,revised,s3c_r,0.3288857936859131,0.838171
112,right,0.3364863395690918,environment,revised,s3c_r,0.18396127223968506,0.84054375
113,left,0.08330202102661133,environment,revised,s3c_r,0.07371175289154053,0.8546222
114,left,0.0950392484664917,environment,revised,s3c_r,0.07471722364425659,0.8494987
115,right,0.13426953554153442,environment,revised,s3c_r,0.31499534845352173,0.8724382
116,right,0.4989401698112488,environment,revised,s3c_r,0.1546371579170227,0.83770776
117,center,0.1409408450126648,environment,revised,s3c_r,0.15750330686569214,0.8412338
118,left,0.1594948172569275,environment,revised,s3c_r,0.43697696924209595,0.83002627
119,left,0.302085280418396,environment,revised,s3c_r,0.24317502975463867,0.83446556
120,center,0.09165579080581665,environment,revised,s3c_r,0.1383432149887085,0.8532048
121,right,0.11864179372787476,environment,revised,s3c_r,0.3158513307571411,0.85045594
122,right,0.17138683795928955,environment,revised,s3c_r,0.32677197456359863,0.82884175
123,left,0.1838669776916504,environment,revised,s3c_r,0.3069644570350647,0.8427395
124,right,0.22821545600891113,environment,revised,s3c_r,0.3940895199775696,0.8426735
125,center,0.06225848197937012,environment,revised,s3c_r,0.11011725664138794,0.8683898
126,left,0.09563565254211426,environment,revised,s3c_r,0.1865217685699463,0.84122944
127,left,0.11699920892715454,environment,revised,s3c_r,0.25719302892684937,0.8369684
128,right,0.1340917944908142,environment,revised,s3c_r,0.08684152364730835,0.8782483
129,center,0.05235260725021362,environment,revised,s3c_r,0.24522840976715088,0.8142568
130,right,0.2131866216659546,environment,revised,s3c_r,0.30210626125335693,0.83863896
131,left,0.13482969999313354,environment,revised,s3c_r,0.10321277379989624,0.84488696
132,center,0.10969829559326172,environment,revised,s3c_r,0.07907873392105103,0.84777975
133,right,0.270244836807251,environment,revised,s3c_r,0.4407161474227905,0.8358318
134,right,0.22631299495697021,environment,revised,s3c_r,0.26427382230758667,0.87621003
135,center,0.20298415422439575,environment,revised,s3c_r,0.18565523624420166,0.83595544
136,right,0.20214396715164185,environment,revised,s3c_r,0.3525441288948059,0.84654665
137,left,0.07323312759399414,environment,revised,s3c_r,0.3568434715270996,0.83955765
138,left,0.11892586946487427,environment,revised,s3c_r,0.10605084896087646,0.8477715
139,left,0.06116175651550293,environment,revised,s3c_r,0.03977853059768677,0.87634814
140,left,0.10346513986587524,environment,revised,s3c_r,0.2919653058052063,0.85559505
141,right,0.2263779640197754,environment,revised,s3c_r,0.3184305429458618,0.8662461
142,center,0.13302546739578247,environment,revised,s3c_r,0.16636019945144653,0.8565258
143,right,0.04420047998428345,environment,revised,s3c_r,0.1686282753944397,0.83139783
144,center,0.04858583211898804,environment,revised,s3c_r,0.19085246324539185,0.85435194
145,left,0.09737163782119751,environment,revised,s3c_r,0.0778854489326477,0.8444931
146,right,0.04960352182388306,environment,revised,s3c_r,0.20499861240386963,0.82512695
147,left,0.06383466720581055,environment,revised,s3c_r,0.15680205821990967,0.86774915
148,center,0.4886779189109802,environment,revised,s3c_r,0.47171682119369507,0.8536819
149,center,0.14171379804611206,environment,revised,s3c_r,0.1937161087989807,0.83325016
0,center,0.047822773456573486,environment,revised,s4_r,0.04625964164733887,0.8629757
1,right,0.28468918800354004,environment,revised,s4_r,0.40177488327026367,0.8366694
2,right,0.12153714895248413,environment,revised,s4_r,0.10514587163925171,0.84597737
3,center,0.09657919406890869,environment,revised,s4_r,0.19700783491134644,0.84082484
4,left,0.24157869815826416,environment,revised,s4_r,0.382713258266449,0.84222656
5,right,0.2881903648376465,environment,revised,s4_r,0.34385108947753906,0.8288196
6,right,0.22390615940093994,environment,revised,s4_r,0.23857241868972778,0.8296008
7,right,0.14021968841552734,environment,revised,s4_r,0.05444973707199097,0.8629191
8,left,0.431024968624115,environment,revised,s4_r,0.2033480405807495,0.83086497
9,center,0.09588378667831421,environment,revised,s4_r,0.13565558195114136,0.83126295
10,left,0.48350977897644043,environment,revised,s4_r,0.36274397373199463,0.83316135
11,right,0.4155300259590149,environment,revised,s4_r,0.24112296104431152,0.82922226
12,left,0.4778538942337036,environment,revised,s4_r,0.27109432220458984,0.8486592
13,left,0.048880696296691895,environment,revised,s4_r,0.03377121686935425,0.84356976
14,left,0.11566615104675293,environment,revised,s4_r,0.34167635440826416,0.8322617
15,right,0.22035813331604004,environment,revised,s4_r,0.3619207739830017,0.8446396
16,right,0.07661491632461548,environment,revised,s4_r,0.06286251544952393,0.8772053
17,right,0.4294080138206482,environment,revised,s4_r,0.2856587767601013,0.8362775
18,left,0.2925231456756592,environment,revised,s4_r,0.3704632520675659,0.83637357
19,center,0.09907388687133789,environment,revised,s4_r,0.26159894466400146,0.8367358
20,left,0.21762895584106445,environment,revised,s4_r,0.20191311836242676,0.83492714
21,right,0.42539530992507935,environment,revised,s4_r,0.44313615560531616,0.84010965
22,right,0.21311664581298828,environment,revised,s4_r,0.2726562023162842,0.8377366
23,center,0.4684016704559326,environment,revised,s4_r,0.373077392578125,0.8333008
24,center,0.06323719024658203,environment,revised,s4_r,0.062048137187957764,0.8497888
25,center,0.07530057430267334,environment,revised,s4_r,0.34661275148391724,0.8631211
26,right,0.06674128770828247,environment,revised,s4_r,0.2797725796699524,0.84469575
27,left,0.12125903367996216,environment,revised,s4_r,0.2467755675315857,0.82993907
28,center,0.12658995389938354,environment,revised,s4_r,0.149344801902771,0.83283633
29,right,0.21217334270477295,environment,revised,s4_r,0.31951165199279785,0.85690033
30,center,0.09344357252120972,environment,revised,s4_r,0.14361000061035156,0.8463582
31,right,0.25095874071121216,environment,revised,s4_r,0.4537006616592407,0.8263204
32,left,0.4854732155799866,environment,revised,s4_r,0.28915321826934814,0.83247954
33,right,0.10741883516311646,environment,revised,s4_r,0.23016971349716187,0.8329349
34,right,0.28350013494491577,environment,revised,s4_r,0.4130915403366089,0.8491105
35,center,0.09471970796585083,environment,revised,s4_r,0.13414323329925537,0.84250224
36,center,0.08929020166397095,environment,revised,s4_r,0.19188392162322998,0.84247565
37,right,0.0910792350769043,environment,revised,s4_r,0.07261788845062256,0.8370943
38,center,0.11275899410247803,environment,revised,s4_r,0.44032663106918335,0.8325202
39,right,0.27116531133651733,environment,revised,s4_r,0.14284372329711914,0.8486159
40,left,0.11064350605010986,environment,revised,s4_r,0.44464486837387085,0.8374642
41,center,0.14157378673553467,environment,revised,s4_r,0.149278461933136,0.83138597
42,left,0.28487688302993774,environment,revised,s4_r,0.44561755657196045,0.82554126
43,left,0.21037185192108154,environment,revised,s4_r,0.24779123067855835,0.8430819
44,center,0.08513116836547852,environment,revised,s4_r,0.14246737957000732,0.85563564
45,left,0.10157662630081177,environment,revised,s4_r,0.3667563199996948,0.84779185
46,center,0.08134925365447998,environment,revised,s4_r,0.1537509560585022,0.8702838
47,right,0.1564176082611084,environment,revised,s4_r,0.377247154712677,0.8428958
48,center,0.07049208879470825,environment,revised,s4_r,0.13096904754638672,0.8300332
49,left,0.4868057370185852,environment,revised,s4_r,0.4641180634498596,0.83956474
50,center,0.14791136980056763,environment,revised,s4_r,0.21197843551635742,0.83143246
51,center,0.0679938793182373,environment,revised,s4_r,0.47359228134155273,0.841718
52,right,0.05799025297164917,environment,revised,s4_r,0.20690536499023438,0.83687955
53,left,0.4482550024986267,environment,revised,s4_r,0.460171639919281,0.8497394
54,left,0.29293370246887207,environment,revised,s4_r,0.26846325397491455,0.83734345
55,left,0.27623873949050903,environment,revised,s4_r,0.3261927366256714,0.82224566
56,center,0.06834763288497925,environment,revised,s4_r,0.18328529596328735,0.8262906
57,right,0.05026644468307495,environment,revised,s4_r,0.17662423849105835,0.8228079
58,left,0.1720486283302307,environment,revised,s4_r,0.10923010110855103,0.84696734
59,left,0.09614700078964233,environment,revised,s4_r,0.25237536430358887,0.84494144
60,left,0.4790192246437073,environment,revised,s4_r,0.29011106491088867,0.82792455
61,left,0.07716751098632812,environment,revised,s4_r,0.14054924249649048,0.8138518
62,center,0.13803410530090332,environment,revised,s4_r,0.13226139545440674,0.8490365
63,right,0.15297824144363403,environment,revised,s4_r,0.2234656810760498,0.8342805
64,center,0.09674245119094849,environment,revised,s4_r,0.21824419498443604,0.8418042
65,center,0.2787010669708252,environment,revised,s4_r,0.19485056400299072,0.82458246
66,right,0.1974480152130127,environment,revised,s4_r,0.4186983108520508,0.8385485
67,right,0.41383928060531616,environment,revised,s4_r,0.18383079767227173,0.8213075
68,left,0.23372358083724976,environment,revised,s4_r,0.26107144355773926,0.8373251
69,right,0.29166704416275024,environment,revised,s4_r,0.26844650506973267,0.8431037
70,right,0.4489086866378784,environment,revised,s4_r,0.3020820617675781,0.8546444
71,right,0.25588494539260864,environment,revised,s4_r,0.2401813268661499,0.8324847
72,center,0.16692161560058594,environment,revised,s4_r,0.2996104955673218,0.8416762
73,center,0.06059473752975464,environment,revised,s4_r,0.038152337074279785,0.87569827
74,left,0.1745833158493042,environment,revised,s4_r,0.4323732256889343,0.8121883
75,center,0.10813397169113159,environment,revised,s4_r,0.19265246391296387,0.82519823
76,right,0.12250649929046631,environment,revised,s4_r,0.32058805227279663,0.8405262
77,left,0.26165032386779785,environment,revised,s4_r,0.18134617805480957,0.82071245
78,left,0.37883710861206055,environment,revised,s4_r,0.4126994013786316,0.83265996
79,center,0.113741934299469,environment,revised,s4_r,0.4822222590446472,0.8468837
80,left,0.080574631690979,environment,revised,s4_r,0.20365148782730103,0.8124115
81,left,0.06796610355377197,environment,revised,s4_r,0.08642709255218506,0.848955
82,left,0.09719544649124146,environment,revised,s4_r,0.14463895559310913,0.8299875
83,left,0.49587488174438477,environment,revised,s4_r,0.4738524556159973,0.8230372
84,center,0.26740962266921997,environment,revised,s4_r,0.28577709197998047,0.824
85,center,0.20108604431152344,environment,revised,s4_r,0.15181118249893188,0.8496397
86,right,0.3021204471588135,environment,revised,s4_r,0.49680817127227783,0.84924126
87,center,0.10048353672027588,environment,revised,s4_r,0.07773172855377197,0.85380405
88,center,0.05324745178222656,environment,revised,s4_r,0.2475995421409607,0.81056404
89,left,0.07211947441101074,environment,revised,s4_r,0.1782376766204834,0.8245031
90,center,0.10402911901473999,environment,revised,s4_r,0.15643370151519775,0.82121825
91,right,0.4284014105796814,environment,revised,s4_r,0.27911168336868286,0.82574964
92,center,0.14118337631225586,environment,revised,s4_r,0.17336857318878174,0.8330574
93,center,0.3763214945793152,environment,revised,s4_r,0.19711923599243164,0.83247703
94,center,0.06782430410385132,environment,revised,s4_r,0.26641082763671875,0.8537563
95,left,0.33765727281570435,environment,revised,s4_r,0.3002278208732605,0.81548035
96,center,0.2813325524330139,environment,revised,s4_r,0.20336145162582397,0.8400654
97,left,0.13862085342407227,environment,revised,s4_r,0.20365941524505615,0.8291745
98,left,0.12550902366638184,environment,revised,s4_r,0.34988367557525635,0.83755577
99,right,0.11097270250320435,environment,revised,s4_r,0.4040999412536621,0.8376404
100,left,0.3126957416534424,environment,revised,s4_r,0.16186821460723877,0.8257992
101,center,0.09370046854019165,environment,revised,s4_r,0.15826529264450073,0.83963025
102,right,0.2376551628112793,environment,revised,s4_r,0.22279125452041626,0.8268136
103,center,0.07509011030197144,environment,revised,s4_r,0.45732223987579346,0.8384933
104,right,0.1786378026008606,environment,revised,s4_r,0.25747251510620117,0.83216804
105,center,0.2303047776222229,environment,revised,s4_r,0.4754083752632141,0.817881
106,left,0.22955161333084106,environment,revised,s4_r,0.35848402976989746,0.83553207
107,center,0.07481318712234497,environment,revised,s4_r,0.12288141250610352,0.83874464
108,right,0.24490642547607422,environment,revised,s4_r,0.3276755213737488,0.8237704
109,right,0.28635430335998535,environment,revised,s4_r,0.4561271667480469,0.8505773
110,center,0.1269516944885254,environment,revised,s4_r,0.20111209154129028,0.83655995
111,right,0.16560876369476318,environment,revised,s4_r,0.49697017669677734,0.8488313
112,right,0.3364863395690918,environment,revised,s4_r,0.29286426305770874,0.8300762
113,left,0.08330202102661133,environment,revised,s4_r,0.1751086711883545,0.8471119
114,left,0.0950392484664917,environment,revised,s4_r,0.18118637800216675,0.8231284
115,right,0.13426953554153442,environment,revised,s4_r,0.2808848023414612,0.86441064
116,right,0.4989401698112488,environment,revised,s4_r,0.14548778533935547,0.8273671
117,center,0.1409408450126648,environment,revised,s4_r,0.2051466703414917,0.82995903
118,left,0.1594948172569275,environment,revised,s4_r,0.23347997665405273,0.83646935
119,left,0.302085280418396,environment,revised,s4_r,0.26244932413101196,0.8316937
120,center,0.09165579080581665,environment,revised,s4_r,0.1051713228225708,0.86642015
121,right,0.11864179372787476,environment,revised,s4_r,0.29596757888793945,0.8456633
122,right,0.17138683795928955,environment,revised,s4_r,0.07784408330917358,0.83289814
123,left,0.1838669776916504,environment,revised,s4_r,0.2778726816177368,0.82149804
124,right,0.22821545600891113,environment,revised,s4_r,0.2717157006263733,0.835073
125,center,0.06225848197937012,environment,revised,s4_r,0.0626116394996643,0.85864747
126,left,0.09563565254211426,environment,revised,s4_r,0.2564921975135803,0.8373953
127,left,0.11699920892715454,environment,revised,s4_r,0.24176722764968872,0.8414899
128,right,0.1340917944908142,environment,revised,s4_r,0.33731943368911743,0.8386496
129,center,0.05235260725021362,environment,revised,s4_r,0.16916722059249878,0.8165491
130,right,0.2131866216659546,environment,revised,s4_r,0.38292092084884644,0.84963554
131,left,0.13482969999313354,environment,revised,s4_r,0.14346730709075928,0.83507675
132,center,0.10969829559326172,environment,revised,s4_r,0.18386483192443848,0.82976454
133,right,0.270244836807251,environment,revised,s4_r,0.41970527172088623,0.8332668
134,right,0.22631299495697021,environment,revised,s4_r,0.4520512819290161,0.8728435
135,center,0.20298415422439575,environment,revised,s4_r,0.2663039565086365,0.8378004
136,right,0.20214396715164185,environment,revised,s4_r,0.25094664096832275,0.8331675
137,left,0.07323312759399414,environment,revised,s4_r,0.21518421173095703,0.8310175
138,left,0.11892586946487427,environment,revised,s4_r,0.18338072299957275,0.83059007
139,left,0.06116175651550293,environment,revised,s4_r,0.16772425174713135,0.84199643
140,left,0.10346513986587524,environment,revised,s4_r,0.4361114501953125,0.83780104
141,right,0.2263779640197754,environment,revised,s4_r,0.44052910804748535,0.85453004
142,center,0.13302546739578247,environment,revised,s4_r,0.18949401378631592,0.8427056
143,right,0.04420047998428345,environment,revised,s4_r,0.29700517654418945,0.8272087
144,center,0.04858583211898804,environment,revised,s4_r,0.08508455753326416,0.8500259
145,left,0.09737163782119751,environment,revised,s4_r,0.3060155510902405,0.8372275
146,right,0.04960352182388306,environment,revised,s4_r,0.03702932596206665,0.84437084
147,left,0.06383466720581055,environment,revised,s4_r,0.16932696104049683,0.8529931
148,center,0.4886779189109802,environment,revised,s4_r,0.37516868114471436,0.84551454
149,center,0.14171379804611206,environment,revised,s4_r,0.19850575923919678,0.8213805
0,center,0.047822773456573486,environment,revised,s5_r,0.06438404321670532,0.868887
1,right,0.28468918800354004,environment,revised,s5_r,0.2595997452735901,0.848672
2,right,0.12153714895248413,environment,revised,s5_r,0.07329386472702026,0.860442
3,center,0.09657919406890869,environment,revised,s5_r,0.1506204605102539,0.8547914
4,left,0.24157869815826416,environment,revised,s5_r,0.1433505415916443,0.85254955
5,right,0.2881903648376465,environment,revised,s5_r,0.26538002490997314,0.84339315
6,right,0.22390615940093994,environment,revised,s5_r,0.2606128454208374,0.84159213
7,right,0.14021968841552734,environment,revised,s5_r,0.048573315143585205,0.8798403
8,left,0.431024968624115,environment,revised,s5_r,0.37064605951309204,0.85192275
9,center,0.09588378667831421,environment,revised,s5_r,0.06529146432876587,0.8396495
10,left,0.48350977897644043,environment,revised,s5_r,0.17055094242095947,0.8375574
11,right,0.4155300259590149,environment,revised,s5_r,0.08737492561340332,0.83572197
12,left,0.4778538942337036,environment,revised,s5_r,0.37508058547973633,0.84446174
13,left,0.048880696296691895,environment,revised,s5_r,0.03409498929977417,0.83984894
14,left,0.11566615104675293,environment,revised,s5_r,0.14856946468353271,0.84101266
15,right,0.22035813331604004,environment,revised,s5_r,0.2585195302963257,0.8777628
16,right,0.07661491632461548,environment,revised,s5_r,0.04503798484802246,0.8741242
17,right,0.4294080138206482,environment,revised,s5_r,0.3435770869255066,0.8408487
18,left,0.2925231456756592,environment,revised,s5_r,0.18289703130722046,0.85752827
19,center,0.09907388687133789,environment,revised,s5_r,0.1988140344619751,0.8466672
20,left,0.21762895584106445,environment,revised,s5_r,0.2754793167114258,0.8459388
21,right,0.42539530992507935,environment,revised,s5_r,0.2769591212272644,0.84320444
22,right,0.21311664581298828,environment,revised,s5_r,0.12017536163330078,0.8509406
23,center,0.4684016704559326,environment,revised,s5_r,0.32926231622695923,0.8343143
24,center,0.06323719024658203,environment,revised,s5_r,0.06168001890182495,0.8610562
25,center,0.07530057430267334,environment,revised,s5_r,0.0664331316947937,0.8856267
26,right,0.06674128770828247,environment,revised,s5_r,0.08511710166931152,0.8697254
27,left,0.12125903367996216,environment,revised,s5_r,0.21661317348480225,0.8448874
28,center,0.12658995389938354,environment,revised,s5_r,0.11232882738113403,0.84690577
29,right,0.21217334270477295,environment,revised,s5_r,0.2105587124824524,0.86869484
30,center,0.09344357252120972,environment,revised,s5_r,0.08071720600128174,0.8697661
31,right,0.25095874071121216,environment,revised,s5_r,0.2363898754119873,0.834914
32,left,0.4854732155799866,environment,revised,s5_r,0.11900395154953003,0.86006576
33,right,0.10741883516311646,environment,revised,s5_r,0.13260716199874878,0.8531566
34,right,0.28350013494491577,environment,revised,s5_r,0.20151042938232422,0.8768092
35,center,0.09471970796585083,environment,revised,s5_r,0.16891366243362427,0.86149967
36,center,0.08929020166397095,environment,revised,s5_r,0.1336650252342224,0.8668895
37,right,0.0910792350769043,environment,revised,s5_r,0.05594038963317871,0.85379195
38,center,0.11275899410247803,environment,revised,s5_r,0.11227405071258545,0.8633254
39,right,0.27116531133651733,environment,revised,s5_r,0.18251758813858032,0.85445386
40,left,0.11064350605010986,environment,revised,s5_r,0.04525023698806763,0.8689639
41,center,0.14157378673553467,environment,revised,s5_r,0.17516136169433594,0.84663284
42,left,0.28487688302993774,environment,revised,s5_r,0.24790233373641968,0.83365846
43,left,0.21037185192108154,environment,revised,s5_r,0.1228322982788086,0.8559682
44,center,0.08513116836547852,environment,revised,s5_r,0.0706474781036377,0.86927754
45,left,0.10157662630081177,environment,revised,s5_r,0.21412408351898193,0.85400873
46,center,0.08134925365447998,environment,revised,s5_r,0.04305529594421387,0.8702942
47,right,0.1564176082611084,environment,revised,s5_r,0.13063669204711914,0.86484486
48,center,0.07049208879470825,environment,revised,s5_r,0.04877704381942749,0.8581854
49,left,0.4868057370185852,environment,revised,s5_r,0.36352086067199707,0.845269
50,center,0.14791136980056763,environment,revised,s5_r,0.11065322160720825,0.8503286
51,center,0.0679938793182373,environment,revised,s5_r,0.06511688232421875,0.8765887
52,right,0.05799025297164917,environment,revised,s5_r,0.10149770975112915,0.8779681
53,left,0.4482550024986267,environment,revised,s5_r,0.15848153829574585,0.8539085
54,left,0.29293370246887207,environment,revised,s5_r,0.49609631299972534,0.8647495
55,left,0.27623873949050903,environment,revised,s5_r,0.28080952167510986,0.8373267
56,center,0.06834763288497925,environment,revised,s5_r,0.05866658687591553,0.8523699
57,right,0.05026644468307495,environment,revised,s5_r,0.21577143669128418,0.8328817
58,left,0.1720486283302307,environment,revised,s5_r,0.2936720848083496,0.8465059
59,left,0.09614700078964233,environment,revised,s5_r,0.10508531332015991,0.8687238
60,left,0.4790192246437073,environment,revised,s5_r,0.23584091663360596,0.8376476
61,left,0.07716751098632812,environment,revised,s5_r,0.03362393379211426,0.8370506
62,center,0.13803410530090332,environment,revised,s5_r,0.12163454294204712,0.84241354
63,right,0.15297824144363403,environment,revised,s5_r,0.19766581058502197,0.8597838
64,center,0.09674245119094849,environment,revised,s5_r,0.08459943532943726,0.85696584
65,center,0.2787010669708252,environment,revised,s5_r,0.19016826152801514,0.8383592
66,right,0.1974480152130127,environment,revised,s5_r,0.49672478437423706,0.838567
67,right,0.41383928060531616,environment,revised,s5_r,0.2974349856376648,0.82613635
68,left,0.23372358083724976,environment,revised,s5_r,0.17797493934631348,0.84263664
69,right,0.29166704416275024,environment,revised,s5_r,0.07620584964752197,0.85571206
70,right,0.4489086866378784,environment,revised,s5_r,0.25060683488845825,0.87669235
71,right,0.25588494539260864,environment,revised,s5_r,0.2618517279624939,0.8385502
72,center,0.16692161560058594,environment,revised,s5_r,0.434104323387146,0.85154134
73,center,0.06059473752975464,environment,revised,s5_r,0.043175578117370605,0.87771237
74,left,0.1745833158493042,environment,revised,s5_r,0.2246679663658142,0.8250429
75,center,0.10813397169113159,environment,revised,s5_r,0.07309317588806152,0.84607935
76,right,0.12250649929046631,environment,revised,s5_r,0.2838503122329712,0.84113634
77,left,0.26165032386779785,environment,revised,s5_r,0.09732377529144287,0.8480303
78,left,0.37883710861206055,environment,revised,s5_r,0.36797696352005005,0.8481953
79,center,0.113741934299469,environment,revised,s5_r,0.22923165559768677,0.8765391
80,left,0.080574631690979,environment,revised,s5_r,0.0843503475189209,0.8297671
81,left,0.06796610355377197,environment,revised,s5_r,0.04096883535385132,0.8659793
82,left,0.09719544649124146,environment,revised,s5_r,0.19162875413894653,0.8417476
83,left,0.49587488174438477,environment,revised,s5_r,0.25219815969467163,0.84174967
84,center,0.26740962266921997,environment,revised,s5_r,0.21537476778030396,0.8325102
85,center,0.20108604431152344,environment,revised,s5_r,0.1941601037979126,0.8611113
86,right,0.3021204471588135,environment,revised,s5_r,0.27988332509994507,0.8597958
87,center,0.10048353672027588,environment,revised,s5_r,0.08710485696792603,0.8567792
88,center,0.05324745178222656,environment,revised,s5_r,0.0344579815864563,0.84686303
89,left,0.07211947441101074,environment,revised,s5_r,0.09797519445419312,0.8518122
90,center,0.10402911901473999,environment,revised,s5_r,0.14614588022232056,0.8299174
91,right,0.4284014105796814,environment,revised,s5_r,0.33090740442276,0.83320266
92,center,0.14118337631225586,environment,revised,s5_r,0.1522391438484192,0.84508395
93,center,0.3763214945793152,environment,revised,s5_r,0.20733672380447388,0.8338411
94,center,0.06782430410385132,environment,revised,s5_r,0.03743112087249756,0.8702924
95,left,0.33765727281570435,environment,revised,s5_r,0.3680003881454468,0.83076704
96,center,0.2813325524330139,environment,revised,s5_r,0.048265933990478516,0.8370482
97,left,0.13862085342407227,environment,revised,s5_r,0.09305727481842041,0.842192
98,left,0.12550902366638184,environment,revised,s5_r,0.059624552726745605,0.8813265
99,right,0.11097270250320435,environment,revised,s5_r,0.2694997191429138,0.85343033
100,left,0.3126957416534424,environment,revised,s5_r,0.11297601461410522,0.84534085
101,center,0.09370046854019165,environment,revised,s5_r,0.136572003364563,0.8595499
102,right,0.2376551628112793,environment,revised,s5_r,0.16102474927902222,0.8530495
103,center,0.07509011030197144,environment,revised,s5_r,0.2166159749031067,0.866933
104,right,0.1786378026008606,environment,revised,s5_r,0.4172322154045105,0.8389596
105,center,0.2303047776222229,environment,revised,s5_r,0.15254300832748413,0.83426046
106,left,0.22955161333084106,environment,revised,s5_r,0.13803458213806152,0.84645027
107,center,0.07481318712234497,environment,revised,s5_r,0.09667229652404785,0.8553617
108,right,0.24490642547607422,environment,revised,s5_r,0.1463521122932434,0.8633229
109,right,0.28635430335998535,environment,revised,s5_r,0.19135230779647827,0.84798443
110,center,0.1269516944885254,environment,revised,s5_r,0.09873420000076294,0.8560972
111,right,0.16560876369476318,environment,revised,s5_r,0.30421292781829834,0.87340474
112,right,0.3364863395690918,environment,revised,s5_r,0.19502967596054077,0.838324
113,left,0.08330202102661133,environment,revised,s5_r,0.092945396900177,0.8552735
114,left,0.0950392484664917,environment,revised,s5_r,0.05272018909454346,0.85548776
115,right,0.13426953554153442,environment,revised,s5_r,0.33173954486846924,0.8694525
116,right,0.4989401698112488,environment,revised,s5_r,0.33425217866897583,0.83948886
117,center,0.1409408450126648,environment,revised,s5_r,0.11756294965744019,0.8442776
118,left,0.1594948172569275,environment,revised,s5_r,0.2052505612373352,0.8545066
119,left,0.302085280418396,environment,revised,s5_r,0.18158596754074097,0.85222775
120,center,0.09165579080581665,environment,revised,s5_r,0.07111090421676636,0.8700991
121,right,0.11864179372787476,environment,revised,s5_r,0.11506694555282593,0.86125076
122,right,0.17138683795928955,environment,revised,s5_r,0.3894888162612915,0.8349193
123,left,0.1838669776916504,environment,revised,s5_r,0.15824675559997559,0.8403503
124,right,0.22821545600891113,environment,revised,s5_r,0.21058028936386108,0.8435429
125,center,0.06225848197937012,environment,revised,s5_r,0.04894399642944336,0.8659054
126,left,0.09563565254211426,environment,revised,s5_r,0.09880238771438599,0.8649843
127,left,0.11699920892715454,environment,revised,s5_r,0.4040878415107727,0.847205
128,right,0.1340917944908142,environment,revised,s5_r,0.0917363166809082,0.8705925
129,center,0.05235260725021362,environment,revised,s5_r,0.036064326763153076,0.8434934
130,right,0.2131866216659546,environment,revised,s5_r,0.09537613391876221,0.8581228
131,left,0.13482969999313354,environment,revised,s5_r,0.06180727481842041,0.85862005
132,center,0.10969829559326172,environment,revised,s5_r,0.08523678779602051,0.84243906
133,right,0.270244836807251,environment,revised,s5_r,0.18526828289031982,0.8461793
134,right,0.22631299495697021,environment,revised,s5_r,0.13528847694396973,0.8960944
135,center,0.20298415422439575,environment,revised,s5_r,0.05733680725097656,0.8522479
136,right,0.20214396715164185,environment,revised,s5_r,0.23423141241073608,0.84816194
137,left,0.07323312759399414,environment,revised,s5_r,0.3091392517089844,0.83158076
138,left,0.11892586946487427,environment,revised,s5_r,0.07453411817550659,0.8565103
139,left,0.06116175651550293,environment,revised,s5_r,0.03457963466644287,0.8877363
140,left,0.10346513986587524,environment,revised,s5_r,0.09026825428009033,0.87047136
141,right,0.2263779640197754,environment,revised,s5_r,0.2355615496635437,0.86843383
142,center,0.13302546739578247,environment,revised,s5_r,0.06684684753417969,0.8479973
143,right,0.04420047998428345,environment,revised,s5_r,0.32306987047195435,0.82749474
144,center,0.04858583211898804,environment,revised,s5_r,0.03908580541610718,0.866906
145,left,0.09737163782119751,environment,revised,s5_r,0.04916626214981079,0.85731494
146,right,0.04960352182388306,environment,revised,s5_r,0.03640878200531006,0.8514109
147,left,0.06383466720581055,environment,revised,s5_r,0.08131355047225952,0.881019
148,center,0.4886779189109802,environment,revised,s5_r,0.4923362731933594,0.86358154
149,center,0.14171379804611206,environment,revised,s5_r,0.14499306678771973,0.843421
0,center,0.047822773456573486,environment,revised,s5_adv,0.05945098400115967,0.8694506
1,right,0.28468918800354004,environment,revised,s5_adv,0.3269503712654114,0.8417668
2,right,0.12153714895248413,environment,revised,s5_adv,0.09455358982086182,0.85925907
3,center,0.09657919406890869,environment,revised,s5_adv,0.10236197710037231,0.8504612
4,left,0.24157869815826416,environment,revised,s5_adv,0.26175129413604736,0.85055
5,right,0.2881903648376465,environment,revised,s5_adv,0.3094867467880249,0.8249958
6,right,0.22390615940093994,environment,revised,s5_adv,0.26790106296539307,0.8424559
7,right,0.14021968841552734,environment,revised,s5_adv,0.041526198387145996,0.86883557
8,left,0.431024968624115,environment,revised,s5_adv,0.2397240400314331,0.83895314
9,center,0.09588378667831421,environment,revised,s5_adv,0.20813286304473877,0.8466273
10,left,0.48350977897644043,environment,revised,s5_adv,0.18496638536453247,0.8355766
11,right,0.4155300259590149,environment,revised,s5_adv,0.15591883659362793,0.8318586
12,left,0.4778538942337036,environment,revised,s5_adv,0.326082706451416,0.8558416
13,left,0.048880696296691895,environment,revised,s5_adv,0.03538292646408081,0.8361852
14,left,0.11566615104675293,environment,revised,s5_adv,0.14464950561523438,0.8409877
15,right,0.22035813331604004,environment,revised,s5_adv,0.2818009853363037,0.8611578
16,right,0.07661491632461548,environment,revised,s5_adv,0.05072987079620361,0.86769825
17,right,0.4294080138206482,environment,revised,s5_adv,0.3128699064254761,0.84711576
18,left,0.2925231456756592,environment,revised,s5_adv,0.1900845170021057,0.8503989
19,center,0.09907388687133789,environment,revised,s5_adv,0.2274763584136963,0.83841735
20,left,0.21762895584106445,environment,revised,s5_adv,0.23569375276565552,0.8414996
21,right,0.42539530992507935,environment,revised,s5_adv,0.4083537459373474,0.8368941
22,right,0.21311664581298828,environment,revised,s5_adv,0.2346632480621338,0.8406543
23,center,0.4684016704559326,environment,revised,s5_adv,0.4541166424751282,0.83485633
24,center,0.06323719024658203,environment,revised,s5_adv,0.06801599264144897,0.8481581
25,center,0.07530057430267334,environment,revised,s5_adv,0.09180158376693726,0.88073826
26,right,0.06674128770828247,environment,revised,s5_adv,0.09276145696640015,0.86687845
27,left,0.12125903367996216,environment,revised,s5_adv,0.4889373779296875,0.83107233
28,center,0.12658995389938354,environment,revised,s5_adv,0.19788014888763428,0.8420514
29,right,0.21217334270477295,environment,revised,s5_adv,0.26868605613708496,0.8701041
30,center,0.09344357252120972,environment,revised,s5_adv,0.09361064434051514,0.86450946
31,right,0.25095874071121216,environment,revised,s5_adv,0.27555209398269653,0.8221297
32,left,0.4854732155799866,environment,revised,s5_adv,0.46318352222442627,0.8445209
33,right,0.10741883516311646,environment,revised,s5_adv,0.11715936660766602,0.8469232
34,right,0.28350013494491577,environment,revised,s5_adv,0.32287830114364624,0.86147827
35,center,0.09471970796585083,environment,revised,s5_adv,0.2056698203086853,0.8449794
36,center,0.08929020166397095,environment,revised,s5_adv,0.10954028367996216,0.8600309
37,right,0.0910792350769043,environment,revised,s5_adv,0.05049961805343628,0.863308
38,center,0.11275899410247803,environment,revised,s5_adv,0.0665091872215271,0.87406856
39,right,0.27116531133651733,environment,revised,s5_adv,0.14289939403533936,0.8540132
40,left,0.11064350605010986,environment,revised,s5_adv,0.19755125045776367,0.84903485
41,center,0.14157378673553467,environment,revised,s5_adv,0.25698959827423096,0.82906395
42,left,0.28487688302993774,environment,revised,s5_adv,0.30683284997940063,0.8358728
43,left,0.21037185192108154,environment,revised,s5_adv,0.11759406328201294,0.8482853
44,center,0.08513116836547852,environment,revised,s5_adv,0.06602144241333008,0.8573525
45,left,0.10157662630081177,environment,revised,s5_adv,0.2592049241065979,0.8461397
46,center,0.08134925365447998,environment,revised,s5_adv,0.061331212520599365,0.87687135
47,right,0.1564176082611084,environment,revised,s5_adv,0.4137421250343323,0.83609825
48,center,0.07049208879470825,environment,revised,s5_adv,0.0552515983581543,0.85029155
49,left,0.4868057370185852,environment,revised,s5_adv,0.4648137092590332,0.8420071
50,center,0.14791136980056763,environment,revised,s5_adv,0.2227962613105774,0.8500577
51,center,0.0679938793182373,environment,revised,s5_adv,0.04084146022796631,0.86625344
52,right,0.05799025297164917,environment,revised,s5_adv,0.06718266010284424,0.8725046
53,left,0.4482550024986267,environment,revised,s5_adv,0.3334208130836487,0.8453676
54,left,0.29293370246887207,environment,revised,s5_adv,0.4506860375404358,0.8615402
55,left,0.27623873949050903,environment,revised,s5_adv,0.2598971724510193,0.82125014
56,center,0.06834763288497925,environment,revised,s5_adv,0.20000052452087402,0.8345586
57,right,0.05026644468307495,environment,revised,s5_adv,0.11196506023406982,0.8222297
58,left,0.1720486283302307,environment,revised,s5_adv,0.3495391607284546,0.8485728
59,left,0.09614700078964233,environment,revised,s5_adv,0.0784146785736084,0.8610868
60,left,0.4790192246437073,environment,revised,s5_adv,0.27534353733062744,0.83720297
61,left,0.07716751098632812,environment,revised,s5_adv,0.03620404005050659,0.8321331
62,center,0.13803410530090332,environment,revised,s5_adv,0.09882181882858276,0.8449742
63,right,0.15297824144363403,environment,revised,s5_adv,0.14227116107940674,0.8603619
64,center,0.09674245119094849,environment,revised,s5_adv,0.09813618659973145,0.8433257
65,center,0.2787010669708252,environment,revised,s5_adv,0.14863508939743042,0.82681024
66,right,0.1974480152130127,environment,revised,s5_adv,0.3106956481933594,0.8354876
67,right,0.41383928060531616,environment,revised,s5_adv,0.39345574378967285,0.83092475
68,left,0.23372358083724976,environment,revised,s5_adv,0.2521705627441406,0.8368909
69,right,0.29166704416275024,environment,revised,s5_adv,0.17316365242004395,0.8530571
70,right,0.4489086866378784,environment,revised,s5_adv,0.31068313121795654,0.8639382
71,right,0.25588494539260864,environment,revised,s5_adv,0.4719303846359253,0.8414619
72,center,0.16692161560058594,environment,revised,s5_adv,0.30528128147125244,0.84132475
73,center,0.06059473752975464,environment,revised,s5_adv,0.039634525775909424,0.86467713
74,left,0.1745833158493042,environment,revised,s5_adv,0.15044528245925903,0.81775165
75,center,0.10813397169113159,environment,revised,s5_adv,0.09429019689559937,0.8401153
76,right,0.12250649929046631,environment,revised,s5_adv,0.39423906803131104,0.8407472
77,left,0.26165032386779785,environment,revised,s5_adv,0.10204148292541504,0.83113605
78,left,0.37883710861206055,environment,revised,s5_adv,0.08877182006835938,0.84841245
79,center,0.113741934299469,environment,revised,s5_adv,0.23290324211120605,0.86938995
80,left,0.080574631690979,environment,revised,s5_adv,0.1324949860572815,0.82103974
81,left,0.06796610355377197,environment,revised,s5_adv,0.09384506940841675,0.8427041
82,left,0.09719544649124146,environment,revised,s5_adv,0.28888773918151855,0.8366764
83,left,0.49587488174438477,environment,revised,s5_adv,0.3921084403991699,0.83340603
84,center,0.26740962266921997,environment,revised,s5_adv,0.2497802972793579,0.8194171
85,center,0.20108604431152344,environment,revised,s5_adv,0.101878821849823,0.8506655
86,right,0.3021204471588135,environment,revised,s5_adv,0.3574172258377075,0.85363716
87,center,0.10048353672027588,environment,revised,s5_adv,0.05641907453536987,0.8563827
88,center,0.05324745178222656,environment,revised,s5_adv,0.034892737865448,0.8404678
89,left,0.07211947441101074,environment,revised,s5_adv,0.20420652627944946,0.8578697
90,center,0.10402911901473999,environment,revised,s5_adv,0.08311694860458374,0.83387053
91,right,0.4284014105796814,environment,revised,s5_adv,0.25065016746520996,0.82352424
92,center,0.14118337631225586,environment,revised,s5_adv,0.13877004384994507,0.8438929
93,center,0.3763214945793152,environment,revised,s5_adv,0.16264164447784424,0.8247078
94,center,0.06782430410385132,environment,revised,s5_adv,0.039368510246276855,0.87012684
95,left,0.33765727281570435,environment,revised,s5_adv,0.3401263356208801,0.8113376
96,center,0.2813325524330139,environment,revised,s5_adv,0.12120777368545532,0.82507414
97,left,0.13862085342407227,environment,revised,s5_adv,0.07091182470321655,0.8277111
98,left,0.12550902366638184,environment,revised,s5_adv,0.24477624893188477,0.86598706
99,right,0.11097270250320435,environment,revised,s5_adv,0.20003509521484375,0.8392065
100,left,0.3126957416534424,environment,revised,s5_adv,0.07220470905303955,0.84578484
101,center,0.09370046854019165,environment,revised,s5_adv,0.1782802939414978,0.8546033
102,right,0.2376551628112793,environment,revised,s5_adv,0.41057252883911133,0.85387087
103,center,0.07509011030197144,environment,revised,s5_adv,0.26521027088165283,0.85821533
104,right,0.1786378026008606,environment,revised,s5_adv,0.38262706995010376,0.8341073
105,center,0.2303047776222229,environment,revised,s5_adv,0.15094512701034546,0.829655
106,left,0.22955161333084106,environment,revised,s5_adv,0.17120492458343506,0.834236
107,center,0.07481318712234497,environment,revised,s5_adv,0.04426288604736328,0.84722674
108,right,0.24490642547607422,environment,revised,s5_adv,0.1397072672843933,0.85967207
109,right,0.28635430335998535,environment,revised,s5_adv,0.29905223846435547,0.8435472
110,center,0.1269516944885254,environment,revised,s5_adv,0.10423815250396729,0.86027384
111,right,0.16560876369476318,environment,revised,s5_adv,0.2666647434234619,0.86184067
112,right,0.3364863395690918,environment,revised,s5_adv,0.29142236709594727,0.84262663
113,left,0.08330202102661133,environment,revised,s5_adv,0.05909758806228638,0.861652
114,left,0.0950392484664917,environment,revised,s5_adv,0.0644376277923584,0.84357816
115,right,0.13426953554153442,environment,revised,s5_adv,0.2853947877883911,0.85935265
116,right,0.4989401698112488,environment,revised,s5_adv,0.2539289593696594,0.8383532
117,center,0.1409408450126648,environment,revised,s5_adv,0.11299026012420654,0.8374226
118,left,0.1594948172569275,environment,revised,s5_adv,0.2524101734161377,0.8429511
119,left,0.302085280418396,environment,revised,s5_adv,0.21375983953475952,0.84593666
120,center,0.09165579080581665,environment,revised,s5_adv,0.06249469518661499,0.8735548
121,right,0.11864179372787476,environment,revised,s5_adv,0.14761883020401,0.8497019
122,right,0.17138683795928955,environment,revised,s5_adv,0.18066132068634033,0.8429035
123,left,0.1838669776916504,environment,revised,s5_adv,0.18893402814865112,0.83620965
124,right,0.22821545600891113,environment,revised,s5_adv,0.3892320990562439,0.83409834
125,center,0.06225848197937012,environment,revised,s5_adv,0.14009588956832886,0.8560856
126,left,0.09563565254211426,environment,revised,s5_adv,0.060447633266448975,0.8600492
127,left,0.11699920892715454,environment,revised,s5_adv,0.3260151147842407,0.84866077
128,right,0.1340917944908142,environment,revised,s5_adv,0.06456881761550903,0.8687755
129,center,0.05235260725021362,environment,revised,s5_adv,0.06694239377975464,0.8452538
130,right,0.2131866216659546,environment,revised,s5_adv,0.09977173805236816,0.85407794
131,left,0.13482969999313354,environment,revised,s5_adv,0.07005995512008667,0.8446725
132,center,0.10969829559326172,environment,revised,s5_adv,0.10402417182922363,0.84486806
133,right,0.270244836807251,environment,revised,s5_adv,0.3073387145996094,0.83532673
134,right,0.22631299495697021,environment,revised,s5_adv,0.07415485382080078,0.8827611
135,center,0.20298415422439575,environment,revised,s5_adv,0.21356284618377686,0.8450214
136,right,0.20214396715164185,environment,revised,s5_adv,0.26646900177001953,0.8429872
137,left,0.07323312759399414,environment,revised,s5_adv,0.29581862688064575,0.8406716
138,left,0.11892586946487427,environment,revised,s5_adv,0.04697239398956299,0.85548055
139,left,0.06116175651550293,environment,revised,s5_adv,0.03890126943588257,0.8887415
140,left,0.10346513986587524,environment,revised,s5_adv,0.4552990198135376,0.8449172
141,right,0.2263779640197754,environment,revised,s5_adv,0.2272639274597168,0.85763747
142,center,0.13302546739578247,environment,revised,s5_adv,0.18703752756118774,0.8469586
143,right,0.04420047998428345,environment,revised,s5_adv,0.1336488127708435,0.8216799
144,center,0.04858583211898804,environment,revised,s5_adv,0.05875086784362793,0.86632025
145,left,0.09737163782119751,environment,revised,s5_adv,0.07070833444595337,0.86239827
146,right,0.04960352182388306,environment,revised,s5_adv,0.03354233503341675,0.84426737
147,left,0.06383466720581055,environment,revised,s5_adv,0.09195023775100708,0.8581263
148,center,0.4886779189109802,environment,revised,s5_adv,0.4419093728065491,0.85021466
149,center,0.14171379804611206,environment,revised,s5_adv,0.1366671919822693,0.84095514
0,center,0.047822773456573486,environment,revised,s6_r,0.05546832084655762,0.8422507
1,right,0.28468918800354004,environment,revised,s6_r,0.35568833351135254,0.8352682
2,right,0.12153714895248413,environment,revised,s6_r,0.15985840559005737,0.83840346
3,center,0.09657919406890869,environment,revised,s6_r,0.2714751362800598,0.8356012
4,left,0.24157869815826416,environment,revised,s6_r,0.18652105331420898,0.84138066
5,right,0.2881903648376465,environment,revised,s6_r,0.4953737258911133,0.824118
6,right,0.22390615940093994,environment,revised,s6_r,0.13541358709335327,0.8392735
7,right,0.14021968841552734,environment,revised,s6_r,0.10539108514785767,0.8543958
8,left,0.431024968624115,environment,revised,s6_r,0.18575149774551392,0.8282179
9,center,0.09588378667831421,environment,revised,s6_r,0.05481141805648804,0.8324195
10,left,0.48350977897644043,environment,revised,s6_r,0.4348334074020386,0.8246317
11,right,0.4155300259590149,environment,revised,s6_r,0.4280516505241394,0.82508224
12,left,0.4778538942337036,environment,revised,s6_r,0.30753952264785767,0.83179957
13,left,0.048880696296691895,environment,revised,s6_r,0.11244046688079834,0.8093507
14,left,0.11566615104675293,environment,revised,s6_r,0.2956457734107971,0.83735657
15,right,0.22035813331604004,environment,revised,s6_r,0.25242966413497925,0.86131984
16,right,0.07661491632461548,environment,revised,s6_r,0.2249625325202942,0.8399592
17,right,0.4294080138206482,environment,revised,s6_r,0.2635349631309509,0.81963843
18,left,0.2925231456756592,environment,revised,s6_r,0.23628228902816772,0.8276213
19,center,0.09907388687133789,environment,revised,s6_r,0.31523287296295166,0.84614897
20,left,0.21762895584106445,environment,revised,s6_r,0.10942012071609497,0.8257084
21,right,0.42539530992507935,environment,revised,s6_r,0.2186397910118103,0.82576483
22,right,0.21311664581298828,environment,revised,s6_r,0.28969651460647583,0.83533406
23,center,0.4684016704559326,environment,revised,s6_r,0.35582709312438965,0.8324559
24,center,0.06323719024658203,environment,revised,s6_r,0.12524104118347168,0.84590715
25,center,0.07530057430267334,environment,revised,s6_r,0.04763823747634888,0.8536358
26,right,0.06674128770828247,environment,revised,s6_r,0.23265314102172852,0.8481735
27,left,0.12125903367996216,environment,revised,s6_r,0.3111463189125061,0.8275186
28,center,0.12658995389938354,environment,revised,s6_r,0.49866944551467896,0.8462463
29,right,0.21217334270477295,environment,revised,s6_r,0.247275710105896,0.84955305
30,center,0.09344357252120972,environment,revised,s6_r,0.36528730392456055,0.83910865
31,right,0.25095874071121216,environment,revised,s6_r,0.45648711919784546,0.82738394
32,left,0.4854732155799866,environment,revised,s6_r,0.20188361406326294,0.83390677
33,right,0.10741883516311646,environment,revised,s6_r,0.14256906509399414,0.8498072
34,right,0.28350013494491577,environment,revised,s6_r,0.18099701404571533,0.8323012
35,center,0.09471970796585083,environment,revised,s6_r,0.19975298643112183,0.8440657
36,center,0.08929020166397095,environment,revised,s6_r,0.337249755859375,0.86359733
37,right,0.0910792350769043,environment,revised,s6_r,0.06181895732879639,0.8417142
38,center,0.11275899410247803,environment,revised,s6_r,0.2794880270957947,0.84730774
39,right,0.27116531133651733,environment,revised,s6_r,0.4014367461204529,0.8447344
40,left,0.11064350605010986,environment,revised,s6_r,0.10977303981781006,0.83815056
41,center,0.14157378673553467,environment,revised,s6_r,0.32508784532546997,0.8256058
42,left,0.28487688302993774,environment,revised,s6_r,0.35325801372528076,0.82366544
43,left,0.21037185192108154,environment,revised,s6_r,0.1527072787284851,0.8350334
44,center,0.08513116836547852,environment,revised,s6_r,0.17775952816009521,0.8581989
45,left,0.10157662630081177,environment,revised,s6_r,0.26169031858444214,0.84972674
46,center,0.08134925365447998,environment,revised,s6_r,0.2323325276374817,0.83792585
47,right,0.1564176082611084,environment,revised,s6_r,0.3908522129058838,0.835609
48,center,0.07049208879470825,environment,revised,s6_r,0.0438801646232605,0.8413964
49,left,0.4868057370185852,environment,revised,s6_r,0.44048213958740234,0.8353195
50,center,0.14791136980056763,environment,revised,s6_r,0.217681884765625,0.8478198
51,center,0.0679938793182373,environment,revised,s6_r,0.06638491153717041,0.85838073
52,right,0.05799025297164917,environment,revised,s6_r,0.36750882863998413,0.8516308
53,left,0.4482550024986267,environment,revised,s6_r,0.26524317264556885,0.84291214
54,left,0.29293370246887207,environment,revised,s6_r,0.263624370098114,0.8490964
55,left,0.27623873949050903,environment,revised,s6_r,0.26371335983276367,0.8175506
56,center,0.06834763288497925,environment,revised,s6_r,0.07706528902053833,0.83239263
57,right,0.05026644468307495,environment,revised,s6_r,0.19130682945251465,0.82081366
58,left,0.1720486283302307,environment,revised,s6_r,0.2165466547012329,0.8489011
59,left,0.09614700078964233,environment,revised,s6_r,0.15393036603927612,0.8626606
60,left,0.4790192246437073,environment,revised,s6_r,0.22036033868789673,0.8348417
61,left,0.07716751098632812,environment,revised,s6_r,0.08549869060516357,0.8199122
62,center,0.13803410530090332,environment,revised,s6_r,0.11026006937026978,0.8351118
63,right,0.15297824144363403,environment,revised,s6_r,0.19015061855316162,0.85786855
64,center,0.09674245119094849,environment,revised,s6_r,0.1412951946258545,0.83928734
65,center,0.2787010669708252,environment,revised,s6_r,0.16451972723007202,0.81719625
66,right,0.1974480152130127,environment,revised,s6_r,0.3800531029701233,0.83849245
67,right,0.41383928060531616,environment,revised,s6_r,0.32703518867492676,0.83079195
68,left,0.23372358083724976,environment,revised,s6_r,0.08922863006591797,0.8380938
69,right,0.29166704416275024,environment,revised,s6_r,0.2842257618904114,0.8280259
70,right,0.4489086866378784,environment,revised,s6_r,0.3245825171470642,0.85972357
71,right,0.25588494539260864,environment,revised,s6_r,0.3254266381263733,0.8305349
72,center,0.16692161560058594,environment,revised,s6_r,0.3020364046096802,0.846663
73,center,0.06059473752975464,environment,revised,s6_r,0.061521708965301514,0.8564443
74,left,0.1745833158493042,environment,revised,s6_r,0.2516917586326599,0.8115156
75,center,0.10813397169113159,environment,revised,s6_r,0.20996791124343872,0.8308715
76,right,0.12250649929046631,environment,revised,s6_r,0.33532875776290894,0.8434963
77,left,0.26165032386779785,environment,revised,s6_r,0.08163446187973022,0.83035094
78,left,0.37883710861206055,environment,revised,s6_r,0.28886938095092773,0.82269967
79,center,0.113741934299469,environment,revised,s6_r,0.24806606769561768,0.84821695
80,left,0.080574631690979,environment,revised,s6_r,0.12927734851837158,0.815621
81,left,0.06796610355377197,environment,revised,s6_r,0.048735618591308594,0.83232313
82,left,0.09719544649124146,environment,revised,s6_r,0.2725597023963928,0.8289239
83,left,0.49587488174438477,environment,revised,s6_r,0.4929806590080261,0.8222196
84,center,0.26740962266921997,environment,revised,s6_r,0.17719459533691406,0.81880647
85,center,0.20108604431152344,environment,revised,s6_r,0.13582348823547363,0.8459861
86,right,0.3021204471588135,environment,revised,s6_r,0.391460657119751,0.8430148
87,center,0.10048353672027588,environment,revised,s6_r,0.11973309516906738,0.84951645
88,center,0.05324745178222656,environment,revised,s6_r,0.09969526529312134,0.80222636
89,left,0.07211947441101074,environment,revised,s6_r,0.08634036779403687,0.8346874
90,center,0.10402911901473999,environment,revised,s6_r,0.05943655967712402,0.8335285
91,right,0.4284014105796814,environment,revised,s6_r,0.3833455443382263,0.82328695
92,center,0.14118337631225586,environment,revised,s6_r,0.10398107767105103,0.8449113
93,center,0.3763214945793152,environment,revised,s6_r,0.1165429949760437,0.81824285
94,center,0.06782430410385132,environment,revised,s6_r,0.45294785499572754,0.85417336
95,left,0.33765727281570435,environment,revised,s6_r,0.22579187154769897,0.8171826
96,center,0.2813325524330139,environment,revised,s6_r,0.4291394352912903,0.82149684
97,left,0.13862085342407227,environment,revised,s6_r,0.14215147495269775,0.83104646
98,left,0.12550902366638184,environment,revised,s6_r,0.35123056173324585,0.83393323
99,right,0.11097270250320435,environment,revised,s6_r,0.2799624800682068,0.8327711
100,left,0.3126957416534424,environment,revised,s6_r,0.13300073146820068,0.8326239
101,center,0.09370046854019165,environment,revised,s6_r,0.2865666151046753,0.8290366
102,right,0.2376551628112793,environment,revised,s6_r,0.3530917763710022,0.840816
103,center,0.07509011030197144,environment,revised,s6_r,0.48855000734329224,0.8469873
104,right,0.1786378026008606,environment,revised,s6_r,0.4783228635787964,0.83896774
105,center,0.2303047776222229,environment,revised,s6_r,0.18690842390060425,0.82352227
106,left,0.22955161333084106,environment,revised,s6_r,0.18885266780853271,0.83673847
107,center,0.07481318712234497,environment,revised,s6_r,0.07152891159057617,0.8457614
108,right,0.24490642547607422,environment,revised,s6_r,0.22002655267715454,0.8378096
109,right,0.28635430335998535,environment,revised,s6_r,0.2174084186553955,0.8457573
110,center,0.1269516944885254,environment,revised,s6_r,0.1284598708152771,0.83774805
111,right,0.16560876369476318,environment,revised,s6_r,0.22255712747573853,0.8405641
112,right,0.3364863395690918,environment,revised,s6_r,0.36401963233947754,0.8237882
113,left,0.08330202102661133,environment,revised,s6_r,0.04669708013534546,0.8484805
114,left,0.0950392484664917,environment,revised,s6_r,0.19683676958084106,0.83200777
115,right,0.13426953554153442,environment,revised,s6_r,0.23921632766723633,0.85937595
116,right,0.4989401698112488,environment,revised,s6_r,0.16563457250595093,0.82963985
117,center,0.1409408450126648,environment,revised,s6_r,0.12555760145187378,0.85024464
118,left,0.1594948172569275,environment,revised,s6_r,0.22513294219970703,0.83516717
119,left,0.302085280418396,environment,revised,s6_r,0.41293615102767944,0.834764
120,center,0.09165579080581665,environment,revised,s6_r,0.44765704870224,0.8431899
121,right,0.11864179372787476,environment,revised,s6_r,0.49756377935409546,0.83710617
122,right,0.17138683795928955,environment,revised,s6_r,0.17930269241333008,0.8433345
123,left,0.1838669776916504,environment,revised,s6_r,0.34242677688598633,0.83202887
124,right,0.22821545600891113,environment,revised,s6_r,0.46513205766677856,0.8341763
125,center,0.06225848197937012,environment,revised,s6_r,0.048338353633880615,0.8667841
126,left,0.09563565254211426,environment,revised,s6_r,0.09252798557281494,0.84790915
127,left,0.11699920892715454,environment,revised,s6_r,0.3672904372215271,0.83514535
128,right,0.1340917944908142,environment,revised,s6_r,0.08359181880950928,0.86119694
129,center,0.05235260725021362,environment,revised,s6_r,0.04250168800354004,0.83229655
130,right,0.2131866216659546,environment,revised,s6_r,0.3815765976905823,0.84689456
131,left,0.13482969999313354,environment,revised,s6_r,0.19404590129852295,0.8361962
132,center,0.10969829559326172,environment,revised,s6_r,0.12499755620956421,0.8389232
133,right,0.270244836807251,environment,revised,s6_r,0.44183897972106934,0.83025753
134,right,0.22631299495697021,environment,revised,s6_r,0.23326557874679565,0.8729889
135,center,0.20298415422439575,environment,revised,s6_r,0.22132450342178345,0.85430264
136,right,0.20214396715164185,environment,revised,s6_r,0.1852598786354065,0.840161
137,left,0.07323312759399414,environment,revised,s6_r,0.29942041635513306,0.8463275
138,left,0.11892586946487427,environment,revised,s6_r,0.17770206928253174,0.8405748
139,left,0.06116175651550293,environment,revised,s6_r,0.26369303464889526,0.83683896
140,left,0.10346513986587524,environment,revised,s6_r,0.16811037063598633,0.85883975
141,right,0.2263779640197754,environment,revised,s6_r,0.2889787554740906,0.8349086
142,center,0.13302546739578247,environment,revised,s6_r,0.26947975158691406,0.8423451
143,right,0.04420047998428345,environment,revised,s6_r,0.17660117149353027,0.82189274
144,center,0.04858583211898804,environment,revised,s6_r,0.04757487773895264,0.8400078
145,left,0.09737163782119751,environment,revised,s6_r,0.29365968704223633,0.8320265
146,right,0.04960352182388306,environment,revised,s6_r,0.1395849585533142,0.8106384
147,left,0.06383466720581055,environment,revised,s6_r,0.08384871482849121,0.8557363
148,center,0.4886779189109802,environment,revised,s6_r,0.3602599501609802,0.8407564
149,center,0.14171379804611206,environment,revised,s6_r,0.11976486444473267,0.84218943
